run_id,x_mm,y_mm,z_mm,n_emitted,n_detected,efficiency
0,-4.95,-4.95,-4.95,50000,5308,0.10616
1,-4.95,-4.95,-4.5375000000000005,50000,5419,0.10838
2,-4.95,-4.95,-4.125,50000,5361,0.10722
3,-4.95,-4.95,-3.7125,50000,5409,0.10818
4,-4.95,-4.95,-3.3,50000,5610,0.1122
5,-4.95,-4.95,-2.8875,50000,5582,0.11164
6,-4.95,-4.95,-2.475,50000,5695,0.1139
7,-4.95,-4.95,-2.0625,50000,5570,0.1114
8,-4.95,-4.95,-1.65,50000,5472,0.10944
9,-4.95,-4.95,-1.2374999999999998,50000,5539,0.11078
10,-4.95,-4.95,-0.8250000000000002,50000,5746,0.11492
11,-4.95,-4.95,-0.4124999999999996,50000,5736,0.11472
12,-4.95,-4.95,0.0,50000,5691,0.11382
13,-4.95,-4.95,0.4125000000000005,50000,5634,0.11268
14,-4.95,-4.95,0.8250000000000002,50000,5626,0.11252
15,-4.95,-4.95,1.2375000000000007,50000,5716,0.11432
16,-4.95,-4.95,1.6500000000000004,50000,5509,0.11018
17,-4.95,-4.95,2.0625,50000,5660,0.1132
18,-4.95,-4.95,2.4750000000000005,50000,5494,0.10988
19,-4.95,-4.95,2.8875,50000,5636,0.11272
20,-4.95,-4.95,3.3,50000,5548,0.11096
21,-4.95,-4.95,3.712500000000001,50000,5502,0.11004
22,-4.95,-4.95,4.125000000000001,50000,5409,0.10818
23,-4.95,-4.95,4.5375000000000005,50000,5337,0.10674
24,-4.95,-4.95,4.95,50000,5335,0.1067
25,-4.95,-4.5375000000000005,-4.95,50000,5267,0.10534
26,-4.95,-4.5375000000000005,-4.5375000000000005,50000,5322,0.10644
27,-4.95,-4.5375000000000005,-4.125,50000,5383,0.10766
28,-4.95,-4.5375000000000005,-3.7125,50000,5476,0.10952
29,-4.95,-4.5375000000000005,-3.3,50000,5510,0.1102
30,-4.95,-4.5375000000000005,-2.8875,50000,5611,0.11222
31,-4.95,-4.5375000000000005,-2.475,50000,5592,0.11184
32,-4.95,-4.5375000000000005,-2.0625,50000,5731,0.11462
33,-4.95,-4.5375000000000005,-1.65,50000,5632,0.11264
34,-4.95,-4.5375000000000005,-1.2374999999999998,50000,5683,0.11366
35,-4.95,-4.5375000000000005,-0.8250000000000002,50000,5675,0.1135
36,-4.95,-4.5375000000000005,-0.4124999999999996,50000,5661,0.11322
37,-4.95,-4.5375000000000005,0.0,50000,5661,0.11322
38,-4.95,-4.5375000000000005,0.4125000000000005,50000,5635,0.1127
39,-4.95,-4.5375000000000005,0.8250000000000002,50000,5626,0.11252
40,-4.95,-4.5375000000000005,1.2375000000000007,50000,5489,0.10978
41,-4.95,-4.5375000000000005,1.6500000000000004,50000,5594,0.11188
42,-4.95,-4.5375000000000005,2.0625,50000,5605,0.1121
43,-4.95,-4.5375000000000005,2.4750000000000005,50000,5526,0.11052
44,-4.95,-4.5375000000000005,2.8875,50000,5621,0.11242
45,-4.95,-4.5375000000000005,3.3,50000,5522,0.11044
46,-4.95,-4.5375000000000005,3.712500000000001,50000,5508,0.11016
47,-4.95,-4.5375000000000005,4.125000000000001,50000,5433,0.10866
48,-4.95,-4.5375000000000005,4.5375000000000005,50000,5424,0.10848
49,-4.95,-4.5375000000000005,4.95,50000,5426,0.10852
50,-4.95,-4.125,-4.95,50000,5435,0.1087
51,-4.95,-4.125,-4.5375000000000005,50000,5416,0.10832
52,-4.95,-4.125,-4.125,50000,5453,0.10906
53,-4.95,-4.125,-3.7125,50000,5535,0.1107
54,-4.95,-4.125,-3.3,50000,5591,0.11182
55,-4.95,-4.125,-2.8875,50000,5565,0.1113
56,-4.95,-4.125,-2.475,50000,5596,0.11192
57,-4.95,-4.125,-2.0625,50000,5683,0.11366
58,-4.95,-4.125,-1.65,50000,5654,0.11308
59,-4.95,-4.125,-1.2374999999999998,50000,5670,0.1134
60,-4.95,-4.125,-0.8250000000000002,50000,5586,0.11172
61,-4.95,-4.125,-0.4124999999999996,50000,5584,0.11168
62,-4.95,-4.125,0.0,50000,5675,0.1135
63,-4.95,-4.125,0.4125000000000005,50000,5790,0.1158
64,-4.95,-4.125,0.8250000000000002,50000,5737,0.11474
65,-4.95,-4.125,1.2375000000000007,50000,5688,0.11376
66,-4.95,-4.125,1.6500000000000004,50000,5451,0.10902
67,-4.95,-4.125,2.0625,50000,5727,0.11454
68,-4.95,-4.125,2.4750000000000005,50000,5565,0.1113
69,-4.95,-4.125,2.8875,50000,5461,0.10922
70,-4.95,-4.125,3.3,50000,5516,0.11032
71,-4.95,-4.125,3.712500000000001,50000,5472,0.10944
72,-4.95,-4.125,4.125000000000001,50000,5475,0.1095
73,-4.95,-4.125,4.5375000000000005,50000,5402,0.10804
74,-4.95,-4.125,4.95,50000,5483,0.10966
75,-4.95,-3.7125,-4.95,50000,5399,0.10798
76,-4.95,-3.7125,-4.5375000000000005,50000,5459,0.10918
77,-4.95,-3.7125,-4.125,50000,5538,0.11076
78,-4.95,-3.7125,-3.7125,50000,5561,0.11122
79,-4.95,-3.7125,-3.3,50000,5600,0.112
80,-4.95,-3.7125,-2.8875,50000,5702,0.11404
81,-4.95,-3.7125,-2.475,50000,5801,0.11602
82,-4.95,-3.7125,-2.0625,50000,5809,0.11618
83,-4.95,-3.7125,-1.65,50000,5840,0.1168
84,-4.95,-3.7125,-1.2374999999999998,50000,5810,0.1162
85,-4.95,-3.7125,-0.8250000000000002,50000,5670,0.1134
86,-4.95,-3.7125,-0.4124999999999996,50000,5762,0.11524
87,-4.95,-3.7125,0.0,50000,5677,0.11354
88,-4.95,-3.7125,0.4125000000000005,50000,5623,0.11246
89,-4.95,-3.7125,0.8250000000000002,50000,5672,0.11344
90,-4.95,-3.7125,1.2375000000000007,50000,5710,0.1142
91,-4.95,-3.7125,1.6500000000000004,50000,5641,0.11282
92,-4.95,-3.7125,2.0625,50000,5621,0.11242
93,-4.95,-3.7125,2.4750000000000005,50000,5605,0.1121
94,-4.95,-3.7125,2.8875,50000,5597,0.11194
95,-4.95,-3.7125,3.3,50000,5580,0.1116
96,-4.95,-3.7125,3.712500000000001,50000,5507,0.11014
97,-4.95,-3.7125,4.125000000000001,50000,5610,0.1122
98,-4.95,-3.7125,4.5375000000000005,50000,5588,0.11176
99,-4.95,-3.7125,4.95,50000,5335,0.1067
100,-4.95,-3.3,-4.95,50000,5534,0.11068
101,-4.95,-3.3,-4.5375000000000005,50000,5583,0.11166
102,-4.95,-3.3,-4.125,50000,5417,0.10834
103,-4.95,-3.3,-3.7125,50000,5669,0.11338
104,-4.95,-3.3,-3.3,50000,5632,0.11264
105,-4.95,-3.3,-2.8875,50000,5679,0.11358
106,-4.95,-3.3,-2.475,50000,5570,0.1114
107,-4.95,-3.3,-2.0625,50000,5806,0.11612
108,-4.95,-3.3,-1.65,50000,5940,0.1188
109,-4.95,-3.3,-1.2374999999999998,50000,5618,0.11236
110,-4.95,-3.3,-0.8250000000000002,50000,5633,0.11266
111,-4.95,-3.3,-0.4124999999999996,50000,5792,0.11584
112,-4.95,-3.3,0.0,50000,5597,0.11194
113,-4.95,-3.3,0.4125000000000005,50000,5674,0.11348
114,-4.95,-3.3,0.8250000000000002,50000,5706,0.11412
115,-4.95,-3.3,1.2375000000000007,50000,5735,0.1147
116,-4.95,-3.3,1.6500000000000004,50000,5749,0.11498
117,-4.95,-3.3,2.0625,50000,5748,0.11496
118,-4.95,-3.3,2.4750000000000005,50000,5558,0.11116
119,-4.95,-3.3,2.8875,50000,5573,0.11146
120,-4.95,-3.3,3.3,50000,5583,0.11166
121,-4.95,-3.3,3.712500000000001,50000,5609,0.11218
122,-4.95,-3.3,4.125000000000001,50000,5585,0.1117
123,-4.95,-3.3,4.5375000000000005,50000,5590,0.1118
124,-4.95,-3.3,4.95,50000,5393,0.10786
125,-4.95,-2.8875,-4.95,50000,5697,0.11394
126,-4.95,-2.8875,-4.5375000000000005,50000,5557,0.11114
127,-4.95,-2.8875,-4.125,50000,5469,0.10938
128,-4.95,-2.8875,-3.7125,50000,5643,0.11286
129,-4.95,-2.8875,-3.3,50000,5751,0.11502
130,-4.95,-2.8875,-2.8875,50000,5665,0.1133
131,-4.95,-2.8875,-2.475,50000,5719,0.11438
132,-4.95,-2.8875,-2.0625,50000,5705,0.1141
133,-4.95,-2.8875,-1.65,50000,5767,0.11534
134,-4.95,-2.8875,-1.2374999999999998,50000,5810,0.1162
135,-4.95,-2.8875,-0.8250000000000002,50000,5792,0.11584
136,-4.95,-2.8875,-0.4124999999999996,50000,5867,0.11734
137,-4.95,-2.8875,0.0,50000,5693,0.11386
138,-4.95,-2.8875,0.4125000000000005,50000,5697,0.11394
139,-4.95,-2.8875,0.8250000000000002,50000,5799,0.11598
140,-4.95,-2.8875,1.2375000000000007,50000,5735,0.1147
141,-4.95,-2.8875,1.6500000000000004,50000,5760,0.1152
142,-4.95,-2.8875,2.0625,50000,5730,0.1146
143,-4.95,-2.8875,2.4750000000000005,50000,5735,0.1147
144,-4.95,-2.8875,2.8875,50000,5657,0.11314
145,-4.95,-2.8875,3.3,50000,5535,0.1107
146,-4.95,-2.8875,3.712500000000001,50000,5765,0.1153
147,-4.95,-2.8875,4.125000000000001,50000,5592,0.11184
148,-4.95,-2.8875,4.5375000000000005,50000,5699,0.11398
149,-4.95,-2.8875,4.95,50000,5532,0.11064
150,-4.95,-2.475,-4.95,50000,5599,0.11198
151,-4.95,-2.475,-4.5375000000000005,50000,5617,0.11234
152,-4.95,-2.475,-4.125,50000,5555,0.1111
153,-4.95,-2.475,-3.7125,50000,5549,0.11098
154,-4.95,-2.475,-3.3,50000,5600,0.112
155,-4.95,-2.475,-2.8875,50000,5762,0.11524
156,-4.95,-2.475,-2.475,50000,5711,0.11422
157,-4.95,-2.475,-2.0625,50000,5724,0.11448
158,-4.95,-2.475,-1.65,50000,5661,0.11322
159,-4.95,-2.475,-1.2374999999999998,50000,5794,0.11588
160,-4.95,-2.475,-0.8250000000000002,50000,5706,0.11412
161,-4.95,-2.475,-0.4124999999999996,50000,5898,0.11796
162,-4.95,-2.475,0.0,50000,5923,0.11846
163,-4.95,-2.475,0.4125000000000005,50000,5789,0.11578
164,-4.95,-2.475,0.8250000000000002,50000,5920,0.1184
165,-4.95,-2.475,1.2375000000000007,50000,5882,0.11764
166,-4.95,-2.475,1.6500000000000004,50000,5898,0.11796
167,-4.95,-2.475,2.0625,50000,5703,0.11406
168,-4.95,-2.475,2.4750000000000005,50000,5780,0.1156
169,-4.95,-2.475,2.8875,50000,5814,0.11628
170,-4.95,-2.475,3.3,50000,5649,0.11298
171,-4.95,-2.475,3.712500000000001,50000,5671,0.11342
172,-4.95,-2.475,4.125000000000001,50000,5731,0.11462
173,-4.95,-2.475,4.5375000000000005,50000,5637,0.11274
174,-4.95,-2.475,4.95,50000,5503,0.11006
175,-4.95,-2.0625,-4.95,50000,5577,0.11154
176,-4.95,-2.0625,-4.5375000000000005,50000,5597,0.11194
177,-4.95,-2.0625,-4.125,50000,5676,0.11352
178,-4.95,-2.0625,-3.7125,50000,5781,0.11562
179,-4.95,-2.0625,-3.3,50000,5762,0.11524
180,-4.95,-2.0625,-2.8875,50000,5949,0.11898
181,-4.95,-2.0625,-2.475,50000,5852,0.11704
182,-4.95,-2.0625,-2.0625,50000,5754,0.11508
183,-4.95,-2.0625,-1.65,50000,5860,0.1172
184,-4.95,-2.0625,-1.2374999999999998,50000,5824,0.11648
185,-4.95,-2.0625,-0.8250000000000002,50000,5731,0.11462
186,-4.95,-2.0625,-0.4124999999999996,50000,5985,0.1197
187,-4.95,-2.0625,0.0,50000,5978,0.11956
188,-4.95,-2.0625,0.4125000000000005,50000,5895,0.1179
189,-4.95,-2.0625,0.8250000000000002,50000,5823,0.11646
190,-4.95,-2.0625,1.2375000000000007,50000,5774,0.11548
191,-4.95,-2.0625,1.6500000000000004,50000,5800,0.116
192,-4.95,-2.0625,2.0625,50000,5677,0.11354
193,-4.95,-2.0625,2.4750000000000005,50000,5712,0.11424
194,-4.95,-2.0625,2.8875,50000,5829,0.11658
195,-4.95,-2.0625,3.3,50000,5752,0.11504
196,-4.95,-2.0625,3.712500000000001,50000,5677,0.11354
197,-4.95,-2.0625,4.125000000000001,50000,5590,0.1118
198,-4.95,-2.0625,4.5375000000000005,50000,5451,0.10902
199,-4.95,-2.0625,4.95,50000,5552,0.11104
200,-4.95,-1.65,-4.95,50000,5509,0.11018
201,-4.95,-1.65,-4.5375000000000005,50000,5528,0.11056
202,-4.95,-1.65,-4.125,50000,5779,0.11558
203,-4.95,-1.65,-3.7125,50000,5730,0.1146
204,-4.95,-1.65,-3.3,50000,5757,0.11514
205,-4.95,-1.65,-2.8875,50000,5882,0.11764
206,-4.95,-1.65,-2.475,50000,5730,0.1146
207,-4.95,-1.65,-2.0625,50000,5847,0.11694
208,-4.95,-1.65,-1.65,50000,5867,0.11734
209,-4.95,-1.65,-1.2374999999999998,50000,5953,0.11906
210,-4.95,-1.65,-0.8250000000000002,50000,5679,0.11358
211,-4.95,-1.65,-0.4124999999999996,50000,5875,0.1175
212,-4.95,-1.65,0.0,50000,5863,0.11726
213,-4.95,-1.65,0.4125000000000005,50000,5923,0.11846
214,-4.95,-1.65,0.8250000000000002,50000,5976,0.11952
215,-4.95,-1.65,1.2375000000000007,50000,5737,0.11474
216,-4.95,-1.65,1.6500000000000004,50000,5881,0.11762
217,-4.95,-1.65,2.0625,50000,5896,0.11792
218,-4.95,-1.65,2.4750000000000005,50000,5795,0.1159
219,-4.95,-1.65,2.8875,50000,5844,0.11688
220,-4.95,-1.65,3.3,50000,5568,0.11136
221,-4.95,-1.65,3.712500000000001,50000,5704,0.11408
222,-4.95,-1.65,4.125000000000001,50000,5704,0.11408
223,-4.95,-1.65,4.5375000000000005,50000,5736,0.11472
224,-4.95,-1.65,4.95,50000,5528,0.11056
225,-4.95,-1.2374999999999998,-4.95,50000,5636,0.11272
226,-4.95,-1.2374999999999998,-4.5375000000000005,50000,5769,0.11538
227,-4.95,-1.2374999999999998,-4.125,50000,5845,0.1169
228,-4.95,-1.2374999999999998,-3.7125,50000,5721,0.11442
229,-4.95,-1.2374999999999998,-3.3,50000,5780,0.1156
230,-4.95,-1.2374999999999998,-2.8875,50000,5804,0.11608
231,-4.95,-1.2374999999999998,-2.475,50000,5872,0.11744
232,-4.95,-1.2374999999999998,-2.0625,50000,5898,0.11796
233,-4.95,-1.2374999999999998,-1.65,50000,5991,0.11982
234,-4.95,-1.2374999999999998,-1.2374999999999998,50000,5983,0.11966
235,-4.95,-1.2374999999999998,-0.8250000000000002,50000,5858,0.11716
236,-4.95,-1.2374999999999998,-0.4124999999999996,50000,5947,0.11894
237,-4.95,-1.2374999999999998,0.0,50000,5979,0.11958
238,-4.95,-1.2374999999999998,0.4125000000000005,50000,5888,0.11776
239,-4.95,-1.2374999999999998,0.8250000000000002,50000,5906,0.11812
240,-4.95,-1.2374999999999998,1.2375000000000007,50000,5991,0.11982
241,-4.95,-1.2374999999999998,1.6500000000000004,50000,5766,0.11532
242,-4.95,-1.2374999999999998,2.0625,50000,6002,0.12004
243,-4.95,-1.2374999999999998,2.4750000000000005,50000,5878,0.11756
244,-4.95,-1.2374999999999998,2.8875,50000,5835,0.1167
245,-4.95,-1.2374999999999998,3.3,50000,5784,0.11568
246,-4.95,-1.2374999999999998,3.712500000000001,50000,5686,0.11372
247,-4.95,-1.2374999999999998,4.125000000000001,50000,5778,0.11556
248,-4.95,-1.2374999999999998,4.5375000000000005,50000,5784,0.11568
249,-4.95,-1.2374999999999998,4.95,50000,5689,0.11378
250,-4.95,-0.8250000000000002,-4.95,50000,5693,0.11386
251,-4.95,-0.8250000000000002,-4.5375000000000005,50000,5719,0.11438
252,-4.95,-0.8250000000000002,-4.125,50000,5810,0.1162
253,-4.95,-0.8250000000000002,-3.7125,50000,5789,0.11578
254,-4.95,-0.8250000000000002,-3.3,50000,5856,0.11712
255,-4.95,-0.8250000000000002,-2.8875,50000,5962,0.11924
256,-4.95,-0.8250000000000002,-2.475,50000,5861,0.11722
257,-4.95,-0.8250000000000002,-2.0625,50000,5866,0.11732
258,-4.95,-0.8250000000000002,-1.65,50000,5912,0.11824
259,-4.95,-0.8250000000000002,-1.2374999999999998,50000,5947,0.11894
260,-4.95,-0.8250000000000002,-0.8250000000000002,50000,5837,0.11674
261,-4.95,-0.8250000000000002,-0.4124999999999996,50000,6101,0.12202
262,-4.95,-0.8250000000000002,0.0,50000,5941,0.11882
263,-4.95,-0.8250000000000002,0.4125000000000005,50000,5985,0.1197
264,-4.95,-0.8250000000000002,0.8250000000000002,50000,5872,0.11744
265,-4.95,-0.8250000000000002,1.2375000000000007,50000,6136,0.12272
266,-4.95,-0.8250000000000002,1.6500000000000004,50000,5963,0.11926
267,-4.95,-0.8250000000000002,2.0625,50000,5844,0.11688
268,-4.95,-0.8250000000000002,2.4750000000000005,50000,5815,0.1163
269,-4.95,-0.8250000000000002,2.8875,50000,5869,0.11738
270,-4.95,-0.8250000000000002,3.3,50000,5842,0.11684
271,-4.95,-0.8250000000000002,3.712500000000001,50000,5750,0.115
272,-4.95,-0.8250000000000002,4.125000000000001,50000,5715,0.1143
273,-4.95,-0.8250000000000002,4.5375000000000005,50000,5529,0.11058
274,-4.95,-0.8250000000000002,4.95,50000,5790,0.1158
275,-4.95,-0.4124999999999996,-4.95,50000,5731,0.11462
276,-4.95,-0.4124999999999996,-4.5375000000000005,50000,5741,0.11482
277,-4.95,-0.4124999999999996,-4.125,50000,5770,0.1154
278,-4.95,-0.4124999999999996,-3.7125,50000,5846,0.11692
279,-4.95,-0.4124999999999996,-3.3,50000,5843,0.11686
280,-4.95,-0.4124999999999996,-2.8875,50000,5897,0.11794
281,-4.95,-0.4124999999999996,-2.475,50000,5922,0.11844
282,-4.95,-0.4124999999999996,-2.0625,50000,5958,0.11916
283,-4.95,-0.4124999999999996,-1.65,50000,6043,0.12086
284,-4.95,-0.4124999999999996,-1.2374999999999998,50000,5970,0.1194
285,-4.95,-0.4124999999999996,-0.8250000000000002,50000,5913,0.11826
286,-4.95,-0.4124999999999996,-0.4124999999999996,50000,6086,0.12172
287,-4.95,-0.4124999999999996,0.0,50000,6147,0.12294
288,-4.95,-0.4124999999999996,0.4125000000000005,50000,6024,0.12048
289,-4.95,-0.4124999999999996,0.8250000000000002,50000,6083,0.12166
290,-4.95,-0.4124999999999996,1.2375000000000007,50000,5875,0.1175
291,-4.95,-0.4124999999999996,1.6500000000000004,50000,6025,0.1205
292,-4.95,-0.4124999999999996,2.0625,50000,6020,0.1204
293,-4.95,-0.4124999999999996,2.4750000000000005,50000,5925,0.1185
294,-4.95,-0.4124999999999996,2.8875,50000,5936,0.11872
295,-4.95,-0.4124999999999996,3.3,50000,5906,0.11812
296,-4.95,-0.4124999999999996,3.712500000000001,50000,5842,0.11684
297,-4.95,-0.4124999999999996,4.125000000000001,50000,5781,0.11562
298,-4.95,-0.4124999999999996,4.5375000000000005,50000,5701,0.11402
299,-4.95,-0.4124999999999996,4.95,50000,5674,0.11348
300,-4.95,0.0,-4.95,50000,5568,0.11136
301,-4.95,0.0,-4.5375000000000005,50000,5718,0.11436
302,-4.95,0.0,-4.125,50000,5803,0.11606
303,-4.95,0.0,-3.7125,50000,5792,0.11584
304,-4.95,0.0,-3.3,50000,5892,0.11784
305,-4.95,0.0,-2.8875,50000,5904,0.11808
306,-4.95,0.0,-2.475,50000,5905,0.1181
307,-4.95,0.0,-2.0625,50000,6105,0.1221
308,-4.95,0.0,-1.65,50000,5848,0.11696
309,-4.95,0.0,-1.2374999999999998,50000,6131,0.12262
310,-4.95,0.0,-0.8250000000000002,50000,6121,0.12242
311,-4.95,0.0,-0.4124999999999996,50000,6088,0.12176
312,-4.95,0.0,0.0,50000,6097,0.12194
313,-4.95,0.0,0.4125000000000005,50000,6184,0.12368
314,-4.95,0.0,0.8250000000000002,50000,6180,0.1236
315,-4.95,0.0,1.2375000000000007,50000,6126,0.12252
316,-4.95,0.0,1.6500000000000004,50000,6217,0.12434
317,-4.95,0.0,2.0625,50000,6043,0.12086
318,-4.95,0.0,2.4750000000000005,50000,5941,0.11882
319,-4.95,0.0,2.8875,50000,5933,0.11866
320,-4.95,0.0,3.3,50000,5933,0.11866
321,-4.95,0.0,3.712500000000001,50000,5787,0.11574
322,-4.95,0.0,4.125000000000001,50000,5873,0.11746
323,-4.95,0.0,4.5375000000000005,50000,5650,0.113
324,-4.95,0.0,4.95,50000,5765,0.1153
325,-4.95,0.4125000000000005,-4.95,50000,5703,0.11406
326,-4.95,0.4125000000000005,-4.5375000000000005,50000,5794,0.11588
327,-4.95,0.4125000000000005,-4.125,50000,5722,0.11444
328,-4.95,0.4125000000000005,-3.7125,50000,5775,0.1155
329,-4.95,0.4125000000000005,-3.3,50000,5842,0.11684
330,-4.95,0.4125000000000005,-2.8875,50000,6030,0.1206
331,-4.95,0.4125000000000005,-2.475,50000,6041,0.12082
332,-4.95,0.4125000000000005,-2.0625,50000,6034,0.12068
333,-4.95,0.4125000000000005,-1.65,50000,6098,0.12196
334,-4.95,0.4125000000000005,-1.2374999999999998,50000,6163,0.12326
335,-4.95,0.4125000000000005,-0.8250000000000002,50000,6070,0.1214
336,-4.95,0.4125000000000005,-0.4124999999999996,50000,6112,0.12224
337,-4.95,0.4125000000000005,0.0,50000,6200,0.124
338,-4.95,0.4125000000000005,0.4125000000000005,50000,6178,0.12356
339,-4.95,0.4125000000000005,0.8250000000000002,50000,6273,0.12546
340,-4.95,0.4125000000000005,1.2375000000000007,50000,6119,0.12238
341,-4.95,0.4125000000000005,1.6500000000000004,50000,6186,0.12372
342,-4.95,0.4125000000000005,2.0625,50000,6031,0.12062
343,-4.95,0.4125000000000005,2.4750000000000005,50000,6030,0.1206
344,-4.95,0.4125000000000005,2.8875,50000,5999,0.11998
345,-4.95,0.4125000000000005,3.3,50000,5922,0.11844
346,-4.95,0.4125000000000005,3.712500000000001,50000,5871,0.11742
347,-4.95,0.4125000000000005,4.125000000000001,50000,5803,0.11606
348,-4.95,0.4125000000000005,4.5375000000000005,50000,5746,0.11492
349,-4.95,0.4125000000000005,4.95,50000,5662,0.11324
350,-4.95,0.8250000000000002,-4.95,50000,5581,0.11162
351,-4.95,0.8250000000000002,-4.5375000000000005,50000,5618,0.11236
352,-4.95,0.8250000000000002,-4.125,50000,5693,0.11386
353,-4.95,0.8250000000000002,-3.7125,50000,5821,0.11642
354,-4.95,0.8250000000000002,-3.3,50000,5877,0.11754
355,-4.95,0.8250000000000002,-2.8875,50000,5936,0.11872
356,-4.95,0.8250000000000002,-2.475,50000,6093,0.12186
357,-4.95,0.8250000000000002,-2.0625,50000,6116,0.12232
358,-4.95,0.8250000000000002,-1.65,50000,6087,0.12174
359,-4.95,0.8250000000000002,-1.2374999999999998,50000,6263,0.12526
360,-4.95,0.8250000000000002,-0.8250000000000002,50000,6226,0.12452
361,-4.95,0.8250000000000002,-0.4124999999999996,50000,6294,0.12588
362,-4.95,0.8250000000000002,0.0,50000,6372,0.12744
363,-4.95,0.8250000000000002,0.4125000000000005,50000,6229,0.12458
364,-4.95,0.8250000000000002,0.8250000000000002,50000,6180,0.1236
365,-4.95,0.8250000000000002,1.2375000000000007,50000,6246,0.12492
366,-4.95,0.8250000000000002,1.6500000000000004,50000,6154,0.12308
367,-4.95,0.8250000000000002,2.0625,50000,6018,0.12036
368,-4.95,0.8250000000000002,2.4750000000000005,50000,6035,0.1207
369,-4.95,0.8250000000000002,2.8875,50000,5934,0.11868
370,-4.95,0.8250000000000002,3.3,50000,5899,0.11798
371,-4.95,0.8250000000000002,3.712500000000001,50000,5776,0.11552
372,-4.95,0.8250000000000002,4.125000000000001,50000,5677,0.11354
373,-4.95,0.8250000000000002,4.5375000000000005,50000,5749,0.11498
374,-4.95,0.8250000000000002,4.95,50000,5705,0.1141
375,-4.95,1.2375000000000007,-4.95,50000,5619,0.11238
376,-4.95,1.2375000000000007,-4.5375000000000005,50000,5594,0.11188
377,-4.95,1.2375000000000007,-4.125,50000,5700,0.114
378,-4.95,1.2375000000000007,-3.7125,50000,5700,0.114
379,-4.95,1.2375000000000007,-3.3,50000,5723,0.11446
380,-4.95,1.2375000000000007,-2.8875,50000,6033,0.12066
381,-4.95,1.2375000000000007,-2.475,50000,5975,0.1195
382,-4.95,1.2375000000000007,-2.0625,50000,6069,0.12138
383,-4.95,1.2375000000000007,-1.65,50000,6188,0.12376
384,-4.95,1.2375000000000007,-1.2374999999999998,50000,6198,0.12396
385,-4.95,1.2375000000000007,-0.8250000000000002,50000,6301,0.12602
386,-4.95,1.2375000000000007,-0.4124999999999996,50000,6366,0.12732
387,-4.95,1.2375000000000007,0.0,50000,6311,0.12622
388,-4.95,1.2375000000000007,0.4125000000000005,50000,6373,0.12746
389,-4.95,1.2375000000000007,0.8250000000000002,50000,6276,0.12552
390,-4.95,1.2375000000000007,1.2375000000000007,50000,6138,0.12276
391,-4.95,1.2375000000000007,1.6500000000000004,50000,6171,0.12342
392,-4.95,1.2375000000000007,2.0625,50000,6113,0.12226
393,-4.95,1.2375000000000007,2.4750000000000005,50000,5993,0.11986
394,-4.95,1.2375000000000007,2.8875,50000,5992,0.11984
395,-4.95,1.2375000000000007,3.3,50000,5860,0.1172
396,-4.95,1.2375000000000007,3.712500000000001,50000,5776,0.11552
397,-4.95,1.2375000000000007,4.125000000000001,50000,5755,0.1151
398,-4.95,1.2375000000000007,4.5375000000000005,50000,5598,0.11196
399,-4.95,1.2375000000000007,4.95,50000,5625,0.1125
400,-4.95,1.6500000000000004,-4.95,50000,5566,0.11132
401,-4.95,1.6500000000000004,-4.5375000000000005,50000,5594,0.11188
402,-4.95,1.6500000000000004,-4.125,50000,5513,0.11026
403,-4.95,1.6500000000000004,-3.7125,50000,5757,0.11514
404,-4.95,1.6500000000000004,-3.3,50000,5742,0.11484
405,-4.95,1.6500000000000004,-2.8875,50000,5943,0.11886
406,-4.95,1.6500000000000004,-2.475,50000,5817,0.11634
407,-4.95,1.6500000000000004,-2.0625,50000,6185,0.1237
408,-4.95,1.6500000000000004,-1.65,50000,6286,0.12572
409,-4.95,1.6500000000000004,-1.2374999999999998,50000,6252,0.12504
410,-4.95,1.6500000000000004,-0.8250000000000002,50000,6329,0.12658
411,-4.95,1.6500000000000004,-0.4124999999999996,50000,6301,0.12602
412,-4.95,1.6500000000000004,0.0,50000,6315,0.1263
413,-4.95,1.6500000000000004,0.4125000000000005,50000,6395,0.1279
414,-4.95,1.6500000000000004,0.8250000000000002,50000,6279,0.12558
415,-4.95,1.6500000000000004,1.2375000000000007,50000,6199,0.12398
416,-4.95,1.6500000000000004,1.6500000000000004,50000,6258,0.12516
417,-4.95,1.6500000000000004,2.0625,50000,6082,0.12164
418,-4.95,1.6500000000000004,2.4750000000000005,50000,5987,0.11974
419,-4.95,1.6500000000000004,2.8875,50000,5911,0.11822
420,-4.95,1.6500000000000004,3.3,50000,5855,0.1171
421,-4.95,1.6500000000000004,3.712500000000001,50000,5766,0.11532
422,-4.95,1.6500000000000004,4.125000000000001,50000,5661,0.11322
423,-4.95,1.6500000000000004,4.5375000000000005,50000,5769,0.11538
424,-4.95,1.6500000000000004,4.95,50000,5515,0.1103
425,-4.95,2.0625,-4.95,50000,5348,0.10696
426,-4.95,2.0625,-4.5375000000000005,50000,5410,0.1082
427,-4.95,2.0625,-4.125,50000,5500,0.11
428,-4.95,2.0625,-3.7125,50000,5666,0.11332
429,-4.95,2.0625,-3.3,50000,5765,0.1153
430,-4.95,2.0625,-2.8875,50000,5982,0.11964
431,-4.95,2.0625,-2.475,50000,5954,0.11908
432,-4.95,2.0625,-2.0625,50000,6001,0.12002
433,-4.95,2.0625,-1.65,50000,6176,0.12352
434,-4.95,2.0625,-1.2374999999999998,50000,6279,0.12558
435,-4.95,2.0625,-0.8250000000000002,50000,6415,0.1283
436,-4.95,2.0625,-0.4124999999999996,50000,6464,0.12928
437,-4.95,2.0625,0.0,50000,6387,0.12774
438,-4.95,2.0625,0.4125000000000005,50000,6261,0.12522
439,-4.95,2.0625,0.8250000000000002,50000,6326,0.12652
440,-4.95,2.0625,1.2375000000000007,50000,6230,0.1246
441,-4.95,2.0625,1.6500000000000004,50000,6185,0.1237
442,-4.95,2.0625,2.0625,50000,6064,0.12128
443,-4.95,2.0625,2.4750000000000005,50000,5953,0.11906
444,-4.95,2.0625,2.8875,50000,5949,0.11898
445,-4.95,2.0625,3.3,50000,5618,0.11236
446,-4.95,2.0625,3.712500000000001,50000,5608,0.11216
447,-4.95,2.0625,4.125000000000001,50000,5520,0.1104
448,-4.95,2.0625,4.5375000000000005,50000,5365,0.1073
449,-4.95,2.0625,4.95,50000,5358,0.10716
450,-4.95,2.4750000000000005,-4.95,50000,5239,0.10478
451,-4.95,2.4750000000000005,-4.5375000000000005,50000,5236,0.10472
452,-4.95,2.4750000000000005,-4.125,50000,5298,0.10596
453,-4.95,2.4750000000000005,-3.7125,50000,5443,0.10886
454,-4.95,2.4750000000000005,-3.3,50000,5498,0.10996
455,-4.95,2.4750000000000005,-2.8875,50000,5787,0.11574
456,-4.95,2.4750000000000005,-2.475,50000,5817,0.11634
457,-4.95,2.4750000000000005,-2.0625,50000,5878,0.11756
458,-4.95,2.4750000000000005,-1.65,50000,6073,0.12146
459,-4.95,2.4750000000000005,-1.2374999999999998,50000,6145,0.1229
460,-4.95,2.4750000000000005,-0.8250000000000002,50000,6369,0.12738
461,-4.95,2.4750000000000005,-0.4124999999999996,50000,6478,0.12956
462,-4.95,2.4750000000000005,0.0,50000,6283,0.12566
463,-4.95,2.4750000000000005,0.4125000000000005,50000,6413,0.12826
464,-4.95,2.4750000000000005,0.8250000000000002,50000,6255,0.1251
465,-4.95,2.4750000000000005,1.2375000000000007,50000,6264,0.12528
466,-4.95,2.4750000000000005,1.6500000000000004,50000,6141,0.12282
467,-4.95,2.4750000000000005,2.0625,50000,6071,0.12142
468,-4.95,2.4750000000000005,2.4750000000000005,50000,5850,0.117
469,-4.95,2.4750000000000005,2.8875,50000,5661,0.11322
470,-4.95,2.4750000000000005,3.3,50000,5634,0.11268
471,-4.95,2.4750000000000005,3.712500000000001,50000,5567,0.11134
472,-4.95,2.4750000000000005,4.125000000000001,50000,5406,0.10812
473,-4.95,2.4750000000000005,4.5375000000000005,50000,5259,0.10518
474,-4.95,2.4750000000000005,4.95,50000,5112,0.10224
475,-4.95,2.8875,-4.95,50000,4983,0.09966
476,-4.95,2.8875,-4.5375000000000005,50000,5070,0.1014
477,-4.95,2.8875,-4.125,50000,5146,0.10292
478,-4.95,2.8875,-3.7125,50000,5138,0.10276
479,-4.95,2.8875,-3.3,50000,5431,0.10862
480,-4.95,2.8875,-2.8875,50000,5570,0.1114
481,-4.95,2.8875,-2.475,50000,5701,0.11402
482,-4.95,2.8875,-2.0625,50000,5814,0.11628
483,-4.95,2.8875,-1.65,50000,5836,0.11672
484,-4.95,2.8875,-1.2374999999999998,50000,6040,0.1208
485,-4.95,2.8875,-0.8250000000000002,50000,6095,0.1219
486,-4.95,2.8875,-0.4124999999999996,50000,6222,0.12444
487,-4.95,2.8875,0.0,50000,6150,0.123
488,-4.95,2.8875,0.4125000000000005,50000,6136,0.12272
489,-4.95,2.8875,0.8250000000000002,50000,6169,0.12338
490,-4.95,2.8875,1.2375000000000007,50000,5951,0.11902
491,-4.95,2.8875,1.6500000000000004,50000,6056,0.12112
492,-4.95,2.8875,2.0625,50000,5773,0.11546
493,-4.95,2.8875,2.4750000000000005,50000,5573,0.11146
494,-4.95,2.8875,2.8875,50000,5466,0.10932
495,-4.95,2.8875,3.3,50000,5445,0.1089
496,-4.95,2.8875,3.712500000000001,50000,5152,0.10304
497,-4.95,2.8875,4.125000000000001,50000,5166,0.10332
498,-4.95,2.8875,4.5375000000000005,50000,5124,0.10248
499,-4.95,2.8875,4.95,50000,4874,0.09748
500,-4.95,3.3,-4.95,50000,4774,0.09548
501,-4.95,3.3,-4.5375000000000005,50000,4720,0.0944
502,-4.95,3.3,-4.125,50000,4746,0.09492
503,-4.95,3.3,-3.7125,50000,4896,0.09792
504,-4.95,3.3,-3.3,50000,5157,0.10314
505,-4.95,3.3,-2.8875,50000,5283,0.10566
506,-4.95,3.3,-2.475,50000,5332,0.10664
507,-4.95,3.3,-2.0625,50000,5558,0.11116
508,-4.95,3.3,-1.65,50000,5634,0.11268
509,-4.95,3.3,-1.2374999999999998,50000,5712,0.11424
510,-4.95,3.3,-0.8250000000000002,50000,5806,0.11612
511,-4.95,3.3,-0.4124999999999996,50000,5869,0.11738
512,-4.95,3.3,0.0,50000,5936,0.11872
513,-4.95,3.3,0.4125000000000005,50000,5909,0.11818
514,-4.95,3.3,0.8250000000000002,50000,5659,0.11318
515,-4.95,3.3,1.2375000000000007,50000,5674,0.11348
516,-4.95,3.3,1.6500000000000004,50000,5670,0.1134
517,-4.95,3.3,2.0625,50000,5563,0.11126
518,-4.95,3.3,2.4750000000000005,50000,5376,0.10752
519,-4.95,3.3,2.8875,50000,5151,0.10302
520,-4.95,3.3,3.3,50000,5171,0.10342
521,-4.95,3.3,3.712500000000001,50000,4918,0.09836
522,-4.95,3.3,4.125000000000001,50000,4729,0.09458
523,-4.95,3.3,4.5375000000000005,50000,4725,0.0945
524,-4.95,3.3,4.95,50000,4678,0.09356
525,-4.95,3.712500000000001,-4.95,50000,4253,0.08506
526,-4.95,3.712500000000001,-4.5375000000000005,50000,4384,0.08768
527,-4.95,3.712500000000001,-4.125,50000,4300,0.086
528,-4.95,3.712500000000001,-3.7125,50000,4493,0.08986
529,-4.95,3.712500000000001,-3.3,50000,4742,0.09484
530,-4.95,3.712500000000001,-2.8875,50000,4857,0.09714
531,-4.95,3.712500000000001,-2.475,50000,4923,0.09846
532,-4.95,3.712500000000001,-2.0625,50000,5042,0.10084
533,-4.95,3.712500000000001,-1.65,50000,5269,0.10538
534,-4.95,3.712500000000001,-1.2374999999999998,50000,5450,0.109
535,-4.95,3.712500000000001,-0.8250000000000002,50000,5440,0.1088
536,-4.95,3.712500000000001,-0.4124999999999996,50000,5442,0.10884
537,-4.95,3.712500000000001,0.0,50000,5539,0.11078
538,-4.95,3.712500000000001,0.4125000000000005,50000,5494,0.10988
539,-4.95,3.712500000000001,0.8250000000000002,50000,5387,0.10774
540,-4.95,3.712500000000001,1.2375000000000007,50000,5324,0.10648
541,-4.95,3.712500000000001,1.6500000000000004,50000,5183,0.10366
542,-4.95,3.712500000000001,2.0625,50000,5199,0.10398
543,-4.95,3.712500000000001,2.4750000000000005,50000,4964,0.09928
544,-4.95,3.712500000000001,2.8875,50000,4805,0.0961
545,-4.95,3.712500000000001,3.3,50000,4648,0.09296
546,-4.95,3.712500000000001,3.712500000000001,50000,4476,0.08952
547,-4.95,3.712500000000001,4.125000000000001,50000,4351,0.08702
548,-4.95,3.712500000000001,4.5375000000000005,50000,4198,0.08396
549,-4.95,3.712500000000001,4.95,50000,4284,0.08568
550,-4.95,4.125000000000001,-4.95,50000,3745,0.0749
551,-4.95,4.125000000000001,-4.5375000000000005,50000,3821,0.07642
552,-4.95,4.125000000000001,-4.125,50000,3849,0.07698
553,-4.95,4.125000000000001,-3.7125,50000,3942,0.07884
554,-4.95,4.125000000000001,-3.3,50000,4025,0.0805
555,-4.95,4.125000000000001,-2.8875,50000,4195,0.0839
556,-4.95,4.125000000000001,-2.475,50000,4303,0.08606
557,-4.95,4.125000000000001,-2.0625,50000,4720,0.0944
558,-4.95,4.125000000000001,-1.65,50000,4655,0.0931
559,-4.95,4.125000000000001,-1.2374999999999998,50000,4669,0.09338
560,-4.95,4.125000000000001,-0.8250000000000002,50000,4679,0.09358
561,-4.95,4.125000000000001,-0.4124999999999996,50000,4829,0.09658
562,-4.95,4.125000000000001,0.0,50000,4826,0.09652
563,-4.95,4.125000000000001,0.4125000000000005,50000,4672,0.09344
564,-4.95,4.125000000000001,0.8250000000000002,50000,4871,0.09742
565,-4.95,4.125000000000001,1.2375000000000007,50000,4805,0.0961
566,-4.95,4.125000000000001,1.6500000000000004,50000,4632,0.09264
567,-4.95,4.125000000000001,2.0625,50000,4563,0.09126
568,-4.95,4.125000000000001,2.4750000000000005,50000,4379,0.08758
569,-4.95,4.125000000000001,2.8875,50000,4230,0.0846
570,-4.95,4.125000000000001,3.3,50000,4137,0.08274
571,-4.95,4.125000000000001,3.712500000000001,50000,3985,0.0797
572,-4.95,4.125000000000001,4.125000000000001,50000,3858,0.07716
573,-4.95,4.125000000000001,4.5375000000000005,50000,3753,0.07506
574,-4.95,4.125000000000001,4.95,50000,3779,0.07558
575,-4.95,4.5375000000000005,-4.95,50000,3121,0.06242
576,-4.95,4.5375000000000005,-4.5375000000000005,50000,3034,0.06068
577,-4.95,4.5375000000000005,-4.125,50000,3202,0.06404
578,-4.95,4.5375000000000005,-3.7125,50000,3253,0.06506
579,-4.95,4.5375000000000005,-3.3,50000,3422,0.06844
580,-4.95,4.5375000000000005,-2.8875,50000,3517,0.07034
581,-4.95,4.5375000000000005,-2.475,50000,3617,0.07234
582,-4.95,4.5375000000000005,-2.0625,50000,3731,0.07462
583,-4.95,4.5375000000000005,-1.65,50000,3785,0.0757
584,-4.95,4.5375000000000005,-1.2374999999999998,50000,3776,0.07552
585,-4.95,4.5375000000000005,-0.8250000000000002,50000,3960,0.0792
586,-4.95,4.5375000000000005,-0.4124999999999996,50000,3764,0.07528
587,-4.95,4.5375000000000005,0.0,50000,3902,0.07804
588,-4.95,4.5375000000000005,0.4125000000000005,50000,3952,0.07904
589,-4.95,4.5375000000000005,0.8250000000000002,50000,3829,0.07658
590,-4.95,4.5375000000000005,1.2375000000000007,50000,3792,0.07584
591,-4.95,4.5375000000000005,1.6500000000000004,50000,3725,0.0745
592,-4.95,4.5375000000000005,2.0625,50000,3703,0.07406
593,-4.95,4.5375000000000005,2.4750000000000005,50000,3643,0.07286
594,-4.95,4.5375000000000005,2.8875,50000,3484,0.06968
595,-4.95,4.5375000000000005,3.3,50000,3509,0.07018
596,-4.95,4.5375000000000005,3.712500000000001,50000,3306,0.06612
597,-4.95,4.5375000000000005,4.125000000000001,50000,3137,0.06274
598,-4.95,4.5375000000000005,4.5375000000000005,50000,3092,0.06184
599,-4.95,4.5375000000000005,4.95,50000,3277,0.06554
600,-4.95,4.95,-4.95,50000,2035,0.0407
601,-4.95,4.95,-4.5375000000000005,50000,2253,0.04506
602,-4.95,4.95,-4.125,50000,2356,0.04712
603,-4.95,4.95,-3.7125,50000,2302,0.04604
604,-4.95,4.95,-3.3,50000,2456,0.04912
605,-4.95,4.95,-2.8875,50000,2453,0.04906
606,-4.95,4.95,-2.475,50000,2515,0.0503
607,-4.95,4.95,-2.0625,50000,2564,0.05128
608,-4.95,4.95,-1.65,50000,2600,0.052
609,-4.95,4.95,-1.2374999999999998,50000,2526,0.05052
610,-4.95,4.95,-0.8250000000000002,50000,2556,0.05112
611,-4.95,4.95,-0.4124999999999996,50000,2561,0.05122
612,-4.95,4.95,0.0,50000,2562,0.05124
613,-4.95,4.95,0.4125000000000005,50000,2536,0.05072
614,-4.95,4.95,0.8250000000000002,50000,2554,0.05108
615,-4.95,4.95,1.2375000000000007,50000,2621,0.05242
616,-4.95,4.95,1.6500000000000004,50000,2573,0.05146
617,-4.95,4.95,2.0625,50000,2569,0.05138
618,-4.95,4.95,2.4750000000000005,50000,2549,0.05098
619,-4.95,4.95,2.8875,50000,2409,0.04818
620,-4.95,4.95,3.3,50000,2430,0.0486
621,-4.95,4.95,3.712500000000001,50000,2379,0.04758
622,-4.95,4.95,4.125000000000001,50000,2300,0.046
623,-4.95,4.95,4.5375000000000005,50000,2122,0.04244
624,-4.95,4.95,4.95,50000,2094,0.04188
625,-4.5375000000000005,-4.95,-4.95,50000,5356,0.10712
626,-4.5375000000000005,-4.95,-4.5375000000000005,50000,5401,0.10802
627,-4.5375000000000005,-4.95,-4.125,50000,5576,0.11152
628,-4.5375000000000005,-4.95,-3.7125,50000,5471,0.10942
629,-4.5375000000000005,-4.95,-3.3,50000,5701,0.11402
630,-4.5375000000000005,-4.95,-2.8875,50000,5652,0.11304
631,-4.5375000000000005,-4.95,-2.475,50000,5580,0.1116
632,-4.5375000000000005,-4.95,-2.0625,50000,5685,0.1137
633,-4.5375000000000005,-4.95,-1.65,50000,5665,0.1133
634,-4.5375000000000005,-4.95,-1.2374999999999998,50000,5645,0.1129
635,-4.5375000000000005,-4.95,-0.8250000000000002,50000,5738,0.11476
636,-4.5375000000000005,-4.95,-0.4124999999999996,50000,5756,0.11512
637,-4.5375000000000005,-4.95,0.0,50000,5767,0.11534
638,-4.5375000000000005,-4.95,0.4125000000000005,50000,5665,0.1133
639,-4.5375000000000005,-4.95,0.8250000000000002,50000,5608,0.11216
640,-4.5375000000000005,-4.95,1.2375000000000007,50000,5594,0.11188
641,-4.5375000000000005,-4.95,1.6500000000000004,50000,5692,0.11384
642,-4.5375000000000005,-4.95,2.0625,50000,5802,0.11604
643,-4.5375000000000005,-4.95,2.4750000000000005,50000,5696,0.11392
644,-4.5375000000000005,-4.95,2.8875,50000,5589,0.11178
645,-4.5375000000000005,-4.95,3.3,50000,5573,0.11146
646,-4.5375000000000005,-4.95,3.712500000000001,50000,5534,0.11068
647,-4.5375000000000005,-4.95,4.125000000000001,50000,5489,0.10978
648,-4.5375000000000005,-4.95,4.5375000000000005,50000,5351,0.10702
649,-4.5375000000000005,-4.95,4.95,50000,5341,0.10682
650,-4.5375000000000005,-4.5375000000000005,-4.95,50000,5366,0.10732
651,-4.5375000000000005,-4.5375000000000005,-4.5375000000000005,50000,5415,0.1083
652,-4.5375000000000005,-4.5375000000000005,-4.125,50000,5564,0.11128
653,-4.5375000000000005,-4.5375000000000005,-3.7125,50000,5432,0.10864
654,-4.5375000000000005,-4.5375000000000005,-3.3,50000,5696,0.11392
655,-4.5375000000000005,-4.5375000000000005,-2.8875,50000,5577,0.11154
656,-4.5375000000000005,-4.5375000000000005,-2.475,50000,5584,0.11168
657,-4.5375000000000005,-4.5375000000000005,-2.0625,50000,5685,0.1137
658,-4.5375000000000005,-4.5375000000000005,-1.65,50000,5655,0.1131
659,-4.5375000000000005,-4.5375000000000005,-1.2374999999999998,50000,5589,0.11178
660,-4.5375000000000005,-4.5375000000000005,-0.8250000000000002,50000,5686,0.11372
661,-4.5375000000000005,-4.5375000000000005,-0.4124999999999996,50000,5709,0.11418
662,-4.5375000000000005,-4.5375000000000005,0.0,50000,5802,0.11604
663,-4.5375000000000005,-4.5375000000000005,0.4125000000000005,50000,5688,0.11376
664,-4.5375000000000005,-4.5375000000000005,0.8250000000000002,50000,5746,0.11492
665,-4.5375000000000005,-4.5375000000000005,1.2375000000000007,50000,5562,0.11124
666,-4.5375000000000005,-4.5375000000000005,1.6500000000000004,50000,5668,0.11336
667,-4.5375000000000005,-4.5375000000000005,2.0625,50000,5691,0.11382
668,-4.5375000000000005,-4.5375000000000005,2.4750000000000005,50000,5590,0.1118
669,-4.5375000000000005,-4.5375000000000005,2.8875,50000,5640,0.1128
670,-4.5375000000000005,-4.5375000000000005,3.3,50000,5686,0.11372
671,-4.5375000000000005,-4.5375000000000005,3.712500000000001,50000,5579,0.11158
672,-4.5375000000000005,-4.5375000000000005,4.125000000000001,50000,5415,0.1083
673,-4.5375000000000005,-4.5375000000000005,4.5375000000000005,50000,5547,0.11094
674,-4.5375000000000005,-4.5375000000000005,4.95,50000,5377,0.10754
675,-4.5375000000000005,-4.125,-4.95,50000,5477,0.10954
676,-4.5375000000000005,-4.125,-4.5375000000000005,50000,5495,0.1099
677,-4.5375000000000005,-4.125,-4.125,50000,5543,0.11086
678,-4.5375000000000005,-4.125,-3.7125,50000,5477,0.10954
679,-4.5375000000000005,-4.125,-3.3,50000,5531,0.11062
680,-4.5375000000000005,-4.125,-2.8875,50000,5590,0.1118
681,-4.5375000000000005,-4.125,-2.475,50000,5624,0.11248
682,-4.5375000000000005,-4.125,-2.0625,50000,5617,0.11234
683,-4.5375000000000005,-4.125,-1.65,50000,5619,0.11238
684,-4.5375000000000005,-4.125,-1.2374999999999998,50000,5626,0.11252
685,-4.5375000000000005,-4.125,-0.8250000000000002,50000,5703,0.11406
686,-4.5375000000000005,-4.125,-0.4124999999999996,50000,5784,0.11568
687,-4.5375000000000005,-4.125,0.0,50000,5772,0.11544
688,-4.5375000000000005,-4.125,0.4125000000000005,50000,5648,0.11296
689,-4.5375000000000005,-4.125,0.8250000000000002,50000,5766,0.11532
690,-4.5375000000000005,-4.125,1.2375000000000007,50000,5751,0.11502
691,-4.5375000000000005,-4.125,1.6500000000000004,50000,5665,0.1133
692,-4.5375000000000005,-4.125,2.0625,50000,5735,0.1147
693,-4.5375000000000005,-4.125,2.4750000000000005,50000,5652,0.11304
694,-4.5375000000000005,-4.125,2.8875,50000,5643,0.11286
695,-4.5375000000000005,-4.125,3.3,50000,5539,0.11078
696,-4.5375000000000005,-4.125,3.712500000000001,50000,5621,0.11242
697,-4.5375000000000005,-4.125,4.125000000000001,50000,5406,0.10812
698,-4.5375000000000005,-4.125,4.5375000000000005,50000,5381,0.10762
699,-4.5375000000000005,-4.125,4.95,50000,5338,0.10676
700,-4.5375000000000005,-3.7125,-4.95,50000,5653,0.11306
701,-4.5375000000000005,-3.7125,-4.5375000000000005,50000,5569,0.11138
702,-4.5375000000000005,-3.7125,-4.125,50000,5484,0.10968
703,-4.5375000000000005,-3.7125,-3.7125,50000,5452,0.10904
704,-4.5375000000000005,-3.7125,-3.3,50000,5736,0.11472
705,-4.5375000000000005,-3.7125,-2.8875,50000,5807,0.11614
706,-4.5375000000000005,-3.7125,-2.475,50000,5748,0.11496
707,-4.5375000000000005,-3.7125,-2.0625,50000,5702,0.11404
708,-4.5375000000000005,-3.7125,-1.65,50000,5712,0.11424
709,-4.5375000000000005,-3.7125,-1.2374999999999998,50000,5755,0.1151
710,-4.5375000000000005,-3.7125,-0.8250000000000002,50000,5800,0.116
711,-4.5375000000000005,-3.7125,-0.4124999999999996,50000,5747,0.11494
712,-4.5375000000000005,-3.7125,0.0,50000,5799,0.11598
713,-4.5375000000000005,-3.7125,0.4125000000000005,50000,5789,0.11578
714,-4.5375000000000005,-3.7125,0.8250000000000002,50000,5697,0.11394
715,-4.5375000000000005,-3.7125,1.2375000000000007,50000,5721,0.11442
716,-4.5375000000000005,-3.7125,1.6500000000000004,50000,5784,0.11568
717,-4.5375000000000005,-3.7125,2.0625,50000,5724,0.11448
718,-4.5375000000000005,-3.7125,2.4750000000000005,50000,5721,0.11442
719,-4.5375000000000005,-3.7125,2.8875,50000,5616,0.11232
720,-4.5375000000000005,-3.7125,3.3,50000,5592,0.11184
721,-4.5375000000000005,-3.7125,3.712500000000001,50000,5707,0.11414
722,-4.5375000000000005,-3.7125,4.125000000000001,50000,5569,0.11138
723,-4.5375000000000005,-3.7125,4.5375000000000005,50000,5498,0.10996
724,-4.5375000000000005,-3.7125,4.95,50000,5461,0.10922
725,-4.5375000000000005,-3.3,-4.95,50000,5647,0.11294
726,-4.5375000000000005,-3.3,-4.5375000000000005,50000,5523,0.11046
727,-4.5375000000000005,-3.3,-4.125,50000,5544,0.11088
728,-4.5375000000000005,-3.3,-3.7125,50000,5383,0.10766
729,-4.5375000000000005,-3.3,-3.3,50000,5642,0.11284
730,-4.5375000000000005,-3.3,-2.8875,50000,5680,0.1136
731,-4.5375000000000005,-3.3,-2.475,50000,5525,0.1105
732,-4.5375000000000005,-3.3,-2.0625,50000,5688,0.11376
733,-4.5375000000000005,-3.3,-1.65,50000,5790,0.1158
734,-4.5375000000000005,-3.3,-1.2374999999999998,50000,5752,0.11504
735,-4.5375000000000005,-3.3,-0.8250000000000002,50000,5656,0.11312
736,-4.5375000000000005,-3.3,-0.4124999999999996,50000,5672,0.11344
737,-4.5375000000000005,-3.3,0.0,50000,5768,0.11536
738,-4.5375000000000005,-3.3,0.4125000000000005,50000,5811,0.11622
739,-4.5375000000000005,-3.3,0.8250000000000002,50000,5696,0.11392
740,-4.5375000000000005,-3.3,1.2375000000000007,50000,5818,0.11636
741,-4.5375000000000005,-3.3,1.6500000000000004,50000,5668,0.11336
742,-4.5375000000000005,-3.3,2.0625,50000,5696,0.11392
743,-4.5375000000000005,-3.3,2.4750000000000005,50000,5740,0.1148
744,-4.5375000000000005,-3.3,2.8875,50000,5697,0.11394
745,-4.5375000000000005,-3.3,3.3,50000,5602,0.11204
746,-4.5375000000000005,-3.3,3.712500000000001,50000,5620,0.1124
747,-4.5375000000000005,-3.3,4.125000000000001,50000,5645,0.1129
748,-4.5375000000000005,-3.3,4.5375000000000005,50000,5488,0.10976
749,-4.5375000000000005,-3.3,4.95,50000,5633,0.11266
750,-4.5375000000000005,-2.8875,-4.95,50000,5657,0.11314
751,-4.5375000000000005,-2.8875,-4.5375000000000005,50000,5549,0.11098
752,-4.5375000000000005,-2.8875,-4.125,50000,5632,0.11264
753,-4.5375000000000005,-2.8875,-3.7125,50000,5632,0.11264
754,-4.5375000000000005,-2.8875,-3.3,50000,5801,0.11602
755,-4.5375000000000005,-2.8875,-2.8875,50000,5744,0.11488
756,-4.5375000000000005,-2.8875,-2.475,50000,5637,0.11274
757,-4.5375000000000005,-2.8875,-2.0625,50000,5759,0.11518
758,-4.5375000000000005,-2.8875,-1.65,50000,5723,0.11446
759,-4.5375000000000005,-2.8875,-1.2374999999999998,50000,5812,0.11624
760,-4.5375000000000005,-2.8875,-0.8250000000000002,50000,5701,0.11402
761,-4.5375000000000005,-2.8875,-0.4124999999999996,50000,5753,0.11506
762,-4.5375000000000005,-2.8875,0.0,50000,5635,0.1127
763,-4.5375000000000005,-2.8875,0.4125000000000005,50000,5725,0.1145
764,-4.5375000000000005,-2.8875,0.8250000000000002,50000,5779,0.11558
765,-4.5375000000000005,-2.8875,1.2375000000000007,50000,5841,0.11682
766,-4.5375000000000005,-2.8875,1.6500000000000004,50000,5717,0.11434
767,-4.5375000000000005,-2.8875,2.0625,50000,5720,0.1144
768,-4.5375000000000005,-2.8875,2.4750000000000005,50000,5792,0.11584
769,-4.5375000000000005,-2.8875,2.8875,50000,5663,0.11326
770,-4.5375000000000005,-2.8875,3.3,50000,5586,0.11172
771,-4.5375000000000005,-2.8875,3.712500000000001,50000,5411,0.10822
772,-4.5375000000000005,-2.8875,4.125000000000001,50000,5566,0.11132
773,-4.5375000000000005,-2.8875,4.5375000000000005,50000,5806,0.11612
774,-4.5375000000000005,-2.8875,4.95,50000,5547,0.11094
775,-4.5375000000000005,-2.475,-4.95,50000,5552,0.11104
776,-4.5375000000000005,-2.475,-4.5375000000000005,50000,5596,0.11192
777,-4.5375000000000005,-2.475,-4.125,50000,5691,0.11382
778,-4.5375000000000005,-2.475,-3.7125,50000,5683,0.11366
779,-4.5375000000000005,-2.475,-3.3,50000,5705,0.1141
780,-4.5375000000000005,-2.475,-2.8875,50000,5760,0.1152
781,-4.5375000000000005,-2.475,-2.475,50000,5669,0.11338
782,-4.5375000000000005,-2.475,-2.0625,50000,5860,0.1172
783,-4.5375000000000005,-2.475,-1.65,50000,5832,0.11664
784,-4.5375000000000005,-2.475,-1.2374999999999998,50000,5769,0.11538
785,-4.5375000000000005,-2.475,-0.8250000000000002,50000,5921,0.11842
786,-4.5375000000000005,-2.475,-0.4124999999999996,50000,5818,0.11636
787,-4.5375000000000005,-2.475,0.0,50000,5843,0.11686
788,-4.5375000000000005,-2.475,0.4125000000000005,50000,5805,0.1161
789,-4.5375000000000005,-2.475,0.8250000000000002,50000,5815,0.1163
790,-4.5375000000000005,-2.475,1.2375000000000007,50000,5680,0.1136
791,-4.5375000000000005,-2.475,1.6500000000000004,50000,5906,0.11812
792,-4.5375000000000005,-2.475,2.0625,50000,5698,0.11396
793,-4.5375000000000005,-2.475,2.4750000000000005,50000,5759,0.11518
794,-4.5375000000000005,-2.475,2.8875,50000,5779,0.11558
795,-4.5375000000000005,-2.475,3.3,50000,5806,0.11612
796,-4.5375000000000005,-2.475,3.712500000000001,50000,5649,0.11298
797,-4.5375000000000005,-2.475,4.125000000000001,50000,5639,0.11278
798,-4.5375000000000005,-2.475,4.5375000000000005,50000,5566,0.11132
799,-4.5375000000000005,-2.475,4.95,50000,5514,0.11028
800,-4.5375000000000005,-2.0625,-4.95,50000,5586,0.11172
801,-4.5375000000000005,-2.0625,-4.5375000000000005,50000,5665,0.1133
802,-4.5375000000000005,-2.0625,-4.125,50000,5685,0.1137
803,-4.5375000000000005,-2.0625,-3.7125,50000,5733,0.11466
804,-4.5375000000000005,-2.0625,-3.3,50000,5655,0.1131
805,-4.5375000000000005,-2.0625,-2.8875,50000,5840,0.1168
806,-4.5375000000000005,-2.0625,-2.475,50000,5743,0.11486
807,-4.5375000000000005,-2.0625,-2.0625,50000,5646,0.11292
808,-4.5375000000000005,-2.0625,-1.65,50000,5809,0.11618
809,-4.5375000000000005,-2.0625,-1.2374999999999998,50000,5787,0.11574
810,-4.5375000000000005,-2.0625,-0.8250000000000002,50000,5989,0.11978
811,-4.5375000000000005,-2.0625,-0.4124999999999996,50000,5949,0.11898
812,-4.5375000000000005,-2.0625,0.0,50000,5973,0.11946
813,-4.5375000000000005,-2.0625,0.4125000000000005,50000,5930,0.1186
814,-4.5375000000000005,-2.0625,0.8250000000000002,50000,5798,0.11596
815,-4.5375000000000005,-2.0625,1.2375000000000007,50000,5946,0.11892
816,-4.5375000000000005,-2.0625,1.6500000000000004,50000,5715,0.1143
817,-4.5375000000000005,-2.0625,2.0625,50000,5803,0.11606
818,-4.5375000000000005,-2.0625,2.4750000000000005,50000,5708,0.11416
819,-4.5375000000000005,-2.0625,2.8875,50000,5719,0.11438
820,-4.5375000000000005,-2.0625,3.3,50000,5637,0.11274
821,-4.5375000000000005,-2.0625,3.712500000000001,50000,5677,0.11354
822,-4.5375000000000005,-2.0625,4.125000000000001,50000,5570,0.1114
823,-4.5375000000000005,-2.0625,4.5375000000000005,50000,5587,0.11174
824,-4.5375000000000005,-2.0625,4.95,50000,5629,0.11258
825,-4.5375000000000005,-1.65,-4.95,50000,5613,0.11226
826,-4.5375000000000005,-1.65,-4.5375000000000005,50000,5823,0.11646
827,-4.5375000000000005,-1.65,-4.125,50000,5768,0.11536
828,-4.5375000000000005,-1.65,-3.7125,50000,5684,0.11368
829,-4.5375000000000005,-1.65,-3.3,50000,5711,0.11422
830,-4.5375000000000005,-1.65,-2.8875,50000,5730,0.1146
831,-4.5375000000000005,-1.65,-2.475,50000,5711,0.11422
832,-4.5375000000000005,-1.65,-2.0625,50000,5832,0.11664
833,-4.5375000000000005,-1.65,-1.65,50000,5985,0.1197
834,-4.5375000000000005,-1.65,-1.2374999999999998,50000,5941,0.11882
835,-4.5375000000000005,-1.65,-0.8250000000000002,50000,5969,0.11938
836,-4.5375000000000005,-1.65,-0.4124999999999996,50000,5793,0.11586
837,-4.5375000000000005,-1.65,0.0,50000,5873,0.11746
838,-4.5375000000000005,-1.65,0.4125000000000005,50000,5890,0.1178
839,-4.5375000000000005,-1.65,0.8250000000000002,50000,5825,0.1165
840,-4.5375000000000005,-1.65,1.2375000000000007,50000,6002,0.12004
841,-4.5375000000000005,-1.65,1.6500000000000004,50000,5863,0.11726
842,-4.5375000000000005,-1.65,2.0625,50000,5757,0.11514
843,-4.5375000000000005,-1.65,2.4750000000000005,50000,5622,0.11244
844,-4.5375000000000005,-1.65,2.8875,50000,5770,0.1154
845,-4.5375000000000005,-1.65,3.3,50000,5680,0.1136
846,-4.5375000000000005,-1.65,3.712500000000001,50000,5761,0.11522
847,-4.5375000000000005,-1.65,4.125000000000001,50000,5696,0.11392
848,-4.5375000000000005,-1.65,4.5375000000000005,50000,5448,0.10896
849,-4.5375000000000005,-1.65,4.95,50000,5741,0.11482
850,-4.5375000000000005,-1.2374999999999998,-4.95,50000,5571,0.11142
851,-4.5375000000000005,-1.2374999999999998,-4.5375000000000005,50000,5749,0.11498
852,-4.5375000000000005,-1.2374999999999998,-4.125,50000,5671,0.11342
853,-4.5375000000000005,-1.2374999999999998,-3.7125,50000,5660,0.1132
854,-4.5375000000000005,-1.2374999999999998,-3.3,50000,5705,0.1141
855,-4.5375000000000005,-1.2374999999999998,-2.8875,50000,5894,0.11788
856,-4.5375000000000005,-1.2374999999999998,-2.475,50000,5949,0.11898
857,-4.5375000000000005,-1.2374999999999998,-2.0625,50000,5771,0.11542
858,-4.5375000000000005,-1.2374999999999998,-1.65,50000,5813,0.11626
859,-4.5375000000000005,-1.2374999999999998,-1.2374999999999998,50000,5817,0.11634
860,-4.5375000000000005,-1.2374999999999998,-0.8250000000000002,50000,5934,0.11868
861,-4.5375000000000005,-1.2374999999999998,-0.4124999999999996,50000,6031,0.12062
862,-4.5375000000000005,-1.2374999999999998,0.0,50000,5931,0.11862
863,-4.5375000000000005,-1.2374999999999998,0.4125000000000005,50000,5935,0.1187
864,-4.5375000000000005,-1.2374999999999998,0.8250000000000002,50000,5967,0.11934
865,-4.5375000000000005,-1.2374999999999998,1.2375000000000007,50000,5882,0.11764
866,-4.5375000000000005,-1.2374999999999998,1.6500000000000004,50000,5856,0.11712
867,-4.5375000000000005,-1.2374999999999998,2.0625,50000,5964,0.11928
868,-4.5375000000000005,-1.2374999999999998,2.4750000000000005,50000,5822,0.11644
869,-4.5375000000000005,-1.2374999999999998,2.8875,50000,5829,0.11658
870,-4.5375000000000005,-1.2374999999999998,3.3,50000,5785,0.1157
871,-4.5375000000000005,-1.2374999999999998,3.712500000000001,50000,5782,0.11564
872,-4.5375000000000005,-1.2374999999999998,4.125000000000001,50000,5667,0.11334
873,-4.5375000000000005,-1.2374999999999998,4.5375000000000005,50000,5729,0.11458
874,-4.5375000000000005,-1.2374999999999998,4.95,50000,5662,0.11324
875,-4.5375000000000005,-0.8250000000000002,-4.95,50000,5568,0.11136
876,-4.5375000000000005,-0.8250000000000002,-4.5375000000000005,50000,5677,0.11354
877,-4.5375000000000005,-0.8250000000000002,-4.125,50000,5725,0.1145
878,-4.5375000000000005,-0.8250000000000002,-3.7125,50000,5853,0.11706
879,-4.5375000000000005,-0.8250000000000002,-3.3,50000,5707,0.11414
880,-4.5375000000000005,-0.8250000000000002,-2.8875,50000,5858,0.11716
881,-4.5375000000000005,-0.8250000000000002,-2.475,50000,5889,0.11778
882,-4.5375000000000005,-0.8250000000000002,-2.0625,50000,5819,0.11638
883,-4.5375000000000005,-0.8250000000000002,-1.65,50000,5978,0.11956
884,-4.5375000000000005,-0.8250000000000002,-1.2374999999999998,50000,5956,0.11912
885,-4.5375000000000005,-0.8250000000000002,-0.8250000000000002,50000,6086,0.12172
886,-4.5375000000000005,-0.8250000000000002,-0.4124999999999996,50000,5995,0.1199
887,-4.5375000000000005,-0.8250000000000002,0.0,50000,5997,0.11994
888,-4.5375000000000005,-0.8250000000000002,0.4125000000000005,50000,5883,0.11766
889,-4.5375000000000005,-0.8250000000000002,0.8250000000000002,50000,5939,0.11878
890,-4.5375000000000005,-0.8250000000000002,1.2375000000000007,50000,6177,0.12354
891,-4.5375000000000005,-0.8250000000000002,1.6500000000000004,50000,5933,0.11866
892,-4.5375000000000005,-0.8250000000000002,2.0625,50000,6079,0.12158
893,-4.5375000000000005,-0.8250000000000002,2.4750000000000005,50000,5867,0.11734
894,-4.5375000000000005,-0.8250000000000002,2.8875,50000,5960,0.1192
895,-4.5375000000000005,-0.8250000000000002,3.3,50000,5810,0.1162
896,-4.5375000000000005,-0.8250000000000002,3.712500000000001,50000,5942,0.11884
897,-4.5375000000000005,-0.8250000000000002,4.125000000000001,50000,5746,0.11492
898,-4.5375000000000005,-0.8250000000000002,4.5375000000000005,50000,5833,0.11666
899,-4.5375000000000005,-0.8250000000000002,4.95,50000,5718,0.11436
900,-4.5375000000000005,-0.4124999999999996,-4.95,50000,5847,0.11694
901,-4.5375000000000005,-0.4124999999999996,-4.5375000000000005,50000,5715,0.1143
902,-4.5375000000000005,-0.4124999999999996,-4.125,50000,5834,0.11668
903,-4.5375000000000005,-0.4124999999999996,-3.7125,50000,5802,0.11604
904,-4.5375000000000005,-0.4124999999999996,-3.3,50000,5805,0.1161
905,-4.5375000000000005,-0.4124999999999996,-2.8875,50000,5848,0.11696
906,-4.5375000000000005,-0.4124999999999996,-2.475,50000,6035,0.1207
907,-4.5375000000000005,-0.4124999999999996,-2.0625,50000,5872,0.11744
908,-4.5375000000000005,-0.4124999999999996,-1.65,50000,6016,0.12032
909,-4.5375000000000005,-0.4124999999999996,-1.2374999999999998,50000,6033,0.12066
910,-4.5375000000000005,-0.4124999999999996,-0.8250000000000002,50000,6028,0.12056
911,-4.5375000000000005,-0.4124999999999996,-0.4124999999999996,50000,6070,0.1214
912,-4.5375000000000005,-0.4124999999999996,0.0,50000,6068,0.12136
913,-4.5375000000000005,-0.4124999999999996,0.4125000000000005,50000,6171,0.12342
914,-4.5375000000000005,-0.4124999999999996,0.8250000000000002,50000,6080,0.1216
915,-4.5375000000000005,-0.4124999999999996,1.2375000000000007,50000,6120,0.1224
916,-4.5375000000000005,-0.4124999999999996,1.6500000000000004,50000,6001,0.12002
917,-4.5375000000000005,-0.4124999999999996,2.0625,50000,5983,0.11966
918,-4.5375000000000005,-0.4124999999999996,2.4750000000000005,50000,5929,0.11858
919,-4.5375000000000005,-0.4124999999999996,2.8875,50000,5907,0.11814
920,-4.5375000000000005,-0.4124999999999996,3.3,50000,5779,0.11558
921,-4.5375000000000005,-0.4124999999999996,3.712500000000001,50000,5781,0.11562
922,-4.5375000000000005,-0.4124999999999996,4.125000000000001,50000,5777,0.11554
923,-4.5375000000000005,-0.4124999999999996,4.5375000000000005,50000,5758,0.11516
924,-4.5375000000000005,-0.4124999999999996,4.95,50000,5695,0.1139
925,-4.5375000000000005,0.0,-4.95,50000,5637,0.11274
926,-4.5375000000000005,0.0,-4.5375000000000005,50000,5785,0.1157
927,-4.5375000000000005,0.0,-4.125,50000,5763,0.11526
928,-4.5375000000000005,0.0,-3.7125,50000,5917,0.11834
929,-4.5375000000000005,0.0,-3.3,50000,5856,0.11712
930,-4.5375000000000005,0.0,-2.8875,50000,5921,0.11842
931,-4.5375000000000005,0.0,-2.475,50000,5855,0.1171
932,-4.5375000000000005,0.0,-2.0625,50000,5996,0.11992
933,-4.5375000000000005,0.0,-1.65,50000,6088,0.12176
934,-4.5375000000000005,0.0,-1.2374999999999998,50000,6090,0.1218
935,-4.5375000000000005,0.0,-0.8250000000000002,50000,6144,0.12288
936,-4.5375000000000005,0.0,-0.4124999999999996,50000,6089,0.12178
937,-4.5375000000000005,0.0,0.0,50000,6033,0.12066
938,-4.5375000000000005,0.0,0.4125000000000005,50000,6177,0.12354
939,-4.5375000000000005,0.0,0.8250000000000002,50000,6144,0.12288
940,-4.5375000000000005,0.0,1.2375000000000007,50000,6070,0.1214
941,-4.5375000000000005,0.0,1.6500000000000004,50000,6079,0.12158
942,-4.5375000000000005,0.0,2.0625,50000,5936,0.11872
943,-4.5375000000000005,0.0,2.4750000000000005,50000,5996,0.11992
944,-4.5375000000000005,0.0,2.8875,50000,6114,0.12228
945,-4.5375000000000005,0.0,3.3,50000,5904,0.11808
946,-4.5375000000000005,0.0,3.712500000000001,50000,5914,0.11828
947,-4.5375000000000005,0.0,4.125000000000001,50000,5777,0.11554
948,-4.5375000000000005,0.0,4.5375000000000005,50000,5781,0.11562
949,-4.5375000000000005,0.0,4.95,50000,5817,0.11634
950,-4.5375000000000005,0.4125000000000005,-4.95,50000,5890,0.1178
951,-4.5375000000000005,0.4125000000000005,-4.5375000000000005,50000,5696,0.11392
952,-4.5375000000000005,0.4125000000000005,-4.125,50000,5831,0.11662
953,-4.5375000000000005,0.4125000000000005,-3.7125,50000,5677,0.11354
954,-4.5375000000000005,0.4125000000000005,-3.3,50000,5919,0.11838
955,-4.5375000000000005,0.4125000000000005,-2.8875,50000,5764,0.11528
956,-4.5375000000000005,0.4125000000000005,-2.475,50000,6104,0.12208
957,-4.5375000000000005,0.4125000000000005,-2.0625,50000,6027,0.12054
958,-4.5375000000000005,0.4125000000000005,-1.65,50000,6198,0.12396
959,-4.5375000000000005,0.4125000000000005,-1.2374999999999998,50000,6075,0.1215
960,-4.5375000000000005,0.4125000000000005,-0.8250000000000002,50000,6041,0.12082
961,-4.5375000000000005,0.4125000000000005,-0.4124999999999996,50000,6094,0.12188
962,-4.5375000000000005,0.4125000000000005,0.0,50000,6093,0.12186
963,-4.5375000000000005,0.4125000000000005,0.4125000000000005,50000,6156,0.12312
964,-4.5375000000000005,0.4125000000000005,0.8250000000000002,50000,6303,0.12606
965,-4.5375000000000005,0.4125000000000005,1.2375000000000007,50000,6135,0.1227
966,-4.5375000000000005,0.4125000000000005,1.6500000000000004,50000,6119,0.12238
967,-4.5375000000000005,0.4125000000000005,2.0625,50000,6031,0.12062
968,-4.5375000000000005,0.4125000000000005,2.4750000000000005,50000,6036,0.12072
969,-4.5375000000000005,0.4125000000000005,2.8875,50000,5730,0.1146
970,-4.5375000000000005,0.4125000000000005,3.3,50000,5864,0.11728
971,-4.5375000000000005,0.4125000000000005,3.712500000000001,50000,5983,0.11966
972,-4.5375000000000005,0.4125000000000005,4.125000000000001,50000,5950,0.119
973,-4.5375000000000005,0.4125000000000005,4.5375000000000005,50000,5882,0.11764
974,-4.5375000000000005,0.4125000000000005,4.95,50000,5738,0.11476
975,-4.5375000000000005,0.8250000000000002,-4.95,50000,5705,0.1141
976,-4.5375000000000005,0.8250000000000002,-4.5375000000000005,50000,5802,0.11604
977,-4.5375000000000005,0.8250000000000002,-4.125,50000,5741,0.11482
978,-4.5375000000000005,0.8250000000000002,-3.7125,50000,5875,0.1175
979,-4.5375000000000005,0.8250000000000002,-3.3,50000,5837,0.11674
980,-4.5375000000000005,0.8250000000000002,-2.8875,50000,5984,0.11968
981,-4.5375000000000005,0.8250000000000002,-2.475,50000,6064,0.12128
982,-4.5375000000000005,0.8250000000000002,-2.0625,50000,6126,0.12252
983,-4.5375000000000005,0.8250000000000002,-1.65,50000,6098,0.12196
984,-4.5375000000000005,0.8250000000000002,-1.2374999999999998,50000,6235,0.1247
985,-4.5375000000000005,0.8250000000000002,-0.8250000000000002,50000,6231,0.12462
986,-4.5375000000000005,0.8250000000000002,-0.4124999999999996,50000,6252,0.12504
987,-4.5375000000000005,0.8250000000000002,0.0,50000,6226,0.12452
988,-4.5375000000000005,0.8250000000000002,0.4125000000000005,50000,6177,0.12354
989,-4.5375000000000005,0.8250000000000002,0.8250000000000002,50000,6149,0.12298
990,-4.5375000000000005,0.8250000000000002,1.2375000000000007,50000,6166,0.12332
991,-4.5375000000000005,0.8250000000000002,1.6500000000000004,50000,6047,0.12094
992,-4.5375000000000005,0.8250000000000002,2.0625,50000,6058,0.12116
993,-4.5375000000000005,0.8250000000000002,2.4750000000000005,50000,5899,0.11798
994,-4.5375000000000005,0.8250000000000002,2.8875,50000,6069,0.12138
995,-4.5375000000000005,0.8250000000000002,3.3,50000,5915,0.1183
996,-4.5375000000000005,0.8250000000000002,3.712500000000001,50000,5850,0.117
997,-4.5375000000000005,0.8250000000000002,4.125000000000001,50000,5836,0.11672
998,-4.5375000000000005,0.8250000000000002,4.5375000000000005,50000,5815,0.1163
999,-4.5375000000000005,0.8250000000000002,4.95,50000,5701,0.11402
1000,-4.5375000000000005,1.2375000000000007,-4.95,50000,5650,0.113
1001,-4.5375000000000005,1.2375000000000007,-4.5375000000000005,50000,5677,0.11354
1002,-4.5375000000000005,1.2375000000000007,-4.125,50000,5800,0.116
1003,-4.5375000000000005,1.2375000000000007,-3.7125,50000,5617,0.11234
1004,-4.5375000000000005,1.2375000000000007,-3.3,50000,5918,0.11836
1005,-4.5375000000000005,1.2375000000000007,-2.8875,50000,6052,0.12104
1006,-4.5375000000000005,1.2375000000000007,-2.475,50000,5981,0.11962
1007,-4.5375000000000005,1.2375000000000007,-2.0625,50000,6177,0.12354
1008,-4.5375000000000005,1.2375000000000007,-1.65,50000,6133,0.12266
1009,-4.5375000000000005,1.2375000000000007,-1.2374999999999998,50000,6128,0.12256
1010,-4.5375000000000005,1.2375000000000007,-0.8250000000000002,50000,6145,0.1229
1011,-4.5375000000000005,1.2375000000000007,-0.4124999999999996,50000,6374,0.12748
1012,-4.5375000000000005,1.2375000000000007,0.0,50000,6342,0.12684
1013,-4.5375000000000005,1.2375000000000007,0.4125000000000005,50000,6322,0.12644
1014,-4.5375000000000005,1.2375000000000007,0.8250000000000002,50000,6296,0.12592
1015,-4.5375000000000005,1.2375000000000007,1.2375000000000007,50000,6216,0.12432
1016,-4.5375000000000005,1.2375000000000007,1.6500000000000004,50000,6093,0.12186
1017,-4.5375000000000005,1.2375000000000007,2.0625,50000,6071,0.12142
1018,-4.5375000000000005,1.2375000000000007,2.4750000000000005,50000,5903,0.11806
1019,-4.5375000000000005,1.2375000000000007,2.8875,50000,5959,0.11918
1020,-4.5375000000000005,1.2375000000000007,3.3,50000,5819,0.11638
1021,-4.5375000000000005,1.2375000000000007,3.712500000000001,50000,5690,0.1138
1022,-4.5375000000000005,1.2375000000000007,4.125000000000001,50000,5778,0.11556
1023,-4.5375000000000005,1.2375000000000007,4.5375000000000005,50000,5648,0.11296
1024,-4.5375000000000005,1.2375000000000007,4.95,50000,5635,0.1127
1025,-4.5375000000000005,1.6500000000000004,-4.95,50000,5558,0.11116
1026,-4.5375000000000005,1.6500000000000004,-4.5375000000000005,50000,5591,0.11182
1027,-4.5375000000000005,1.6500000000000004,-4.125,50000,5669,0.11338
1028,-4.5375000000000005,1.6500000000000004,-3.7125,50000,5769,0.11538
1029,-4.5375000000000005,1.6500000000000004,-3.3,50000,5849,0.11698
1030,-4.5375000000000005,1.6500000000000004,-2.8875,50000,5911,0.11822
1031,-4.5375000000000005,1.6500000000000004,-2.475,50000,6205,0.1241
1032,-4.5375000000000005,1.6500000000000004,-2.0625,50000,5990,0.1198
1033,-4.5375000000000005,1.6500000000000004,-1.65,50000,6127,0.12254
1034,-4.5375000000000005,1.6500000000000004,-1.2374999999999998,50000,6214,0.12428
1035,-4.5375000000000005,1.6500000000000004,-0.8250000000000002,50000,6351,0.12702
1036,-4.5375000000000005,1.6500000000000004,-0.4124999999999996,50000,6274,0.12548
1037,-4.5375000000000005,1.6500000000000004,0.0,50000,6249,0.12498
1038,-4.5375000000000005,1.6500000000000004,0.4125000000000005,50000,6201,0.12402
1039,-4.5375000000000005,1.6500000000000004,0.8250000000000002,50000,6451,0.12902
1040,-4.5375000000000005,1.6500000000000004,1.2375000000000007,50000,6291,0.12582
1041,-4.5375000000000005,1.6500000000000004,1.6500000000000004,50000,6172,0.12344
1042,-4.5375000000000005,1.6500000000000004,2.0625,50000,6149,0.12298
1043,-4.5375000000000005,1.6500000000000004,2.4750000000000005,50000,5969,0.11938
1044,-4.5375000000000005,1.6500000000000004,2.8875,50000,5889,0.11778
1045,-4.5375000000000005,1.6500000000000004,3.3,50000,5660,0.1132
1046,-4.5375000000000005,1.6500000000000004,3.712500000000001,50000,5725,0.1145
1047,-4.5375000000000005,1.6500000000000004,4.125000000000001,50000,5572,0.11144
1048,-4.5375000000000005,1.6500000000000004,4.5375000000000005,50000,5550,0.111
1049,-4.5375000000000005,1.6500000000000004,4.95,50000,5611,0.11222
1050,-4.5375000000000005,2.0625,-4.95,50000,5405,0.1081
1051,-4.5375000000000005,2.0625,-4.5375000000000005,50000,5511,0.11022
1052,-4.5375000000000005,2.0625,-4.125,50000,5482,0.10964
1053,-4.5375000000000005,2.0625,-3.7125,50000,5530,0.1106
1054,-4.5375000000000005,2.0625,-3.3,50000,5756,0.11512
1055,-4.5375000000000005,2.0625,-2.8875,50000,5805,0.1161
1056,-4.5375000000000005,2.0625,-2.475,50000,5961,0.11922
1057,-4.5375000000000005,2.0625,-2.0625,50000,5923,0.11846
1058,-4.5375000000000005,2.0625,-1.65,50000,6128,0.12256
1059,-4.5375000000000005,2.0625,-1.2374999999999998,50000,6259,0.12518
1060,-4.5375000000000005,2.0625,-0.8250000000000002,50000,6349,0.12698
1061,-4.5375000000000005,2.0625,-0.4124999999999996,50000,6301,0.12602
1062,-4.5375000000000005,2.0625,0.0,50000,6289,0.12578
1063,-4.5375000000000005,2.0625,0.4125000000000005,50000,6306,0.12612
1064,-4.5375000000000005,2.0625,0.8250000000000002,50000,6337,0.12674
1065,-4.5375000000000005,2.0625,1.2375000000000007,50000,6236,0.12472
1066,-4.5375000000000005,2.0625,1.6500000000000004,50000,6061,0.12122
1067,-4.5375000000000005,2.0625,2.0625,50000,6077,0.12154
1068,-4.5375000000000005,2.0625,2.4750000000000005,50000,5995,0.1199
1069,-4.5375000000000005,2.0625,2.8875,50000,5811,0.11622
1070,-4.5375000000000005,2.0625,3.3,50000,5814,0.11628
1071,-4.5375000000000005,2.0625,3.712500000000001,50000,5548,0.11096
1072,-4.5375000000000005,2.0625,4.125000000000001,50000,5673,0.11346
1073,-4.5375000000000005,2.0625,4.5375000000000005,50000,5551,0.11102
1074,-4.5375000000000005,2.0625,4.95,50000,5516,0.11032
1075,-4.5375000000000005,2.4750000000000005,-4.95,50000,5405,0.1081
1076,-4.5375000000000005,2.4750000000000005,-4.5375000000000005,50000,5235,0.1047
1077,-4.5375000000000005,2.4750000000000005,-4.125,50000,5266,0.10532
1078,-4.5375000000000005,2.4750000000000005,-3.7125,50000,5382,0.10764
1079,-4.5375000000000005,2.4750000000000005,-3.3,50000,5500,0.11
1080,-4.5375000000000005,2.4750000000000005,-2.8875,50000,5748,0.11496
1081,-4.5375000000000005,2.4750000000000005,-2.475,50000,5847,0.11694
1082,-4.5375000000000005,2.4750000000000005,-2.0625,50000,5970,0.1194
1083,-4.5375000000000005,2.4750000000000005,-1.65,50000,6000,0.12
1084,-4.5375000000000005,2.4750000000000005,-1.2374999999999998,50000,6244,0.12488
1085,-4.5375000000000005,2.4750000000000005,-0.8250000000000002,50000,6171,0.12342
1086,-4.5375000000000005,2.4750000000000005,-0.4124999999999996,50000,6289,0.12578
1087,-4.5375000000000005,2.4750000000000005,0.0,50000,6274,0.12548
1088,-4.5375000000000005,2.4750000000000005,0.4125000000000005,50000,6257,0.12514
1089,-4.5375000000000005,2.4750000000000005,0.8250000000000002,50000,6285,0.1257
1090,-4.5375000000000005,2.4750000000000005,1.2375000000000007,50000,6179,0.12358
1091,-4.5375000000000005,2.4750000000000005,1.6500000000000004,50000,5934,0.11868
1092,-4.5375000000000005,2.4750000000000005,2.0625,50000,5943,0.11886
1093,-4.5375000000000005,2.4750000000000005,2.4750000000000005,50000,5800,0.116
1094,-4.5375000000000005,2.4750000000000005,2.8875,50000,5668,0.11336
1095,-4.5375000000000005,2.4750000000000005,3.3,50000,5471,0.10942
1096,-4.5375000000000005,2.4750000000000005,3.712500000000001,50000,5483,0.10966
1097,-4.5375000000000005,2.4750000000000005,4.125000000000001,50000,5261,0.10522
1098,-4.5375000000000005,2.4750000000000005,4.5375000000000005,50000,5294,0.10588
1099,-4.5375000000000005,2.4750000000000005,4.95,50000,5200,0.104
1100,-4.5375000000000005,2.8875,-4.95,50000,5105,0.1021
1101,-4.5375000000000005,2.8875,-4.5375000000000005,50000,5098,0.10196
1102,-4.5375000000000005,2.8875,-4.125,50000,5231,0.10462
1103,-4.5375000000000005,2.8875,-3.7125,50000,5180,0.1036
1104,-4.5375000000000005,2.8875,-3.3,50000,5220,0.1044
1105,-4.5375000000000005,2.8875,-2.8875,50000,5500,0.11
1106,-4.5375000000000005,2.8875,-2.475,50000,5578,0.11156
1107,-4.5375000000000005,2.8875,-2.0625,50000,5802,0.11604
1108,-4.5375000000000005,2.8875,-1.65,50000,5903,0.11806
1109,-4.5375000000000005,2.8875,-1.2374999999999998,50000,6060,0.1212
1110,-4.5375000000000005,2.8875,-0.8250000000000002,50000,6026,0.12052
1111,-4.5375000000000005,2.8875,-0.4124999999999996,50000,6092,0.12184
1112,-4.5375000000000005,2.8875,0.0,50000,6269,0.12538
1113,-4.5375000000000005,2.8875,0.4125000000000005,50000,6026,0.12052
1114,-4.5375000000000005,2.8875,0.8250000000000002,50000,6041,0.12082
1115,-4.5375000000000005,2.8875,1.2375000000000007,50000,5894,0.11788
1116,-4.5375000000000005,2.8875,1.6500000000000004,50000,5966,0.11932
1117,-4.5375000000000005,2.8875,2.0625,50000,5762,0.11524
1118,-4.5375000000000005,2.8875,2.4750000000000005,50000,5582,0.11164
1119,-4.5375000000000005,2.8875,2.8875,50000,5464,0.10928
1120,-4.5375000000000005,2.8875,3.3,50000,5223,0.10446
1121,-4.5375000000000005,2.8875,3.712500000000001,50000,5245,0.1049
1122,-4.5375000000000005,2.8875,4.125000000000001,50000,5129,0.10258
1123,-4.5375000000000005,2.8875,4.5375000000000005,50000,5033,0.10066
1124,-4.5375000000000005,2.8875,4.95,50000,5099,0.10198
1125,-4.5375000000000005,3.3,-4.95,50000,4735,0.0947
1126,-4.5375000000000005,3.3,-4.5375000000000005,50000,4741,0.09482
1127,-4.5375000000000005,3.3,-4.125,50000,4903,0.09806
1128,-4.5375000000000005,3.3,-3.7125,50000,4749,0.09498
1129,-4.5375000000000005,3.3,-3.3,50000,5027,0.10054
1130,-4.5375000000000005,3.3,-2.8875,50000,5215,0.1043
1131,-4.5375000000000005,3.3,-2.475,50000,5372,0.10744
1132,-4.5375000000000005,3.3,-2.0625,50000,5562,0.11124
1133,-4.5375000000000005,3.3,-1.65,50000,5672,0.11344
1134,-4.5375000000000005,3.3,-1.2374999999999998,50000,5716,0.11432
1135,-4.5375000000000005,3.3,-0.8250000000000002,50000,5743,0.11486
1136,-4.5375000000000005,3.3,-0.4124999999999996,50000,5835,0.1167
1137,-4.5375000000000005,3.3,0.0,50000,5824,0.11648
1138,-4.5375000000000005,3.3,0.4125000000000005,50000,5801,0.11602
1139,-4.5375000000000005,3.3,0.8250000000000002,50000,5863,0.11726
1140,-4.5375000000000005,3.3,1.2375000000000007,50000,5764,0.11528
1141,-4.5375000000000005,3.3,1.6500000000000004,50000,5633,0.11266
1142,-4.5375000000000005,3.3,2.0625,50000,5464,0.10928
1143,-4.5375000000000005,3.3,2.4750000000000005,50000,5409,0.10818
1144,-4.5375000000000005,3.3,2.8875,50000,5124,0.10248
1145,-4.5375000000000005,3.3,3.3,50000,5041,0.10082
1146,-4.5375000000000005,3.3,3.712500000000001,50000,4902,0.09804
1147,-4.5375000000000005,3.3,4.125000000000001,50000,4743,0.09486
1148,-4.5375000000000005,3.3,4.5375000000000005,50000,4734,0.09468
1149,-4.5375000000000005,3.3,4.95,50000,4721,0.09442
1150,-4.5375000000000005,3.712500000000001,-4.95,50000,4409,0.08818
1151,-4.5375000000000005,3.712500000000001,-4.5375000000000005,50000,4339,0.08678
1152,-4.5375000000000005,3.712500000000001,-4.125,50000,4428,0.08856
1153,-4.5375000000000005,3.712500000000001,-3.7125,50000,4470,0.0894
1154,-4.5375000000000005,3.712500000000001,-3.3,50000,4553,0.09106
1155,-4.5375000000000005,3.712500000000001,-2.8875,50000,4786,0.09572
1156,-4.5375000000000005,3.712500000000001,-2.475,50000,4975,0.0995
1157,-4.5375000000000005,3.712500000000001,-2.0625,50000,5001,0.10002
1158,-4.5375000000000005,3.712500000000001,-1.65,50000,5215,0.1043
1159,-4.5375000000000005,3.712500000000001,-1.2374999999999998,50000,5416,0.10832
1160,-4.5375000000000005,3.712500000000001,-0.8250000000000002,50000,5387,0.10774
1161,-4.5375000000000005,3.712500000000001,-0.4124999999999996,50000,5424,0.10848
1162,-4.5375000000000005,3.712500000000001,0.0,50000,5414,0.10828
1163,-4.5375000000000005,3.712500000000001,0.4125000000000005,50000,5402,0.10804
1164,-4.5375000000000005,3.712500000000001,0.8250000000000002,50000,5262,0.10524
1165,-4.5375000000000005,3.712500000000001,1.2375000000000007,50000,5262,0.10524
1166,-4.5375000000000005,3.712500000000001,1.6500000000000004,50000,5220,0.1044
1167,-4.5375000000000005,3.712500000000001,2.0625,50000,5154,0.10308
1168,-4.5375000000000005,3.712500000000001,2.4750000000000005,50000,4913,0.09826
1169,-4.5375000000000005,3.712500000000001,2.8875,50000,4728,0.09456
1170,-4.5375000000000005,3.712500000000001,3.3,50000,4562,0.09124
1171,-4.5375000000000005,3.712500000000001,3.712500000000001,50000,4443,0.08886
1172,-4.5375000000000005,3.712500000000001,4.125000000000001,50000,4288,0.08576
1173,-4.5375000000000005,3.712500000000001,4.5375000000000005,50000,4285,0.0857
1174,-4.5375000000000005,3.712500000000001,4.95,50000,4259,0.08518
1175,-4.5375000000000005,4.125000000000001,-4.95,50000,3831,0.07662
1176,-4.5375000000000005,4.125000000000001,-4.5375000000000005,50000,3670,0.0734
1177,-4.5375000000000005,4.125000000000001,-4.125,50000,3861,0.07722
1178,-4.5375000000000005,4.125000000000001,-3.7125,50000,3824,0.07648
1179,-4.5375000000000005,4.125000000000001,-3.3,50000,3931,0.07862
1180,-4.5375000000000005,4.125000000000001,-2.8875,50000,4239,0.08478
1181,-4.5375000000000005,4.125000000000001,-2.475,50000,4226,0.08452
1182,-4.5375000000000005,4.125000000000001,-2.0625,50000,4458,0.08916
1183,-4.5375000000000005,4.125000000000001,-1.65,50000,4569,0.09138
1184,-4.5375000000000005,4.125000000000001,-1.2374999999999998,50000,4641,0.09282
1185,-4.5375000000000005,4.125000000000001,-0.8250000000000002,50000,4798,0.09596
1186,-4.5375000000000005,4.125000000000001,-0.4124999999999996,50000,4723,0.09446
1187,-4.5375000000000005,4.125000000000001,0.0,50000,4667,0.09334
1188,-4.5375000000000005,4.125000000000001,0.4125000000000005,50000,4664,0.09328
1189,-4.5375000000000005,4.125000000000001,0.8250000000000002,50000,4600,0.092
1190,-4.5375000000000005,4.125000000000001,1.2375000000000007,50000,4560,0.0912
1191,-4.5375000000000005,4.125000000000001,1.6500000000000004,50000,4499,0.08998
1192,-4.5375000000000005,4.125000000000001,2.0625,50000,4513,0.09026
1193,-4.5375000000000005,4.125000000000001,2.4750000000000005,50000,4363,0.08726
1194,-4.5375000000000005,4.125000000000001,2.8875,50000,4142,0.08284
1195,-4.5375000000000005,4.125000000000001,3.3,50000,4028,0.08056
1196,-4.5375000000000005,4.125000000000001,3.712500000000001,50000,3875,0.0775
1197,-4.5375000000000005,4.125000000000001,4.125000000000001,50000,3801,0.07602
1198,-4.5375000000000005,4.125000000000001,4.5375000000000005,50000,3705,0.0741
1199,-4.5375000000000005,4.125000000000001,4.95,50000,3738,0.07476
1200,-4.5375000000000005,4.5375000000000005,-4.95,50000,3099,0.06198
1201,-4.5375000000000005,4.5375000000000005,-4.5375000000000005,50000,3021,0.06042
1202,-4.5375000000000005,4.5375000000000005,-4.125,50000,3046,0.06092
1203,-4.5375000000000005,4.5375000000000005,-3.7125,50000,3140,0.0628
1204,-4.5375000000000005,4.5375000000000005,-3.3,50000,3387,0.06774
1205,-4.5375000000000005,4.5375000000000005,-2.8875,50000,3398,0.06796
1206,-4.5375000000000005,4.5375000000000005,-2.475,50000,3582,0.07164
1207,-4.5375000000000005,4.5375000000000005,-2.0625,50000,3623,0.07246
1208,-4.5375000000000005,4.5375000000000005,-1.65,50000,3692,0.07384
1209,-4.5375000000000005,4.5375000000000005,-1.2374999999999998,50000,3795,0.0759
1210,-4.5375000000000005,4.5375000000000005,-0.8250000000000002,50000,3895,0.0779
1211,-4.5375000000000005,4.5375000000000005,-0.4124999999999996,50000,3925,0.0785
1212,-4.5375000000000005,4.5375000000000005,0.0,50000,3832,0.07664
1213,-4.5375000000000005,4.5375000000000005,0.4125000000000005,50000,3753,0.07506
1214,-4.5375000000000005,4.5375000000000005,0.8250000000000002,50000,3738,0.07476
1215,-4.5375000000000005,4.5375000000000005,1.2375000000000007,50000,3794,0.07588
1216,-4.5375000000000005,4.5375000000000005,1.6500000000000004,50000,3702,0.07404
1217,-4.5375000000000005,4.5375000000000005,2.0625,50000,3614,0.07228
1218,-4.5375000000000005,4.5375000000000005,2.4750000000000005,50000,3537,0.07074
1219,-4.5375000000000005,4.5375000000000005,2.8875,50000,3405,0.0681
1220,-4.5375000000000005,4.5375000000000005,3.3,50000,3355,0.0671
1221,-4.5375000000000005,4.5375000000000005,3.712500000000001,50000,3127,0.06254
1222,-4.5375000000000005,4.5375000000000005,4.125000000000001,50000,3052,0.06104
1223,-4.5375000000000005,4.5375000000000005,4.5375000000000005,50000,2957,0.05914
1224,-4.5375000000000005,4.5375000000000005,4.95,50000,3064,0.06128
1225,-4.5375000000000005,4.95,-4.95,50000,2125,0.0425
1226,-4.5375000000000005,4.95,-4.5375000000000005,50000,2193,0.04386
1227,-4.5375000000000005,4.95,-4.125,50000,2296,0.04592
1228,-4.5375000000000005,4.95,-3.7125,50000,2311,0.04622
1229,-4.5375000000000005,4.95,-3.3,50000,2494,0.04988
1230,-4.5375000000000005,4.95,-2.8875,50000,2474,0.04948
1231,-4.5375000000000005,4.95,-2.475,50000,2536,0.05072
1232,-4.5375000000000005,4.95,-2.0625,50000,2508,0.05016
1233,-4.5375000000000005,4.95,-1.65,50000,2629,0.05258
1234,-4.5375000000000005,4.95,-1.2374999999999998,50000,2633,0.05266
1235,-4.5375000000000005,4.95,-0.8250000000000002,50000,2696,0.05392
1236,-4.5375000000000005,4.95,-0.4124999999999996,50000,2680,0.0536
1237,-4.5375000000000005,4.95,0.0,50000,2653,0.05306
1238,-4.5375000000000005,4.95,0.4125000000000005,50000,2668,0.05336
1239,-4.5375000000000005,4.95,0.8250000000000002,50000,2636,0.05272
1240,-4.5375000000000005,4.95,1.2375000000000007,50000,2664,0.05328
1241,-4.5375000000000005,4.95,1.6500000000000004,50000,2636,0.05272
1242,-4.5375000000000005,4.95,2.0625,50000,2594,0.05188
1243,-4.5375000000000005,4.95,2.4750000000000005,50000,2614,0.05228
1244,-4.5375000000000005,4.95,2.8875,50000,2512,0.05024
1245,-4.5375000000000005,4.95,3.3,50000,2367,0.04734
1246,-4.5375000000000005,4.95,3.712500000000001,50000,2385,0.0477
1247,-4.5375000000000005,4.95,4.125000000000001,50000,2357,0.04714
1248,-4.5375000000000005,4.95,4.5375000000000005,50000,2194,0.04388
1249,-4.5375000000000005,4.95,4.95,50000,2112,0.04224
1250,-4.125,-4.95,-4.95,50000,5353,0.10706
1251,-4.125,-4.95,-4.5375000000000005,50000,5551,0.11102
1252,-4.125,-4.95,-4.125,50000,5569,0.11138
1253,-4.125,-4.95,-3.7125,50000,5533,0.11066
1254,-4.125,-4.95,-3.3,50000,5568,0.11136
1255,-4.125,-4.95,-2.8875,50000,5761,0.11522
1256,-4.125,-4.95,-2.475,50000,5548,0.11096
1257,-4.125,-4.95,-2.0625,50000,5775,0.1155
1258,-4.125,-4.95,-1.65,50000,5669,0.11338
1259,-4.125,-4.95,-1.2374999999999998,50000,5736,0.11472
1260,-4.125,-4.95,-0.8250000000000002,50000,5845,0.1169
1261,-4.125,-4.95,-0.4124999999999996,50000,5707,0.11414
1262,-4.125,-4.95,0.0,50000,5802,0.11604
1263,-4.125,-4.95,0.4125000000000005,50000,5727,0.11454
1264,-4.125,-4.95,0.8250000000000002,50000,5706,0.11412
1265,-4.125,-4.95,1.2375000000000007,50000,5907,0.11814
1266,-4.125,-4.95,1.6500000000000004,50000,5834,0.11668
1267,-4.125,-4.95,2.0625,50000,5712,0.11424
1268,-4.125,-4.95,2.4750000000000005,50000,5766,0.11532
1269,-4.125,-4.95,2.8875,50000,5682,0.11364
1270,-4.125,-4.95,3.3,50000,5606,0.11212
1271,-4.125,-4.95,3.712500000000001,50000,5592,0.11184
1272,-4.125,-4.95,4.125000000000001,50000,5552,0.11104
1273,-4.125,-4.95,4.5375000000000005,50000,5540,0.1108
1274,-4.125,-4.95,4.95,50000,5377,0.10754
1275,-4.125,-4.5375000000000005,-4.95,50000,5438,0.10876
1276,-4.125,-4.5375000000000005,-4.5375000000000005,50000,5552,0.11104
1277,-4.125,-4.5375000000000005,-4.125,50000,5458,0.10916
1278,-4.125,-4.5375000000000005,-3.7125,50000,5590,0.1118
1279,-4.125,-4.5375000000000005,-3.3,50000,5579,0.11158
1280,-4.125,-4.5375000000000005,-2.8875,50000,5611,0.11222
1281,-4.125,-4.5375000000000005,-2.475,50000,5693,0.11386
1282,-4.125,-4.5375000000000005,-2.0625,50000,5730,0.1146
1283,-4.125,-4.5375000000000005,-1.65,50000,5802,0.11604
1284,-4.125,-4.5375000000000005,-1.2374999999999998,50000,5752,0.11504
1285,-4.125,-4.5375000000000005,-0.8250000000000002,50000,5815,0.1163
1286,-4.125,-4.5375000000000005,-0.4124999999999996,50000,5747,0.11494
1287,-4.125,-4.5375000000000005,0.0,50000,5731,0.11462
1288,-4.125,-4.5375000000000005,0.4125000000000005,50000,5752,0.11504
1289,-4.125,-4.5375000000000005,0.8250000000000002,50000,5729,0.11458
1290,-4.125,-4.5375000000000005,1.2375000000000007,50000,5733,0.11466
1291,-4.125,-4.5375000000000005,1.6500000000000004,50000,5727,0.11454
1292,-4.125,-4.5375000000000005,2.0625,50000,5706,0.11412
1293,-4.125,-4.5375000000000005,2.4750000000000005,50000,5813,0.11626
1294,-4.125,-4.5375000000000005,2.8875,50000,5511,0.11022
1295,-4.125,-4.5375000000000005,3.3,50000,5577,0.11154
1296,-4.125,-4.5375000000000005,3.712500000000001,50000,5518,0.11036
1297,-4.125,-4.5375000000000005,4.125000000000001,50000,5492,0.10984
1298,-4.125,-4.5375000000000005,4.5375000000000005,50000,5539,0.11078
1299,-4.125,-4.5375000000000005,4.95,50000,5463,0.10926
1300,-4.125,-4.125,-4.95,50000,5620,0.1124
1301,-4.125,-4.125,-4.5375000000000005,50000,5395,0.1079
1302,-4.125,-4.125,-4.125,50000,5563,0.11126
1303,-4.125,-4.125,-3.7125,50000,5581,0.11162
1304,-4.125,-4.125,-3.3,50000,5567,0.11134
1305,-4.125,-4.125,-2.8875,50000,5730,0.1146
1306,-4.125,-4.125,-2.475,50000,5730,0.1146
1307,-4.125,-4.125,-2.0625,50000,5767,0.11534
1308,-4.125,-4.125,-1.65,50000,5689,0.11378
1309,-4.125,-4.125,-1.2374999999999998,50000,5751,0.11502
1310,-4.125,-4.125,-0.8250000000000002,50000,5740,0.1148
1311,-4.125,-4.125,-0.4124999999999996,50000,5835,0.1167
1312,-4.125,-4.125,0.0,50000,5733,0.11466
1313,-4.125,-4.125,0.4125000000000005,50000,5754,0.11508
1314,-4.125,-4.125,0.8250000000000002,50000,5727,0.11454
1315,-4.125,-4.125,1.2375000000000007,50000,5713,0.11426
1316,-4.125,-4.125,1.6500000000000004,50000,5656,0.11312
1317,-4.125,-4.125,2.0625,50000,5730,0.1146
1318,-4.125,-4.125,2.4750000000000005,50000,5746,0.11492
1319,-4.125,-4.125,2.8875,50000,5681,0.11362
1320,-4.125,-4.125,3.3,50000,5558,0.11116
1321,-4.125,-4.125,3.712500000000001,50000,5520,0.1104
1322,-4.125,-4.125,4.125000000000001,50000,5502,0.11004
1323,-4.125,-4.125,4.5375000000000005,50000,5488,0.10976
1324,-4.125,-4.125,4.95,50000,5528,0.11056
1325,-4.125,-3.7125,-4.95,50000,5594,0.11188
1326,-4.125,-3.7125,-4.5375000000000005,50000,5525,0.1105
1327,-4.125,-3.7125,-4.125,50000,5524,0.11048
1328,-4.125,-3.7125,-3.7125,50000,5559,0.11118
1329,-4.125,-3.7125,-3.3,50000,5542,0.11084
1330,-4.125,-3.7125,-2.8875,50000,5678,0.11356
1331,-4.125,-3.7125,-2.475,50000,5627,0.11254
1332,-4.125,-3.7125,-2.0625,50000,5711,0.11422
1333,-4.125,-3.7125,-1.65,50000,5692,0.11384
1334,-4.125,-3.7125,-1.2374999999999998,50000,5791,0.11582
1335,-4.125,-3.7125,-0.8250000000000002,50000,5664,0.11328
1336,-4.125,-3.7125,-0.4124999999999996,50000,5726,0.11452
1337,-4.125,-3.7125,0.0,50000,5831,0.11662
1338,-4.125,-3.7125,0.4125000000000005,50000,5785,0.1157
1339,-4.125,-3.7125,0.8250000000000002,50000,5703,0.11406
1340,-4.125,-3.7125,1.2375000000000007,50000,5610,0.1122
1341,-4.125,-3.7125,1.6500000000000004,50000,5638,0.11276
1342,-4.125,-3.7125,2.0625,50000,5776,0.11552
1343,-4.125,-3.7125,2.4750000000000005,50000,5875,0.1175
1344,-4.125,-3.7125,2.8875,50000,5747,0.11494
1345,-4.125,-3.7125,3.3,50000,5487,0.10974
1346,-4.125,-3.7125,3.712500000000001,50000,5654,0.11308
1347,-4.125,-3.7125,4.125000000000001,50000,5629,0.11258
1348,-4.125,-3.7125,4.5375000000000005,50000,5640,0.1128
1349,-4.125,-3.7125,4.95,50000,5505,0.1101
1350,-4.125,-3.3,-4.95,50000,5479,0.10958
1351,-4.125,-3.3,-4.5375000000000005,50000,5582,0.11164
1352,-4.125,-3.3,-4.125,50000,5498,0.10996
1353,-4.125,-3.3,-3.7125,50000,5634,0.11268
1354,-4.125,-3.3,-3.3,50000,5674,0.11348
1355,-4.125,-3.3,-2.8875,50000,5631,0.11262
1356,-4.125,-3.3,-2.475,50000,5568,0.11136
1357,-4.125,-3.3,-2.0625,50000,5725,0.1145
1358,-4.125,-3.3,-1.65,50000,5768,0.11536
1359,-4.125,-3.3,-1.2374999999999998,50000,5823,0.11646
1360,-4.125,-3.3,-0.8250000000000002,50000,5741,0.11482
1361,-4.125,-3.3,-0.4124999999999996,50000,5773,0.11546
1362,-4.125,-3.3,0.0,50000,5646,0.11292
1363,-4.125,-3.3,0.4125000000000005,50000,5817,0.11634
1364,-4.125,-3.3,0.8250000000000002,50000,5810,0.1162
1365,-4.125,-3.3,1.2375000000000007,50000,5800,0.116
1366,-4.125,-3.3,1.6500000000000004,50000,5637,0.11274
1367,-4.125,-3.3,2.0625,50000,5797,0.11594
1368,-4.125,-3.3,2.4750000000000005,50000,5599,0.11198
1369,-4.125,-3.3,2.8875,50000,5675,0.1135
1370,-4.125,-3.3,3.3,50000,5687,0.11374
1371,-4.125,-3.3,3.712500000000001,50000,5641,0.11282
1372,-4.125,-3.3,4.125000000000001,50000,5705,0.1141
1373,-4.125,-3.3,4.5375000000000005,50000,5615,0.1123
1374,-4.125,-3.3,4.95,50000,5569,0.11138
1375,-4.125,-2.8875,-4.95,50000,5564,0.11128
1376,-4.125,-2.8875,-4.5375000000000005,50000,5632,0.11264
1377,-4.125,-2.8875,-4.125,50000,5588,0.11176
1378,-4.125,-2.8875,-3.7125,50000,5728,0.11456
1379,-4.125,-2.8875,-3.3,50000,5519,0.11038
1380,-4.125,-2.8875,-2.8875,50000,5751,0.11502
1381,-4.125,-2.8875,-2.475,50000,5744,0.11488
1382,-4.125,-2.8875,-2.0625,50000,5841,0.11682
1383,-4.125,-2.8875,-1.65,50000,5741,0.11482
1384,-4.125,-2.8875,-1.2374999999999998,50000,5827,0.11654
1385,-4.125,-2.8875,-0.8250000000000002,50000,5849,0.11698
1386,-4.125,-2.8875,-0.4124999999999996,50000,5889,0.11778
1387,-4.125,-2.8875,0.0,50000,5756,0.11512
1388,-4.125,-2.8875,0.4125000000000005,50000,5813,0.11626
1389,-4.125,-2.8875,0.8250000000000002,50000,5773,0.11546
1390,-4.125,-2.8875,1.2375000000000007,50000,5679,0.11358
1391,-4.125,-2.8875,1.6500000000000004,50000,5800,0.116
1392,-4.125,-2.8875,2.0625,50000,5866,0.11732
1393,-4.125,-2.8875,2.4750000000000005,50000,5678,0.11356
1394,-4.125,-2.8875,2.8875,50000,5583,0.11166
1395,-4.125,-2.8875,3.3,50000,5699,0.11398
1396,-4.125,-2.8875,3.712500000000001,50000,5637,0.11274
1397,-4.125,-2.8875,4.125000000000001,50000,5771,0.11542
1398,-4.125,-2.8875,4.5375000000000005,50000,5756,0.11512
1399,-4.125,-2.8875,4.95,50000,5586,0.11172
1400,-4.125,-2.475,-4.95,50000,5686,0.11372
1401,-4.125,-2.475,-4.5375000000000005,50000,5568,0.11136
1402,-4.125,-2.475,-4.125,50000,5516,0.11032
1403,-4.125,-2.475,-3.7125,50000,5659,0.11318
1404,-4.125,-2.475,-3.3,50000,5776,0.11552
1405,-4.125,-2.475,-2.8875,50000,5638,0.11276
1406,-4.125,-2.475,-2.475,50000,5694,0.11388
1407,-4.125,-2.475,-2.0625,50000,5863,0.11726
1408,-4.125,-2.475,-1.65,50000,5606,0.11212
1409,-4.125,-2.475,-1.2374999999999998,50000,5726,0.11452
1410,-4.125,-2.475,-0.8250000000000002,50000,5774,0.11548
1411,-4.125,-2.475,-0.4124999999999996,50000,5855,0.1171
1412,-4.125,-2.475,0.0,50000,5794,0.11588
1413,-4.125,-2.475,0.4125000000000005,50000,5860,0.1172
1414,-4.125,-2.475,0.8250000000000002,50000,5768,0.11536
1415,-4.125,-2.475,1.2375000000000007,50000,5773,0.11546
1416,-4.125,-2.475,1.6500000000000004,50000,5704,0.11408
1417,-4.125,-2.475,2.0625,50000,5816,0.11632
1418,-4.125,-2.475,2.4750000000000005,50000,5701,0.11402
1419,-4.125,-2.475,2.8875,50000,5898,0.11796
1420,-4.125,-2.475,3.3,50000,5669,0.11338
1421,-4.125,-2.475,3.712500000000001,50000,5641,0.11282
1422,-4.125,-2.475,4.125000000000001,50000,5641,0.11282
1423,-4.125,-2.475,4.5375000000000005,50000,5553,0.11106
1424,-4.125,-2.475,4.95,50000,5710,0.1142
1425,-4.125,-2.0625,-4.95,50000,5698,0.11396
1426,-4.125,-2.0625,-4.5375000000000005,50000,5672,0.11344
1427,-4.125,-2.0625,-4.125,50000,5698,0.11396
1428,-4.125,-2.0625,-3.7125,50000,5709,0.11418
1429,-4.125,-2.0625,-3.3,50000,5719,0.11438
1430,-4.125,-2.0625,-2.8875,50000,5709,0.11418
1431,-4.125,-2.0625,-2.475,50000,5720,0.1144
1432,-4.125,-2.0625,-2.0625,50000,5772,0.11544
1433,-4.125,-2.0625,-1.65,50000,5790,0.1158
1434,-4.125,-2.0625,-1.2374999999999998,50000,5888,0.11776
1435,-4.125,-2.0625,-0.8250000000000002,50000,5788,0.11576
1436,-4.125,-2.0625,-0.4124999999999996,50000,5807,0.11614
1437,-4.125,-2.0625,0.0,50000,5894,0.11788
1438,-4.125,-2.0625,0.4125000000000005,50000,5895,0.1179
1439,-4.125,-2.0625,0.8250000000000002,50000,5970,0.1194
1440,-4.125,-2.0625,1.2375000000000007,50000,5824,0.11648
1441,-4.125,-2.0625,1.6500000000000004,50000,5802,0.11604
1442,-4.125,-2.0625,2.0625,50000,5973,0.11946
1443,-4.125,-2.0625,2.4750000000000005,50000,5752,0.11504
1444,-4.125,-2.0625,2.8875,50000,5714,0.11428
1445,-4.125,-2.0625,3.3,50000,5745,0.1149
1446,-4.125,-2.0625,3.712500000000001,50000,5613,0.11226
1447,-4.125,-2.0625,4.125000000000001,50000,5552,0.11104
1448,-4.125,-2.0625,4.5375000000000005,50000,5506,0.11012
1449,-4.125,-2.0625,4.95,50000,5697,0.11394
1450,-4.125,-1.65,-4.95,50000,5610,0.1122
1451,-4.125,-1.65,-4.5375000000000005,50000,5661,0.11322
1452,-4.125,-1.65,-4.125,50000,5662,0.11324
1453,-4.125,-1.65,-3.7125,50000,5716,0.11432
1454,-4.125,-1.65,-3.3,50000,5736,0.11472
1455,-4.125,-1.65,-2.8875,50000,5741,0.11482
1456,-4.125,-1.65,-2.475,50000,5869,0.11738
1457,-4.125,-1.65,-2.0625,50000,5908,0.11816
1458,-4.125,-1.65,-1.65,50000,5873,0.11746
1459,-4.125,-1.65,-1.2374999999999998,50000,5920,0.1184
1460,-4.125,-1.65,-0.8250000000000002,50000,5909,0.11818
1461,-4.125,-1.65,-0.4124999999999996,50000,5949,0.11898
1462,-4.125,-1.65,0.0,50000,5898,0.11796
1463,-4.125,-1.65,0.4125000000000005,50000,6060,0.1212
1464,-4.125,-1.65,0.8250000000000002,50000,5902,0.11804
1465,-4.125,-1.65,1.2375000000000007,50000,5792,0.11584
1466,-4.125,-1.65,1.6500000000000004,50000,5785,0.1157
1467,-4.125,-1.65,2.0625,50000,5853,0.11706
1468,-4.125,-1.65,2.4750000000000005,50000,5854,0.11708
1469,-4.125,-1.65,2.8875,50000,5769,0.11538
1470,-4.125,-1.65,3.3,50000,5578,0.11156
1471,-4.125,-1.65,3.712500000000001,50000,5692,0.11384
1472,-4.125,-1.65,4.125000000000001,50000,5767,0.11534
1473,-4.125,-1.65,4.5375000000000005,50000,5682,0.11364
1474,-4.125,-1.65,4.95,50000,5531,0.11062
1475,-4.125,-1.2374999999999998,-4.95,50000,5529,0.11058
1476,-4.125,-1.2374999999999998,-4.5375000000000005,50000,5661,0.11322
1477,-4.125,-1.2374999999999998,-4.125,50000,5731,0.11462
1478,-4.125,-1.2374999999999998,-3.7125,50000,5861,0.11722
1479,-4.125,-1.2374999999999998,-3.3,50000,5859,0.11718
1480,-4.125,-1.2374999999999998,-2.8875,50000,5743,0.11486
1481,-4.125,-1.2374999999999998,-2.475,50000,5989,0.11978
1482,-4.125,-1.2374999999999998,-2.0625,50000,5829,0.11658
1483,-4.125,-1.2374999999999998,-1.65,50000,5774,0.11548
1484,-4.125,-1.2374999999999998,-1.2374999999999998,50000,5937,0.11874
1485,-4.125,-1.2374999999999998,-0.8250000000000002,50000,5961,0.11922
1486,-4.125,-1.2374999999999998,-0.4124999999999996,50000,6012,0.12024
1487,-4.125,-1.2374999999999998,0.0,50000,5969,0.11938
1488,-4.125,-1.2374999999999998,0.4125000000000005,50000,6066,0.12132
1489,-4.125,-1.2374999999999998,0.8250000000000002,50000,6025,0.1205
1490,-4.125,-1.2374999999999998,1.2375000000000007,50000,6019,0.12038
1491,-4.125,-1.2374999999999998,1.6500000000000004,50000,5870,0.1174
1492,-4.125,-1.2374999999999998,2.0625,50000,5823,0.11646
1493,-4.125,-1.2374999999999998,2.4750000000000005,50000,5885,0.1177
1494,-4.125,-1.2374999999999998,2.8875,50000,6026,0.12052
1495,-4.125,-1.2374999999999998,3.3,50000,5801,0.11602
1496,-4.125,-1.2374999999999998,3.712500000000001,50000,5777,0.11554
1497,-4.125,-1.2374999999999998,4.125000000000001,50000,5671,0.11342
1498,-4.125,-1.2374999999999998,4.5375000000000005,50000,5778,0.11556
1499,-4.125,-1.2374999999999998,4.95,50000,5744,0.11488
1500,-4.125,-0.8250000000000002,-4.95,50000,5707,0.11414
1501,-4.125,-0.8250000000000002,-4.5375000000000005,50000,5802,0.11604
1502,-4.125,-0.8250000000000002,-4.125,50000,5670,0.1134
1503,-4.125,-0.8250000000000002,-3.7125,50000,5703,0.11406
1504,-4.125,-0.8250000000000002,-3.3,50000,5828,0.11656
1505,-4.125,-0.8250000000000002,-2.8875,50000,5866,0.11732
1506,-4.125,-0.8250000000000002,-2.475,50000,5844,0.11688
1507,-4.125,-0.8250000000000002,-2.0625,50000,6014,0.12028
1508,-4.125,-0.8250000000000002,-1.65,50000,5943,0.11886
1509,-4.125,-0.8250000000000002,-1.2374999999999998,50000,6118,0.12236
1510,-4.125,-0.8250000000000002,-0.8250000000000002,50000,5969,0.11938
1511,-4.125,-0.8250000000000002,-0.4124999999999996,50000,6050,0.121
1512,-4.125,-0.8250000000000002,0.0,50000,6113,0.12226
1513,-4.125,-0.8250000000000002,0.4125000000000005,50000,6002,0.12004
1514,-4.125,-0.8250000000000002,0.8250000000000002,50000,6011,0.12022
1515,-4.125,-0.8250000000000002,1.2375000000000007,50000,5944,0.11888
1516,-4.125,-0.8250000000000002,1.6500000000000004,50000,5984,0.11968
1517,-4.125,-0.8250000000000002,2.0625,50000,5832,0.11664
1518,-4.125,-0.8250000000000002,2.4750000000000005,50000,5841,0.11682
1519,-4.125,-0.8250000000000002,2.8875,50000,5805,0.1161
1520,-4.125,-0.8250000000000002,3.3,50000,5801,0.11602
1521,-4.125,-0.8250000000000002,3.712500000000001,50000,5835,0.1167
1522,-4.125,-0.8250000000000002,4.125000000000001,50000,5750,0.115
1523,-4.125,-0.8250000000000002,4.5375000000000005,50000,5781,0.11562
1524,-4.125,-0.8250000000000002,4.95,50000,5789,0.11578
1525,-4.125,-0.4124999999999996,-4.95,50000,5846,0.11692
1526,-4.125,-0.4124999999999996,-4.5375000000000005,50000,5841,0.11682
1527,-4.125,-0.4124999999999996,-4.125,50000,5833,0.11666
1528,-4.125,-0.4124999999999996,-3.7125,50000,5886,0.11772
1529,-4.125,-0.4124999999999996,-3.3,50000,5954,0.11908
1530,-4.125,-0.4124999999999996,-2.8875,50000,5838,0.11676
1531,-4.125,-0.4124999999999996,-2.475,50000,5858,0.11716
1532,-4.125,-0.4124999999999996,-2.0625,50000,6043,0.12086
1533,-4.125,-0.4124999999999996,-1.65,50000,6006,0.12012
1534,-4.125,-0.4124999999999996,-1.2374999999999998,50000,6086,0.12172
1535,-4.125,-0.4124999999999996,-0.8250000000000002,50000,6086,0.12172
1536,-4.125,-0.4124999999999996,-0.4124999999999996,50000,6004,0.12008
1537,-4.125,-0.4124999999999996,0.0,50000,6156,0.12312
1538,-4.125,-0.4124999999999996,0.4125000000000005,50000,6080,0.1216
1539,-4.125,-0.4124999999999996,0.8250000000000002,50000,6036,0.12072
1540,-4.125,-0.4124999999999996,1.2375000000000007,50000,6057,0.12114
1541,-4.125,-0.4124999999999996,1.6500000000000004,50000,6000,0.12
1542,-4.125,-0.4124999999999996,2.0625,50000,5936,0.11872
1543,-4.125,-0.4124999999999996,2.4750000000000005,50000,6047,0.12094
1544,-4.125,-0.4124999999999996,2.8875,50000,6056,0.12112
1545,-4.125,-0.4124999999999996,3.3,50000,5807,0.11614
1546,-4.125,-0.4124999999999996,3.712500000000001,50000,5954,0.11908
1547,-4.125,-0.4124999999999996,4.125000000000001,50000,5712,0.11424
1548,-4.125,-0.4124999999999996,4.5375000000000005,50000,5782,0.11564
1549,-4.125,-0.4124999999999996,4.95,50000,5767,0.11534
1550,-4.125,0.0,-4.95,50000,5777,0.11554
1551,-4.125,0.0,-4.5375000000000005,50000,5788,0.11576
1552,-4.125,0.0,-4.125,50000,5848,0.11696
1553,-4.125,0.0,-3.7125,50000,5856,0.11712
1554,-4.125,0.0,-3.3,50000,5861,0.11722
1555,-4.125,0.0,-2.8875,50000,5939,0.11878
1556,-4.125,0.0,-2.475,50000,5934,0.11868
1557,-4.125,0.0,-2.0625,50000,5987,0.11974
1558,-4.125,0.0,-1.65,50000,6144,0.12288
1559,-4.125,0.0,-1.2374999999999998,50000,6121,0.12242
1560,-4.125,0.0,-0.8250000000000002,50000,6130,0.1226
1561,-4.125,0.0,-0.4124999999999996,50000,6140,0.1228
1562,-4.125,0.0,0.0,50000,6054,0.12108
1563,-4.125,0.0,0.4125000000000005,50000,6192,0.12384
1564,-4.125,0.0,0.8250000000000002,50000,6049,0.12098
1565,-4.125,0.0,1.2375000000000007,50000,6026,0.12052
1566,-4.125,0.0,1.6500000000000004,50000,6077,0.12154
1567,-4.125,0.0,2.0625,50000,6176,0.12352
1568,-4.125,0.0,2.4750000000000005,50000,5993,0.11986
1569,-4.125,0.0,2.8875,50000,5784,0.11568
1570,-4.125,0.0,3.3,50000,5816,0.11632
1571,-4.125,0.0,3.712500000000001,50000,6022,0.12044
1572,-4.125,0.0,4.125000000000001,50000,5799,0.11598
1573,-4.125,0.0,4.5375000000000005,50000,5767,0.11534
1574,-4.125,0.0,4.95,50000,5741,0.11482
1575,-4.125,0.4125000000000005,-4.95,50000,5839,0.11678
1576,-4.125,0.4125000000000005,-4.5375000000000005,50000,5757,0.11514
1577,-4.125,0.4125000000000005,-4.125,50000,5906,0.11812
1578,-4.125,0.4125000000000005,-3.7125,50000,5848,0.11696
1579,-4.125,0.4125000000000005,-3.3,50000,5933,0.11866
1580,-4.125,0.4125000000000005,-2.8875,50000,5920,0.1184
1581,-4.125,0.4125000000000005,-2.475,50000,5922,0.11844
1582,-4.125,0.4125000000000005,-2.0625,50000,6102,0.12204
1583,-4.125,0.4125000000000005,-1.65,50000,6166,0.12332
1584,-4.125,0.4125000000000005,-1.2374999999999998,50000,6063,0.12126
1585,-4.125,0.4125000000000005,-0.8250000000000002,50000,6284,0.12568
1586,-4.125,0.4125000000000005,-0.4124999999999996,50000,6211,0.12422
1587,-4.125,0.4125000000000005,0.0,50000,6266,0.12532
1588,-4.125,0.4125000000000005,0.4125000000000005,50000,6221,0.12442
1589,-4.125,0.4125000000000005,0.8250000000000002,50000,6235,0.1247
1590,-4.125,0.4125000000000005,1.2375000000000007,50000,6179,0.12358
1591,-4.125,0.4125000000000005,1.6500000000000004,50000,6128,0.12256
1592,-4.125,0.4125000000000005,2.0625,50000,5993,0.11986
1593,-4.125,0.4125000000000005,2.4750000000000005,50000,5973,0.11946
1594,-4.125,0.4125000000000005,2.8875,50000,5886,0.11772
1595,-4.125,0.4125000000000005,3.3,50000,5911,0.11822
1596,-4.125,0.4125000000000005,3.712500000000001,50000,5996,0.11992
1597,-4.125,0.4125000000000005,4.125000000000001,50000,5893,0.11786
1598,-4.125,0.4125000000000005,4.5375000000000005,50000,5958,0.11916
1599,-4.125,0.4125000000000005,4.95,50000,5770,0.1154
1600,-4.125,0.8250000000000002,-4.95,50000,5907,0.11814
1601,-4.125,0.8250000000000002,-4.5375000000000005,50000,5796,0.11592
1602,-4.125,0.8250000000000002,-4.125,50000,5746,0.11492
1603,-4.125,0.8250000000000002,-3.7125,50000,5931,0.11862
1604,-4.125,0.8250000000000002,-3.3,50000,5931,0.11862
1605,-4.125,0.8250000000000002,-2.8875,50000,6021,0.12042
1606,-4.125,0.8250000000000002,-2.475,50000,6220,0.1244
1607,-4.125,0.8250000000000002,-2.0625,50000,6138,0.12276
1608,-4.125,0.8250000000000002,-1.65,50000,6069,0.12138
1609,-4.125,0.8250000000000002,-1.2374999999999998,50000,6161,0.12322
1610,-4.125,0.8250000000000002,-0.8250000000000002,50000,6274,0.12548
1611,-4.125,0.8250000000000002,-0.4124999999999996,50000,6298,0.12596
1612,-4.125,0.8250000000000002,0.0,50000,6289,0.12578
1613,-4.125,0.8250000000000002,0.4125000000000005,50000,6223,0.12446
1614,-4.125,0.8250000000000002,0.8250000000000002,50000,6256,0.12512
1615,-4.125,0.8250000000000002,1.2375000000000007,50000,6244,0.12488
1616,-4.125,0.8250000000000002,1.6500000000000004,50000,6142,0.12284
1617,-4.125,0.8250000000000002,2.0625,50000,6140,0.1228
1618,-4.125,0.8250000000000002,2.4750000000000005,50000,5984,0.11968
1619,-4.125,0.8250000000000002,2.8875,50000,5993,0.11986
1620,-4.125,0.8250000000000002,3.3,50000,5890,0.1178
1621,-4.125,0.8250000000000002,3.712500000000001,50000,5888,0.11776
1622,-4.125,0.8250000000000002,4.125000000000001,50000,5889,0.11778
1623,-4.125,0.8250000000000002,4.5375000000000005,50000,5797,0.11594
1624,-4.125,0.8250000000000002,4.95,50000,5785,0.1157
1625,-4.125,1.2375000000000007,-4.95,50000,5823,0.11646
1626,-4.125,1.2375000000000007,-4.5375000000000005,50000,5759,0.11518
1627,-4.125,1.2375000000000007,-4.125,50000,5843,0.11686
1628,-4.125,1.2375000000000007,-3.7125,50000,5771,0.11542
1629,-4.125,1.2375000000000007,-3.3,50000,5887,0.11774
1630,-4.125,1.2375000000000007,-2.8875,50000,6042,0.12084
1631,-4.125,1.2375000000000007,-2.475,50000,5987,0.11974
1632,-4.125,1.2375000000000007,-2.0625,50000,6128,0.12256
1633,-4.125,1.2375000000000007,-1.65,50000,6205,0.1241
1634,-4.125,1.2375000000000007,-1.2374999999999998,50000,6158,0.12316
1635,-4.125,1.2375000000000007,-0.8250000000000002,50000,6284,0.12568
1636,-4.125,1.2375000000000007,-0.4124999999999996,50000,6206,0.12412
1637,-4.125,1.2375000000000007,0.0,50000,6226,0.12452
1638,-4.125,1.2375000000000007,0.4125000000000005,50000,6283,0.12566
1639,-4.125,1.2375000000000007,0.8250000000000002,50000,6306,0.12612
1640,-4.125,1.2375000000000007,1.2375000000000007,50000,6374,0.12748
1641,-4.125,1.2375000000000007,1.6500000000000004,50000,6059,0.12118
1642,-4.125,1.2375000000000007,2.0625,50000,6055,0.1211
1643,-4.125,1.2375000000000007,2.4750000000000005,50000,6062,0.12124
1644,-4.125,1.2375000000000007,2.8875,50000,6064,0.12128
1645,-4.125,1.2375000000000007,3.3,50000,5920,0.1184
1646,-4.125,1.2375000000000007,3.712500000000001,50000,5998,0.11996
1647,-4.125,1.2375000000000007,4.125000000000001,50000,5821,0.11642
1648,-4.125,1.2375000000000007,4.5375000000000005,50000,5842,0.11684
1649,-4.125,1.2375000000000007,4.95,50000,5659,0.11318
1650,-4.125,1.6500000000000004,-4.95,50000,5625,0.1125
1651,-4.125,1.6500000000000004,-4.5375000000000005,50000,5701,0.11402
1652,-4.125,1.6500000000000004,-4.125,50000,5760,0.1152
1653,-4.125,1.6500000000000004,-3.7125,50000,5773,0.11546
1654,-4.125,1.6500000000000004,-3.3,50000,5815,0.1163
1655,-4.125,1.6500000000000004,-2.8875,50000,5863,0.11726
1656,-4.125,1.6500000000000004,-2.475,50000,6071,0.12142
1657,-4.125,1.6500000000000004,-2.0625,50000,6107,0.12214
1658,-4.125,1.6500000000000004,-1.65,50000,6208,0.12416
1659,-4.125,1.6500000000000004,-1.2374999999999998,50000,6150,0.123
1660,-4.125,1.6500000000000004,-0.8250000000000002,50000,6264,0.12528
1661,-4.125,1.6500000000000004,-0.4124999999999996,50000,6473,0.12946
1662,-4.125,1.6500000000000004,0.0,50000,6395,0.1279
1663,-4.125,1.6500000000000004,0.4125000000000005,50000,6370,0.1274
1664,-4.125,1.6500000000000004,0.8250000000000002,50000,6311,0.12622
1665,-4.125,1.6500000000000004,1.2375000000000007,50000,6286,0.12572
1666,-4.125,1.6500000000000004,1.6500000000000004,50000,6092,0.12184
1667,-4.125,1.6500000000000004,2.0625,50000,6083,0.12166
1668,-4.125,1.6500000000000004,2.4750000000000005,50000,5969,0.11938
1669,-4.125,1.6500000000000004,2.8875,50000,5952,0.11904
1670,-4.125,1.6500000000000004,3.3,50000,5951,0.11902
1671,-4.125,1.6500000000000004,3.712500000000001,50000,5687,0.11374
1672,-4.125,1.6500000000000004,4.125000000000001,50000,5757,0.11514
1673,-4.125,1.6500000000000004,4.5375000000000005,50000,5664,0.11328
1674,-4.125,1.6500000000000004,4.95,50000,5583,0.11166
1675,-4.125,2.0625,-4.95,50000,5406,0.10812
1676,-4.125,2.0625,-4.5375000000000005,50000,5641,0.11282
1677,-4.125,2.0625,-4.125,50000,5571,0.11142
1678,-4.125,2.0625,-3.7125,50000,5674,0.11348
1679,-4.125,2.0625,-3.3,50000,5746,0.11492
1680,-4.125,2.0625,-2.8875,50000,5883,0.11766
1681,-4.125,2.0625,-2.475,50000,5847,0.11694
1682,-4.125,2.0625,-2.0625,50000,5987,0.11974
1683,-4.125,2.0625,-1.65,50000,6278,0.12556
1684,-4.125,2.0625,-1.2374999999999998,50000,6407,0.12814
1685,-4.125,2.0625,-0.8250000000000002,50000,6445,0.1289
1686,-4.125,2.0625,-0.4124999999999996,50000,6222,0.12444
1687,-4.125,2.0625,0.0,50000,6411,0.12822
1688,-4.125,2.0625,0.4125000000000005,50000,6463,0.12926
1689,-4.125,2.0625,0.8250000000000002,50000,6331,0.12662
1690,-4.125,2.0625,1.2375000000000007,50000,6198,0.12396
1691,-4.125,2.0625,1.6500000000000004,50000,6291,0.12582
1692,-4.125,2.0625,2.0625,50000,6009,0.12018
1693,-4.125,2.0625,2.4750000000000005,50000,5919,0.11838
1694,-4.125,2.0625,2.8875,50000,5715,0.1143
1695,-4.125,2.0625,3.3,50000,5738,0.11476
1696,-4.125,2.0625,3.712500000000001,50000,5645,0.1129
1697,-4.125,2.0625,4.125000000000001,50000,5481,0.10962
1698,-4.125,2.0625,4.5375000000000005,50000,5546,0.11092
1699,-4.125,2.0625,4.95,50000,5739,0.11478
1700,-4.125,2.4750000000000005,-4.95,50000,5308,0.10616
1701,-4.125,2.4750000000000005,-4.5375000000000005,50000,5306,0.10612
1702,-4.125,2.4750000000000005,-4.125,50000,5426,0.10852
1703,-4.125,2.4750000000000005,-3.7125,50000,5464,0.10928
1704,-4.125,2.4750000000000005,-3.3,50000,5639,0.11278
1705,-4.125,2.4750000000000005,-2.8875,50000,5662,0.11324
1706,-4.125,2.4750000000000005,-2.475,50000,5900,0.118
1707,-4.125,2.4750000000000005,-2.0625,50000,5963,0.11926
1708,-4.125,2.4750000000000005,-1.65,50000,6069,0.12138
1709,-4.125,2.4750000000000005,-1.2374999999999998,50000,6150,0.123
1710,-4.125,2.4750000000000005,-0.8250000000000002,50000,6206,0.12412
1711,-4.125,2.4750000000000005,-0.4124999999999996,50000,6533,0.13066
1712,-4.125,2.4750000000000005,0.0,50000,6339,0.12678
1713,-4.125,2.4750000000000005,0.4125000000000005,50000,6369,0.12738
1714,-4.125,2.4750000000000005,0.8250000000000002,50000,6376,0.12752
1715,-4.125,2.4750000000000005,1.2375000000000007,50000,6136,0.12272
1716,-4.125,2.4750000000000005,1.6500000000000004,50000,6101,0.12202
1717,-4.125,2.4750000000000005,2.0625,50000,5941,0.11882
1718,-4.125,2.4750000000000005,2.4750000000000005,50000,5895,0.1179
1719,-4.125,2.4750000000000005,2.8875,50000,5689,0.11378
1720,-4.125,2.4750000000000005,3.3,50000,5601,0.11202
1721,-4.125,2.4750000000000005,3.712500000000001,50000,5488,0.10976
1722,-4.125,2.4750000000000005,4.125000000000001,50000,5432,0.10864
1723,-4.125,2.4750000000000005,4.5375000000000005,50000,5431,0.10862
1724,-4.125,2.4750000000000005,4.95,50000,5342,0.10684
1725,-4.125,2.8875,-4.95,50000,5144,0.10288
1726,-4.125,2.8875,-4.5375000000000005,50000,5049,0.10098
1727,-4.125,2.8875,-4.125,50000,5234,0.10468
1728,-4.125,2.8875,-3.7125,50000,5378,0.10756
1729,-4.125,2.8875,-3.3,50000,5337,0.10674
1730,-4.125,2.8875,-2.8875,50000,5695,0.1139
1731,-4.125,2.8875,-2.475,50000,5807,0.11614
1732,-4.125,2.8875,-2.0625,50000,5856,0.11712
1733,-4.125,2.8875,-1.65,50000,5910,0.1182
1734,-4.125,2.8875,-1.2374999999999998,50000,6147,0.12294
1735,-4.125,2.8875,-0.8250000000000002,50000,6254,0.12508
1736,-4.125,2.8875,-0.4124999999999996,50000,6243,0.12486
1737,-4.125,2.8875,0.0,50000,6169,0.12338
1738,-4.125,2.8875,0.4125000000000005,50000,6149,0.12298
1739,-4.125,2.8875,0.8250000000000002,50000,6129,0.12258
1740,-4.125,2.8875,1.2375000000000007,50000,5960,0.1192
1741,-4.125,2.8875,1.6500000000000004,50000,5974,0.11948
1742,-4.125,2.8875,2.0625,50000,5819,0.11638
1743,-4.125,2.8875,2.4750000000000005,50000,5800,0.116
1744,-4.125,2.8875,2.8875,50000,5506,0.11012
1745,-4.125,2.8875,3.3,50000,5417,0.10834
1746,-4.125,2.8875,3.712500000000001,50000,5300,0.106
1747,-4.125,2.8875,4.125000000000001,50000,5074,0.10148
1748,-4.125,2.8875,4.5375000000000005,50000,5011,0.10022
1749,-4.125,2.8875,4.95,50000,5120,0.1024
1750,-4.125,3.3,-4.95,50000,4699,0.09398
1751,-4.125,3.3,-4.5375000000000005,50000,4684,0.09368
1752,-4.125,3.3,-4.125,50000,4723,0.09446
1753,-4.125,3.3,-3.7125,50000,4929,0.09858
1754,-4.125,3.3,-3.3,50000,5061,0.10122
1755,-4.125,3.3,-2.8875,50000,5291,0.10582
1756,-4.125,3.3,-2.475,50000,5496,0.10992
1757,-4.125,3.3,-2.0625,50000,5647,0.11294
1758,-4.125,3.3,-1.65,50000,5733,0.11466
1759,-4.125,3.3,-1.2374999999999998,50000,5825,0.1165
1760,-4.125,3.3,-0.8250000000000002,50000,6115,0.1223
1761,-4.125,3.3,-0.4124999999999996,50000,6079,0.12158
1762,-4.125,3.3,0.0,50000,6006,0.12012
1763,-4.125,3.3,0.4125000000000005,50000,6011,0.12022
1764,-4.125,3.3,0.8250000000000002,50000,5986,0.11972
1765,-4.125,3.3,1.2375000000000007,50000,5737,0.11474
1766,-4.125,3.3,1.6500000000000004,50000,5698,0.11396
1767,-4.125,3.3,2.0625,50000,5739,0.11478
1768,-4.125,3.3,2.4750000000000005,50000,5630,0.1126
1769,-4.125,3.3,2.8875,50000,5256,0.10512
1770,-4.125,3.3,3.3,50000,5186,0.10372
1771,-4.125,3.3,3.712500000000001,50000,5007,0.10014
1772,-4.125,3.3,4.125000000000001,50000,4766,0.09532
1773,-4.125,3.3,4.5375000000000005,50000,4830,0.0966
1774,-4.125,3.3,4.95,50000,4674,0.09348
1775,-4.125,3.712500000000001,-4.95,50000,4362,0.08724
1776,-4.125,3.712500000000001,-4.5375000000000005,50000,4386,0.08772
1777,-4.125,3.712500000000001,-4.125,50000,4300,0.086
1778,-4.125,3.712500000000001,-3.7125,50000,4551,0.09102
1779,-4.125,3.712500000000001,-3.3,50000,4655,0.0931
1780,-4.125,3.712500000000001,-2.8875,50000,4716,0.09432
1781,-4.125,3.712500000000001,-2.475,50000,5144,0.10288
1782,-4.125,3.712500000000001,-2.0625,50000,5237,0.10474
1783,-4.125,3.712500000000001,-1.65,50000,5341,0.10682
1784,-4.125,3.712500000000001,-1.2374999999999998,50000,5467,0.10934
1785,-4.125,3.712500000000001,-0.8250000000000002,50000,5554,0.11108
1786,-4.125,3.712500000000001,-0.4124999999999996,50000,5615,0.1123
1787,-4.125,3.712500000000001,0.0,50000,5671,0.11342
1788,-4.125,3.712500000000001,0.4125000000000005,50000,5658,0.11316
1789,-4.125,3.712500000000001,0.8250000000000002,50000,5599,0.11198
1790,-4.125,3.712500000000001,1.2375000000000007,50000,5499,0.10998
1791,-4.125,3.712500000000001,1.6500000000000004,50000,5452,0.10904
1792,-4.125,3.712500000000001,2.0625,50000,5155,0.1031
1793,-4.125,3.712500000000001,2.4750000000000005,50000,5110,0.1022
1794,-4.125,3.712500000000001,2.8875,50000,4860,0.0972
1795,-4.125,3.712500000000001,3.3,50000,4723,0.09446
1796,-4.125,3.712500000000001,3.712500000000001,50000,4535,0.0907
1797,-4.125,3.712500000000001,4.125000000000001,50000,4353,0.08706
1798,-4.125,3.712500000000001,4.5375000000000005,50000,4271,0.08542
1799,-4.125,3.712500000000001,4.95,50000,4348,0.08696
1800,-4.125,4.125000000000001,-4.95,50000,3806,0.07612
1801,-4.125,4.125000000000001,-4.5375000000000005,50000,3835,0.0767
1802,-4.125,4.125000000000001,-4.125,50000,3911,0.07822
1803,-4.125,4.125000000000001,-3.7125,50000,4040,0.0808
1804,-4.125,4.125000000000001,-3.3,50000,4175,0.0835
1805,-4.125,4.125000000000001,-2.8875,50000,4285,0.0857
1806,-4.125,4.125000000000001,-2.475,50000,4530,0.0906
1807,-4.125,4.125000000000001,-2.0625,50000,4724,0.09448
1808,-4.125,4.125000000000001,-1.65,50000,4822,0.09644
1809,-4.125,4.125000000000001,-1.2374999999999998,50000,4899,0.09798
1810,-4.125,4.125000000000001,-0.8250000000000002,50000,4874,0.09748
1811,-4.125,4.125000000000001,-0.4124999999999996,50000,5040,0.1008
1812,-4.125,4.125000000000001,0.0,50000,4985,0.0997
1813,-4.125,4.125000000000001,0.4125000000000005,50000,4919,0.09838
1814,-4.125,4.125000000000001,0.8250000000000002,50000,4930,0.0986
1815,-4.125,4.125000000000001,1.2375000000000007,50000,4777,0.09554
1816,-4.125,4.125000000000001,1.6500000000000004,50000,4942,0.09884
1817,-4.125,4.125000000000001,2.0625,50000,4573,0.09146
1818,-4.125,4.125000000000001,2.4750000000000005,50000,4444,0.08888
1819,-4.125,4.125000000000001,2.8875,50000,4279,0.08558
1820,-4.125,4.125000000000001,3.3,50000,4170,0.0834
1821,-4.125,4.125000000000001,3.712500000000001,50000,3951,0.07902
1822,-4.125,4.125000000000001,4.125000000000001,50000,3810,0.0762
1823,-4.125,4.125000000000001,4.5375000000000005,50000,3770,0.0754
1824,-4.125,4.125000000000001,4.95,50000,3843,0.07686
1825,-4.125,4.5375000000000005,-4.95,50000,3140,0.0628
1826,-4.125,4.5375000000000005,-4.5375000000000005,50000,3052,0.06104
1827,-4.125,4.5375000000000005,-4.125,50000,3232,0.06464
1828,-4.125,4.5375000000000005,-3.7125,50000,3284,0.06568
1829,-4.125,4.5375000000000005,-3.3,50000,3353,0.06706
1830,-4.125,4.5375000000000005,-2.8875,50000,3510,0.0702
1831,-4.125,4.5375000000000005,-2.475,50000,3656,0.07312
1832,-4.125,4.5375000000000005,-2.0625,50000,3898,0.07796
1833,-4.125,4.5375000000000005,-1.65,50000,3874,0.07748
1834,-4.125,4.5375000000000005,-1.2374999999999998,50000,3972,0.07944
1835,-4.125,4.5375000000000005,-0.8250000000000002,50000,3963,0.07926
1836,-4.125,4.5375000000000005,-0.4124999999999996,50000,3983,0.07966
1837,-4.125,4.5375000000000005,0.0,50000,4120,0.0824
1838,-4.125,4.5375000000000005,0.4125000000000005,50000,4045,0.0809
1839,-4.125,4.5375000000000005,0.8250000000000002,50000,3946,0.07892
1840,-4.125,4.5375000000000005,1.2375000000000007,50000,3940,0.0788
1841,-4.125,4.5375000000000005,1.6500000000000004,50000,3992,0.07984
1842,-4.125,4.5375000000000005,2.0625,50000,3813,0.07626
1843,-4.125,4.5375000000000005,2.4750000000000005,50000,3715,0.0743
1844,-4.125,4.5375000000000005,2.8875,50000,3580,0.0716
1845,-4.125,4.5375000000000005,3.3,50000,3414,0.06828
1846,-4.125,4.5375000000000005,3.712500000000001,50000,3305,0.0661
1847,-4.125,4.5375000000000005,4.125000000000001,50000,3226,0.06452
1848,-4.125,4.5375000000000005,4.5375000000000005,50000,3188,0.06376
1849,-4.125,4.5375000000000005,4.95,50000,3157,0.06314
1850,-4.125,4.95,-4.95,50000,2199,0.04398
1851,-4.125,4.95,-4.5375000000000005,50000,2259,0.04518
1852,-4.125,4.95,-4.125,50000,2464,0.04928
1853,-4.125,4.95,-3.7125,50000,2500,0.05
1854,-4.125,4.95,-3.3,50000,2596,0.05192
1855,-4.125,4.95,-2.8875,50000,2570,0.0514
1856,-4.125,4.95,-2.475,50000,2605,0.0521
1857,-4.125,4.95,-2.0625,50000,2707,0.05414
1858,-4.125,4.95,-1.65,50000,2762,0.05524
1859,-4.125,4.95,-1.2374999999999998,50000,2794,0.05588
1860,-4.125,4.95,-0.8250000000000002,50000,2838,0.05676
1861,-4.125,4.95,-0.4124999999999996,50000,2923,0.05846
1862,-4.125,4.95,0.0,50000,2825,0.0565
1863,-4.125,4.95,0.4125000000000005,50000,2799,0.05598
1864,-4.125,4.95,0.8250000000000002,50000,2797,0.05594
1865,-4.125,4.95,1.2375000000000007,50000,2773,0.05546
1866,-4.125,4.95,1.6500000000000004,50000,2799,0.05598
1867,-4.125,4.95,2.0625,50000,2788,0.05576
1868,-4.125,4.95,2.4750000000000005,50000,2684,0.05368
1869,-4.125,4.95,2.8875,50000,2575,0.0515
1870,-4.125,4.95,3.3,50000,2527,0.05054
1871,-4.125,4.95,3.712500000000001,50000,2480,0.0496
1872,-4.125,4.95,4.125000000000001,50000,2343,0.04686
1873,-4.125,4.95,4.5375000000000005,50000,2272,0.04544
1874,-4.125,4.95,4.95,50000,2245,0.0449
1875,-3.7125,-4.95,-4.95,50000,5531,0.11062
1876,-3.7125,-4.95,-4.5375000000000005,50000,5449,0.10898
1877,-3.7125,-4.95,-4.125,50000,5649,0.11298
1878,-3.7125,-4.95,-3.7125,50000,5539,0.11078
1879,-3.7125,-4.95,-3.3,50000,5666,0.11332
1880,-3.7125,-4.95,-2.8875,50000,5702,0.11404
1881,-3.7125,-4.95,-2.475,50000,5622,0.11244
1882,-3.7125,-4.95,-2.0625,50000,5775,0.1155
1883,-3.7125,-4.95,-1.65,50000,5723,0.11446
1884,-3.7125,-4.95,-1.2374999999999998,50000,5849,0.11698
1885,-3.7125,-4.95,-0.8250000000000002,50000,5751,0.11502
1886,-3.7125,-4.95,-0.4124999999999996,50000,5744,0.11488
1887,-3.7125,-4.95,0.0,50000,5807,0.11614
1888,-3.7125,-4.95,0.4125000000000005,50000,5763,0.11526
1889,-3.7125,-4.95,0.8250000000000002,50000,5757,0.11514
1890,-3.7125,-4.95,1.2375000000000007,50000,5736,0.11472
1891,-3.7125,-4.95,1.6500000000000004,50000,5725,0.1145
1892,-3.7125,-4.95,2.0625,50000,5681,0.11362
1893,-3.7125,-4.95,2.4750000000000005,50000,5848,0.11696
1894,-3.7125,-4.95,2.8875,50000,5641,0.11282
1895,-3.7125,-4.95,3.3,50000,5737,0.11474
1896,-3.7125,-4.95,3.712500000000001,50000,5646,0.11292
1897,-3.7125,-4.95,4.125000000000001,50000,5671,0.11342
1898,-3.7125,-4.95,4.5375000000000005,50000,5689,0.11378
1899,-3.7125,-4.95,4.95,50000,5563,0.11126
1900,-3.7125,-4.5375000000000005,-4.95,50000,5459,0.10918
1901,-3.7125,-4.5375000000000005,-4.5375000000000005,50000,5446,0.10892
1902,-3.7125,-4.5375000000000005,-4.125,50000,5431,0.10862
1903,-3.7125,-4.5375000000000005,-3.7125,50000,5566,0.11132
1904,-3.7125,-4.5375000000000005,-3.3,50000,5724,0.11448
1905,-3.7125,-4.5375000000000005,-2.8875,50000,5791,0.11582
1906,-3.7125,-4.5375000000000005,-2.475,50000,5629,0.11258
1907,-3.7125,-4.5375000000000005,-2.0625,50000,5645,0.1129
1908,-3.7125,-4.5375000000000005,-1.65,50000,5761,0.11522
1909,-3.7125,-4.5375000000000005,-1.2374999999999998,50000,5732,0.11464
1910,-3.7125,-4.5375000000000005,-0.8250000000000002,50000,5853,0.11706
1911,-3.7125,-4.5375000000000005,-0.4124999999999996,50000,5691,0.11382
1912,-3.7125,-4.5375000000000005,0.0,50000,5762,0.11524
1913,-3.7125,-4.5375000000000005,0.4125000000000005,50000,5694,0.11388
1914,-3.7125,-4.5375000000000005,0.8250000000000002,50000,5748,0.11496
1915,-3.7125,-4.5375000000000005,1.2375000000000007,50000,5604,0.11208
1916,-3.7125,-4.5375000000000005,1.6500000000000004,50000,5792,0.11584
1917,-3.7125,-4.5375000000000005,2.0625,50000,5659,0.11318
1918,-3.7125,-4.5375000000000005,2.4750000000000005,50000,5543,0.11086
1919,-3.7125,-4.5375000000000005,2.8875,50000,5733,0.11466
1920,-3.7125,-4.5375000000000005,3.3,50000,5472,0.10944
1921,-3.7125,-4.5375000000000005,3.712500000000001,50000,5604,0.11208
1922,-3.7125,-4.5375000000000005,4.125000000000001,50000,5564,0.11128
1923,-3.7125,-4.5375000000000005,4.5375000000000005,50000,5543,0.11086
1924,-3.7125,-4.5375000000000005,4.95,50000,5548,0.11096
1925,-3.7125,-4.125,-4.95,50000,5501,0.11002
1926,-3.7125,-4.125,-4.5375000000000005,50000,5542,0.11084
1927,-3.7125,-4.125,-4.125,50000,5634,0.11268
1928,-3.7125,-4.125,-3.7125,50000,5513,0.11026
1929,-3.7125,-4.125,-3.3,50000,5620,0.1124
1930,-3.7125,-4.125,-2.8875,50000,5607,0.11214
1931,-3.7125,-4.125,-2.475,50000,5741,0.11482
1932,-3.7125,-4.125,-2.0625,50000,5856,0.11712
1933,-3.7125,-4.125,-1.65,50000,5681,0.11362
1934,-3.7125,-4.125,-1.2374999999999998,50000,5770,0.1154
1935,-3.7125,-4.125,-0.8250000000000002,50000,5719,0.11438
1936,-3.7125,-4.125,-0.4124999999999996,50000,5663,0.11326
1937,-3.7125,-4.125,0.0,50000,5768,0.11536
1938,-3.7125,-4.125,0.4125000000000005,50000,5728,0.11456
1939,-3.7125,-4.125,0.8250000000000002,50000,5738,0.11476
1940,-3.7125,-4.125,1.2375000000000007,50000,5788,0.11576
1941,-3.7125,-4.125,1.6500000000000004,50000,5763,0.11526
1942,-3.7125,-4.125,2.0625,50000,5664,0.11328
1943,-3.7125,-4.125,2.4750000000000005,50000,5646,0.11292
1944,-3.7125,-4.125,2.8875,50000,5543,0.11086
1945,-3.7125,-4.125,3.3,50000,5659,0.11318
1946,-3.7125,-4.125,3.712500000000001,50000,5654,0.11308
1947,-3.7125,-4.125,4.125000000000001,50000,5561,0.11122
1948,-3.7125,-4.125,4.5375000000000005,50000,5537,0.11074
1949,-3.7125,-4.125,4.95,50000,5509,0.11018
1950,-3.7125,-3.7125,-4.95,50000,5641,0.11282
1951,-3.7125,-3.7125,-4.5375000000000005,50000,5493,0.10986
1952,-3.7125,-3.7125,-4.125,50000,5760,0.1152
1953,-3.7125,-3.7125,-3.7125,50000,5551,0.11102
1954,-3.7125,-3.7125,-3.3,50000,5678,0.11356
1955,-3.7125,-3.7125,-2.8875,50000,5646,0.11292
1956,-3.7125,-3.7125,-2.475,50000,5466,0.10932
1957,-3.7125,-3.7125,-2.0625,50000,5764,0.11528
1958,-3.7125,-3.7125,-1.65,50000,5754,0.11508
1959,-3.7125,-3.7125,-1.2374999999999998,50000,5619,0.11238
1960,-3.7125,-3.7125,-0.8250000000000002,50000,5749,0.11498
1961,-3.7125,-3.7125,-0.4124999999999996,50000,5749,0.11498
1962,-3.7125,-3.7125,0.0,50000,5849,0.11698
1963,-3.7125,-3.7125,0.4125000000000005,50000,5749,0.11498
1964,-3.7125,-3.7125,0.8250000000000002,50000,5826,0.11652
1965,-3.7125,-3.7125,1.2375000000000007,50000,5690,0.1138
1966,-3.7125,-3.7125,1.6500000000000004,50000,5765,0.1153
1967,-3.7125,-3.7125,2.0625,50000,5534,0.11068
1968,-3.7125,-3.7125,2.4750000000000005,50000,5774,0.11548
1969,-3.7125,-3.7125,2.8875,50000,5695,0.1139
1970,-3.7125,-3.7125,3.3,50000,5802,0.11604
1971,-3.7125,-3.7125,3.712500000000001,50000,5684,0.11368
1972,-3.7125,-3.7125,4.125000000000001,50000,5625,0.1125
1973,-3.7125,-3.7125,4.5375000000000005,50000,5544,0.11088
1974,-3.7125,-3.7125,4.95,50000,5599,0.11198
1975,-3.7125,-3.3,-4.95,50000,5549,0.11098
1976,-3.7125,-3.3,-4.5375000000000005,50000,5666,0.11332
1977,-3.7125,-3.3,-4.125,50000,5503,0.11006
1978,-3.7125,-3.3,-3.7125,50000,5544,0.11088
1979,-3.7125,-3.3,-3.3,50000,5581,0.11162
1980,-3.7125,-3.3,-2.8875,50000,5662,0.11324
1981,-3.7125,-3.3,-2.475,50000,5569,0.11138
1982,-3.7125,-3.3,-2.0625,50000,5647,0.11294
1983,-3.7125,-3.3,-1.65,50000,5554,0.11108
1984,-3.7125,-3.3,-1.2374999999999998,50000,5781,0.11562
1985,-3.7125,-3.3,-0.8250000000000002,50000,5749,0.11498
1986,-3.7125,-3.3,-0.4124999999999996,50000,5671,0.11342
1987,-3.7125,-3.3,0.0,50000,5809,0.11618
1988,-3.7125,-3.3,0.4125000000000005,50000,5823,0.11646
1989,-3.7125,-3.3,0.8250000000000002,50000,5777,0.11554
1990,-3.7125,-3.3,1.2375000000000007,50000,5790,0.1158
1991,-3.7125,-3.3,1.6500000000000004,50000,5699,0.11398
1992,-3.7125,-3.3,2.0625,50000,5674,0.11348
1993,-3.7125,-3.3,2.4750000000000005,50000,5665,0.1133
1994,-3.7125,-3.3,2.8875,50000,5792,0.11584
1995,-3.7125,-3.3,3.3,50000,5837,0.11674
1996,-3.7125,-3.3,3.712500000000001,50000,5736,0.11472
1997,-3.7125,-3.3,4.125000000000001,50000,5664,0.11328
1998,-3.7125,-3.3,4.5375000000000005,50000,5668,0.11336
1999,-3.7125,-3.3,4.95,50000,5643,0.11286
2000,-3.7125,-2.8875,-4.95,50000,5646,0.11292
2001,-3.7125,-2.8875,-4.5375000000000005,50000,5594,0.11188
2002,-3.7125,-2.8875,-4.125,50000,5682,0.11364
2003,-3.7125,-2.8875,-3.7125,50000,5738,0.11476
2004,-3.7125,-2.8875,-3.3,50000,5718,0.11436
2005,-3.7125,-2.8875,-2.8875,50000,5554,0.11108
2006,-3.7125,-2.8875,-2.475,50000,5708,0.11416
2007,-3.7125,-2.8875,-2.0625,50000,5739,0.11478
2008,-3.7125,-2.8875,-1.65,50000,5807,0.11614
2009,-3.7125,-2.8875,-1.2374999999999998,50000,5741,0.11482
2010,-3.7125,-2.8875,-0.8250000000000002,50000,5733,0.11466
2011,-3.7125,-2.8875,-0.4124999999999996,50000,5814,0.11628
2012,-3.7125,-2.8875,0.0,50000,5780,0.1156
2013,-3.7125,-2.8875,0.4125000000000005,50000,5906,0.11812
2014,-3.7125,-2.8875,0.8250000000000002,50000,5844,0.11688
2015,-3.7125,-2.8875,1.2375000000000007,50000,5805,0.1161
2016,-3.7125,-2.8875,1.6500000000000004,50000,6000,0.12
2017,-3.7125,-2.8875,2.0625,50000,5751,0.11502
2018,-3.7125,-2.8875,2.4750000000000005,50000,5736,0.11472
2019,-3.7125,-2.8875,2.8875,50000,5688,0.11376
2020,-3.7125,-2.8875,3.3,50000,5595,0.1119
2021,-3.7125,-2.8875,3.712500000000001,50000,5702,0.11404
2022,-3.7125,-2.8875,4.125000000000001,50000,5679,0.11358
2023,-3.7125,-2.8875,4.5375000000000005,50000,5639,0.11278
2024,-3.7125,-2.8875,4.95,50000,5638,0.11276
2025,-3.7125,-2.475,-4.95,50000,5695,0.1139
2026,-3.7125,-2.475,-4.5375000000000005,50000,5691,0.11382
2027,-3.7125,-2.475,-4.125,50000,5552,0.11104
2028,-3.7125,-2.475,-3.7125,50000,5796,0.11592
2029,-3.7125,-2.475,-3.3,50000,5672,0.11344
2030,-3.7125,-2.475,-2.8875,50000,5798,0.11596
2031,-3.7125,-2.475,-2.475,50000,5767,0.11534
2032,-3.7125,-2.475,-2.0625,50000,5757,0.11514
2033,-3.7125,-2.475,-1.65,50000,5868,0.11736
2034,-3.7125,-2.475,-1.2374999999999998,50000,5781,0.11562
2035,-3.7125,-2.475,-0.8250000000000002,50000,5897,0.11794
2036,-3.7125,-2.475,-0.4124999999999996,50000,5840,0.1168
2037,-3.7125,-2.475,0.0,50000,5723,0.11446
2038,-3.7125,-2.475,0.4125000000000005,50000,5806,0.11612
2039,-3.7125,-2.475,0.8250000000000002,50000,5924,0.11848
2040,-3.7125,-2.475,1.2375000000000007,50000,5879,0.11758
2041,-3.7125,-2.475,1.6500000000000004,50000,5887,0.11774
2042,-3.7125,-2.475,2.0625,50000,5828,0.11656
2043,-3.7125,-2.475,2.4750000000000005,50000,5779,0.11558
2044,-3.7125,-2.475,2.8875,50000,5786,0.11572
2045,-3.7125,-2.475,3.3,50000,5660,0.1132
2046,-3.7125,-2.475,3.712500000000001,50000,5734,0.11468
2047,-3.7125,-2.475,4.125000000000001,50000,5721,0.11442
2048,-3.7125,-2.475,4.5375000000000005,50000,5849,0.11698
2049,-3.7125,-2.475,4.95,50000,5674,0.11348
2050,-3.7125,-2.0625,-4.95,50000,5499,0.10998
2051,-3.7125,-2.0625,-4.5375000000000005,50000,5797,0.11594
2052,-3.7125,-2.0625,-4.125,50000,5685,0.1137
2053,-3.7125,-2.0625,-3.7125,50000,5793,0.11586
2054,-3.7125,-2.0625,-3.3,50000,5755,0.1151
2055,-3.7125,-2.0625,-2.8875,50000,5819,0.11638
2056,-3.7125,-2.0625,-2.475,50000,5803,0.11606
2057,-3.7125,-2.0625,-2.0625,50000,5805,0.1161
2058,-3.7125,-2.0625,-1.65,50000,5786,0.11572
2059,-3.7125,-2.0625,-1.2374999999999998,50000,5831,0.11662
2060,-3.7125,-2.0625,-0.8250000000000002,50000,5896,0.11792
2061,-3.7125,-2.0625,-0.4124999999999996,50000,5952,0.11904
2062,-3.7125,-2.0625,0.0,50000,5863,0.11726
2063,-3.7125,-2.0625,0.4125000000000005,50000,5896,0.11792
2064,-3.7125,-2.0625,0.8250000000000002,50000,5840,0.1168
2065,-3.7125,-2.0625,1.2375000000000007,50000,5864,0.11728
2066,-3.7125,-2.0625,1.6500000000000004,50000,5956,0.11912
2067,-3.7125,-2.0625,2.0625,50000,5844,0.11688
2068,-3.7125,-2.0625,2.4750000000000005,50000,5896,0.11792
2069,-3.7125,-2.0625,2.8875,50000,5830,0.1166
2070,-3.7125,-2.0625,3.3,50000,5811,0.11622
2071,-3.7125,-2.0625,3.712500000000001,50000,5855,0.1171
2072,-3.7125,-2.0625,4.125000000000001,50000,5712,0.11424
2073,-3.7125,-2.0625,4.5375000000000005,50000,5777,0.11554
2074,-3.7125,-2.0625,4.95,50000,5669,0.11338
2075,-3.7125,-1.65,-4.95,50000,5593,0.11186
2076,-3.7125,-1.65,-4.5375000000000005,50000,5737,0.11474
2077,-3.7125,-1.65,-4.125,50000,5563,0.11126
2078,-3.7125,-1.65,-3.7125,50000,5770,0.1154
2079,-3.7125,-1.65,-3.3,50000,5862,0.11724
2080,-3.7125,-1.65,-2.8875,50000,5817,0.11634
2081,-3.7125,-1.65,-2.475,50000,5875,0.1175
2082,-3.7125,-1.65,-2.0625,50000,5802,0.11604
2083,-3.7125,-1.65,-1.65,50000,5909,0.11818
2084,-3.7125,-1.65,-1.2374999999999998,50000,5704,0.11408
2085,-3.7125,-1.65,-0.8250000000000002,50000,5980,0.1196
2086,-3.7125,-1.65,-0.4124999999999996,50000,5932,0.11864
2087,-3.7125,-1.65,0.0,50000,5822,0.11644
2088,-3.7125,-1.65,0.4125000000000005,50000,5772,0.11544
2089,-3.7125,-1.65,0.8250000000000002,50000,5821,0.11642
2090,-3.7125,-1.65,1.2375000000000007,50000,5857,0.11714
2091,-3.7125,-1.65,1.6500000000000004,50000,5793,0.11586
2092,-3.7125,-1.65,2.0625,50000,5870,0.1174
2093,-3.7125,-1.65,2.4750000000000005,50000,5834,0.11668
2094,-3.7125,-1.65,2.8875,50000,5848,0.11696
2095,-3.7125,-1.65,3.3,50000,5693,0.11386
2096,-3.7125,-1.65,3.712500000000001,50000,5892,0.11784
2097,-3.7125,-1.65,4.125000000000001,50000,5745,0.1149
2098,-3.7125,-1.65,4.5375000000000005,50000,5734,0.11468
2099,-3.7125,-1.65,4.95,50000,5702,0.11404
2100,-3.7125,-1.2374999999999998,-4.95,50000,5706,0.11412
2101,-3.7125,-1.2374999999999998,-4.5375000000000005,50000,5786,0.11572
2102,-3.7125,-1.2374999999999998,-4.125,50000,5800,0.116
2103,-3.7125,-1.2374999999999998,-3.7125,50000,5881,0.11762
2104,-3.7125,-1.2374999999999998,-3.3,50000,5867,0.11734
2105,-3.7125,-1.2374999999999998,-2.8875,50000,5905,0.1181
2106,-3.7125,-1.2374999999999998,-2.475,50000,5804,0.11608
2107,-3.7125,-1.2374999999999998,-2.0625,50000,5920,0.1184
2108,-3.7125,-1.2374999999999998,-1.65,50000,5923,0.11846
2109,-3.7125,-1.2374999999999998,-1.2374999999999998,50000,5940,0.1188
2110,-3.7125,-1.2374999999999998,-0.8250000000000002,50000,5976,0.11952
2111,-3.7125,-1.2374999999999998,-0.4124999999999996,50000,6045,0.1209
2112,-3.7125,-1.2374999999999998,0.0,50000,5949,0.11898
2113,-3.7125,-1.2374999999999998,0.4125000000000005,50000,5947,0.11894
2114,-3.7125,-1.2374999999999998,0.8250000000000002,50000,5999,0.11998
2115,-3.7125,-1.2374999999999998,1.2375000000000007,50000,5988,0.11976
2116,-3.7125,-1.2374999999999998,1.6500000000000004,50000,5894,0.11788
2117,-3.7125,-1.2374999999999998,2.0625,50000,5848,0.11696
2118,-3.7125,-1.2374999999999998,2.4750000000000005,50000,5846,0.11692
2119,-3.7125,-1.2374999999999998,2.8875,50000,5940,0.1188
2120,-3.7125,-1.2374999999999998,3.3,50000,5770,0.1154
2121,-3.7125,-1.2374999999999998,3.712500000000001,50000,5939,0.11878
2122,-3.7125,-1.2374999999999998,4.125000000000001,50000,5831,0.11662
2123,-3.7125,-1.2374999999999998,4.5375000000000005,50000,5628,0.11256
2124,-3.7125,-1.2374999999999998,4.95,50000,5800,0.116
2125,-3.7125,-0.8250000000000002,-4.95,50000,5915,0.1183
2126,-3.7125,-0.8250000000000002,-4.5375000000000005,50000,5817,0.11634
2127,-3.7125,-0.8250000000000002,-4.125,50000,5714,0.11428
2128,-3.7125,-0.8250000000000002,-3.7125,50000,5759,0.11518
2129,-3.7125,-0.8250000000000002,-3.3,50000,5894,0.11788
2130,-3.7125,-0.8250000000000002,-2.8875,50000,5846,0.11692
2131,-3.7125,-0.8250000000000002,-2.475,50000,5985,0.1197
2132,-3.7125,-0.8250000000000002,-2.0625,50000,5958,0.11916
2133,-3.7125,-0.8250000000000002,-1.65,50000,5870,0.1174
2134,-3.7125,-0.8250000000000002,-1.2374999999999998,50000,6018,0.12036
2135,-3.7125,-0.8250000000000002,-0.8250000000000002,50000,6114,0.12228
2136,-3.7125,-0.8250000000000002,-0.4124999999999996,50000,6039,0.12078
2137,-3.7125,-0.8250000000000002,0.0,50000,6122,0.12244
2138,-3.7125,-0.8250000000000002,0.4125000000000005,50000,5984,0.11968
2139,-3.7125,-0.8250000000000002,0.8250000000000002,50000,6052,0.12104
2140,-3.7125,-0.8250000000000002,1.2375000000000007,50000,6042,0.12084
2141,-3.7125,-0.8250000000000002,1.6500000000000004,50000,6016,0.12032
2142,-3.7125,-0.8250000000000002,2.0625,50000,5913,0.11826
2143,-3.7125,-0.8250000000000002,2.4750000000000005,50000,6001,0.12002
2144,-3.7125,-0.8250000000000002,2.8875,50000,5930,0.1186
2145,-3.7125,-0.8250000000000002,3.3,50000,5978,0.11956
2146,-3.7125,-0.8250000000000002,3.712500000000001,50000,5841,0.11682
2147,-3.7125,-0.8250000000000002,4.125000000000001,50000,5680,0.1136
2148,-3.7125,-0.8250000000000002,4.5375000000000005,50000,5718,0.11436
2149,-3.7125,-0.8250000000000002,4.95,50000,5791,0.11582
2150,-3.7125,-0.4124999999999996,-4.95,50000,5825,0.1165
2151,-3.7125,-0.4124999999999996,-4.5375000000000005,50000,5694,0.11388
2152,-3.7125,-0.4124999999999996,-4.125,50000,5786,0.11572
2153,-3.7125,-0.4124999999999996,-3.7125,50000,5826,0.11652
2154,-3.7125,-0.4124999999999996,-3.3,50000,6044,0.12088
2155,-3.7125,-0.4124999999999996,-2.8875,50000,5867,0.11734
2156,-3.7125,-0.4124999999999996,-2.475,50000,5956,0.11912
2157,-3.7125,-0.4124999999999996,-2.0625,50000,5973,0.11946
2158,-3.7125,-0.4124999999999996,-1.65,50000,6035,0.1207
2159,-3.7125,-0.4124999999999996,-1.2374999999999998,50000,6218,0.12436
2160,-3.7125,-0.4124999999999996,-0.8250000000000002,50000,6169,0.12338
2161,-3.7125,-0.4124999999999996,-0.4124999999999996,50000,6015,0.1203
2162,-3.7125,-0.4124999999999996,0.0,50000,6157,0.12314
2163,-3.7125,-0.4124999999999996,0.4125000000000005,50000,6230,0.1246
2164,-3.7125,-0.4124999999999996,0.8250000000000002,50000,6103,0.12206
2165,-3.7125,-0.4124999999999996,1.2375000000000007,50000,6061,0.12122
2166,-3.7125,-0.4124999999999996,1.6500000000000004,50000,6052,0.12104
2167,-3.7125,-0.4124999999999996,2.0625,50000,6080,0.1216
2168,-3.7125,-0.4124999999999996,2.4750000000000005,50000,5955,0.1191
2169,-3.7125,-0.4124999999999996,2.8875,50000,5842,0.11684
2170,-3.7125,-0.4124999999999996,3.3,50000,5851,0.11702
2171,-3.7125,-0.4124999999999996,3.712500000000001,50000,5905,0.1181
2172,-3.7125,-0.4124999999999996,4.125000000000001,50000,5863,0.11726
2173,-3.7125,-0.4124999999999996,4.5375000000000005,50000,5694,0.11388
2174,-3.7125,-0.4124999999999996,4.95,50000,5832,0.11664
2175,-3.7125,0.0,-4.95,50000,5767,0.11534
2176,-3.7125,0.0,-4.5375000000000005,50000,5725,0.1145
2177,-3.7125,0.0,-4.125,50000,5844,0.11688
2178,-3.7125,0.0,-3.7125,50000,5878,0.11756
2179,-3.7125,0.0,-3.3,50000,5943,0.11886
2180,-3.7125,0.0,-2.8875,50000,5964,0.11928
2181,-3.7125,0.0,-2.475,50000,6082,0.12164
2182,-3.7125,0.0,-2.0625,50000,6122,0.12244
2183,-3.7125,0.0,-1.65,50000,6045,0.1209
2184,-3.7125,0.0,-1.2374999999999998,50000,6110,0.1222
2185,-3.7125,0.0,-0.8250000000000002,50000,6228,0.12456
2186,-3.7125,0.0,-0.4124999999999996,50000,6232,0.12464
2187,-3.7125,0.0,0.0,50000,6168,0.12336
2188,-3.7125,0.0,0.4125000000000005,50000,6180,0.1236
2189,-3.7125,0.0,0.8250000000000002,50000,6273,0.12546
2190,-3.7125,0.0,1.2375000000000007,50000,6142,0.12284
2191,-3.7125,0.0,1.6500000000000004,50000,6102,0.12204
2192,-3.7125,0.0,2.0625,50000,6152,0.12304
2193,-3.7125,0.0,2.4750000000000005,50000,5998,0.11996
2194,-3.7125,0.0,2.8875,50000,6001,0.12002
2195,-3.7125,0.0,3.3,50000,5848,0.11696
2196,-3.7125,0.0,3.712500000000001,50000,5865,0.1173
2197,-3.7125,0.0,4.125000000000001,50000,5940,0.1188
2198,-3.7125,0.0,4.5375000000000005,50000,5727,0.11454
2199,-3.7125,0.0,4.95,50000,5825,0.1165
2200,-3.7125,0.4125000000000005,-4.95,50000,5680,0.1136
2201,-3.7125,0.4125000000000005,-4.5375000000000005,50000,5886,0.11772
2202,-3.7125,0.4125000000000005,-4.125,50000,5858,0.11716
2203,-3.7125,0.4125000000000005,-3.7125,50000,5916,0.11832
2204,-3.7125,0.4125000000000005,-3.3,50000,5905,0.1181
2205,-3.7125,0.4125000000000005,-2.8875,50000,6043,0.12086
2206,-3.7125,0.4125000000000005,-2.475,50000,6060,0.1212
2207,-3.7125,0.4125000000000005,-2.0625,50000,6073,0.12146
2208,-3.7125,0.4125000000000005,-1.65,50000,6044,0.12088
2209,-3.7125,0.4125000000000005,-1.2374999999999998,50000,6328,0.12656
2210,-3.7125,0.4125000000000005,-0.8250000000000002,50000,6370,0.1274
2211,-3.7125,0.4125000000000005,-0.4124999999999996,50000,6289,0.12578
2212,-3.7125,0.4125000000000005,0.0,50000,6193,0.12386
2213,-3.7125,0.4125000000000005,0.4125000000000005,50000,6285,0.1257
2214,-3.7125,0.4125000000000005,0.8250000000000002,50000,6091,0.12182
2215,-3.7125,0.4125000000000005,1.2375000000000007,50000,6018,0.12036
2216,-3.7125,0.4125000000000005,1.6500000000000004,50000,6208,0.12416
2217,-3.7125,0.4125000000000005,2.0625,50000,6157,0.12314
2218,-3.7125,0.4125000000000005,2.4750000000000005,50000,6118,0.12236
2219,-3.7125,0.4125000000000005,2.8875,50000,5969,0.11938
2220,-3.7125,0.4125000000000005,3.3,50000,6018,0.12036
2221,-3.7125,0.4125000000000005,3.712500000000001,50000,5969,0.11938
2222,-3.7125,0.4125000000000005,4.125000000000001,50000,5896,0.11792
2223,-3.7125,0.4125000000000005,4.5375000000000005,50000,5815,0.1163
2224,-3.7125,0.4125000000000005,4.95,50000,5787,0.11574
2225,-3.7125,0.8250000000000002,-4.95,50000,5783,0.11566
2226,-3.7125,0.8250000000000002,-4.5375000000000005,50000,5840,0.1168
2227,-3.7125,0.8250000000000002,-4.125,50000,5825,0.1165
2228,-3.7125,0.8250000000000002,-3.7125,50000,6023,0.12046
2229,-3.7125,0.8250000000000002,-3.3,50000,5956,0.11912
2230,-3.7125,0.8250000000000002,-2.8875,50000,5975,0.1195
2231,-3.7125,0.8250000000000002,-2.475,50000,6034,0.12068
2232,-3.7125,0.8250000000000002,-2.0625,50000,6209,0.12418
2233,-3.7125,0.8250000000000002,-1.65,50000,6259,0.12518
2234,-3.7125,0.8250000000000002,-1.2374999999999998,50000,6318,0.12636
2235,-3.7125,0.8250000000000002,-0.8250000000000002,50000,6225,0.1245
2236,-3.7125,0.8250000000000002,-0.4124999999999996,50000,6290,0.1258
2237,-3.7125,0.8250000000000002,0.0,50000,6272,0.12544
2238,-3.7125,0.8250000000000002,0.4125000000000005,50000,6180,0.1236
2239,-3.7125,0.8250000000000002,0.8250000000000002,50000,6369,0.12738
2240,-3.7125,0.8250000000000002,1.2375000000000007,50000,6265,0.1253
2241,-3.7125,0.8250000000000002,1.6500000000000004,50000,6248,0.12496
2242,-3.7125,0.8250000000000002,2.0625,50000,6201,0.12402
2243,-3.7125,0.8250000000000002,2.4750000000000005,50000,6038,0.12076
2244,-3.7125,0.8250000000000002,2.8875,50000,5998,0.11996
2245,-3.7125,0.8250000000000002,3.3,50000,5875,0.1175
2246,-3.7125,0.8250000000000002,3.712500000000001,50000,5845,0.1169
2247,-3.7125,0.8250000000000002,4.125000000000001,50000,5894,0.11788
2248,-3.7125,0.8250000000000002,4.5375000000000005,50000,5801,0.11602
2249,-3.7125,0.8250000000000002,4.95,50000,5894,0.11788
2250,-3.7125,1.2375000000000007,-4.95,50000,5903,0.11806
2251,-3.7125,1.2375000000000007,-4.5375000000000005,50000,5841,0.11682
2252,-3.7125,1.2375000000000007,-4.125,50000,5821,0.11642
2253,-3.7125,1.2375000000000007,-3.7125,50000,5872,0.11744
2254,-3.7125,1.2375000000000007,-3.3,50000,6011,0.12022
2255,-3.7125,1.2375000000000007,-2.8875,50000,6115,0.1223
2256,-3.7125,1.2375000000000007,-2.475,50000,6188,0.12376
2257,-3.7125,1.2375000000000007,-2.0625,50000,6178,0.12356
2258,-3.7125,1.2375000000000007,-1.65,50000,6273,0.12546
2259,-3.7125,1.2375000000000007,-1.2374999999999998,50000,6302,0.12604
2260,-3.7125,1.2375000000000007,-0.8250000000000002,50000,6387,0.12774
2261,-3.7125,1.2375000000000007,-0.4124999999999996,50000,6404,0.12808
2262,-3.7125,1.2375000000000007,0.0,50000,6444,0.12888
2263,-3.7125,1.2375000000000007,0.4125000000000005,50000,6380,0.1276
2264,-3.7125,1.2375000000000007,0.8250000000000002,50000,6378,0.12756
2265,-3.7125,1.2375000000000007,1.2375000000000007,50000,6286,0.12572
2266,-3.7125,1.2375000000000007,1.6500000000000004,50000,6263,0.12526
2267,-3.7125,1.2375000000000007,2.0625,50000,6008,0.12016
2268,-3.7125,1.2375000000000007,2.4750000000000005,50000,6099,0.12198
2269,-3.7125,1.2375000000000007,2.8875,50000,6007,0.12014
2270,-3.7125,1.2375000000000007,3.3,50000,5982,0.11964
2271,-3.7125,1.2375000000000007,3.712500000000001,50000,5848,0.11696
2272,-3.7125,1.2375000000000007,4.125000000000001,50000,5688,0.11376
2273,-3.7125,1.2375000000000007,4.5375000000000005,50000,5703,0.11406
2274,-3.7125,1.2375000000000007,4.95,50000,5804,0.11608
2275,-3.7125,1.6500000000000004,-4.95,50000,5663,0.11326
2276,-3.7125,1.6500000000000004,-4.5375000000000005,50000,5727,0.11454
2277,-3.7125,1.6500000000000004,-4.125,50000,5731,0.11462
2278,-3.7125,1.6500000000000004,-3.7125,50000,5761,0.11522
2279,-3.7125,1.6500000000000004,-3.3,50000,6012,0.12024
2280,-3.7125,1.6500000000000004,-2.8875,50000,5927,0.11854
2281,-3.7125,1.6500000000000004,-2.475,50000,6065,0.1213
2282,-3.7125,1.6500000000000004,-2.0625,50000,6255,0.1251
2283,-3.7125,1.6500000000000004,-1.65,50000,6316,0.12632
2284,-3.7125,1.6500000000000004,-1.2374999999999998,50000,6360,0.1272
2285,-3.7125,1.6500000000000004,-0.8250000000000002,50000,6443,0.12886
2286,-3.7125,1.6500000000000004,-0.4124999999999996,50000,6356,0.12712
2287,-3.7125,1.6500000000000004,0.0,50000,6488,0.12976
2288,-3.7125,1.6500000000000004,0.4125000000000005,50000,6431,0.12862
2289,-3.7125,1.6500000000000004,0.8250000000000002,50000,6323,0.12646
2290,-3.7125,1.6500000000000004,1.2375000000000007,50000,6377,0.12754
2291,-3.7125,1.6500000000000004,1.6500000000000004,50000,6358,0.12716
2292,-3.7125,1.6500000000000004,2.0625,50000,6227,0.12454
2293,-3.7125,1.6500000000000004,2.4750000000000005,50000,6079,0.12158
2294,-3.7125,1.6500000000000004,2.8875,50000,5942,0.11884
2295,-3.7125,1.6500000000000004,3.3,50000,5985,0.1197
2296,-3.7125,1.6500000000000004,3.712500000000001,50000,5715,0.1143
2297,-3.7125,1.6500000000000004,4.125000000000001,50000,5699,0.11398
2298,-3.7125,1.6500000000000004,4.5375000000000005,50000,5856,0.11712
2299,-3.7125,1.6500000000000004,4.95,50000,5698,0.11396
2300,-3.7125,2.0625,-4.95,50000,5568,0.11136
2301,-3.7125,2.0625,-4.5375000000000005,50000,5624,0.11248
2302,-3.7125,2.0625,-4.125,50000,5525,0.1105
2303,-3.7125,2.0625,-3.7125,50000,5791,0.11582
2304,-3.7125,2.0625,-3.3,50000,5816,0.11632
2305,-3.7125,2.0625,-2.8875,50000,5965,0.1193
2306,-3.7125,2.0625,-2.475,50000,6111,0.12222
2307,-3.7125,2.0625,-2.0625,50000,6132,0.12264
2308,-3.7125,2.0625,-1.65,50000,6328,0.12656
2309,-3.7125,2.0625,-1.2374999999999998,50000,6418,0.12836
2310,-3.7125,2.0625,-0.8250000000000002,50000,6394,0.12788
2311,-3.7125,2.0625,-0.4124999999999996,50000,6503,0.13006
2312,-3.7125,2.0625,0.0,50000,6439,0.12878
2313,-3.7125,2.0625,0.4125000000000005,50000,6336,0.12672
2314,-3.7125,2.0625,0.8250000000000002,50000,6448,0.12896
2315,-3.7125,2.0625,1.2375000000000007,50000,6306,0.12612
2316,-3.7125,2.0625,1.6500000000000004,50000,6366,0.12732
2317,-3.7125,2.0625,2.0625,50000,6235,0.1247
2318,-3.7125,2.0625,2.4750000000000005,50000,6159,0.12318
2319,-3.7125,2.0625,2.8875,50000,6019,0.12038
2320,-3.7125,2.0625,3.3,50000,5827,0.11654
2321,-3.7125,2.0625,3.712500000000001,50000,5799,0.11598
2322,-3.7125,2.0625,4.125000000000001,50000,5598,0.11196
2323,-3.7125,2.0625,4.5375000000000005,50000,5524,0.11048
2324,-3.7125,2.0625,4.95,50000,5617,0.11234
2325,-3.7125,2.4750000000000005,-4.95,50000,5447,0.10894
2326,-3.7125,2.4750000000000005,-4.5375000000000005,50000,5540,0.1108
2327,-3.7125,2.4750000000000005,-4.125,50000,5505,0.1101
2328,-3.7125,2.4750000000000005,-3.7125,50000,5574,0.11148
2329,-3.7125,2.4750000000000005,-3.3,50000,5657,0.11314
2330,-3.7125,2.4750000000000005,-2.8875,50000,5789,0.11578
2331,-3.7125,2.4750000000000005,-2.475,50000,5994,0.11988
2332,-3.7125,2.4750000000000005,-2.0625,50000,6073,0.12146
2333,-3.7125,2.4750000000000005,-1.65,50000,6287,0.12574
2334,-3.7125,2.4750000000000005,-1.2374999999999998,50000,6377,0.12754
2335,-3.7125,2.4750000000000005,-0.8250000000000002,50000,6376,0.12752
2336,-3.7125,2.4750000000000005,-0.4124999999999996,50000,6494,0.12988
2337,-3.7125,2.4750000000000005,0.0,50000,6517,0.13034
2338,-3.7125,2.4750000000000005,0.4125000000000005,50000,6585,0.1317
2339,-3.7125,2.4750000000000005,0.8250000000000002,50000,6498,0.12996
2340,-3.7125,2.4750000000000005,1.2375000000000007,50000,6483,0.12966
2341,-3.7125,2.4750000000000005,1.6500000000000004,50000,6268,0.12536
2342,-3.7125,2.4750000000000005,2.0625,50000,6103,0.12206
2343,-3.7125,2.4750000000000005,2.4750000000000005,50000,5838,0.11676
2344,-3.7125,2.4750000000000005,2.8875,50000,5865,0.1173
2345,-3.7125,2.4750000000000005,3.3,50000,5545,0.1109
2346,-3.7125,2.4750000000000005,3.712500000000001,50000,5527,0.11054
2347,-3.7125,2.4750000000000005,4.125000000000001,50000,5493,0.10986
2348,-3.7125,2.4750000000000005,4.5375000000000005,50000,5559,0.11118
2349,-3.7125,2.4750000000000005,4.95,50000,5430,0.1086
2350,-3.7125,2.8875,-4.95,50000,5257,0.10514
2351,-3.7125,2.8875,-4.5375000000000005,50000,5171,0.10342
2352,-3.7125,2.8875,-4.125,50000,5233,0.10466
2353,-3.7125,2.8875,-3.7125,50000,5343,0.10686
2354,-3.7125,2.8875,-3.3,50000,5524,0.11048
2355,-3.7125,2.8875,-2.8875,50000,5821,0.11642
2356,-3.7125,2.8875,-2.475,50000,5863,0.11726
2357,-3.7125,2.8875,-2.0625,50000,6033,0.12066
2358,-3.7125,2.8875,-1.65,50000,6344,0.12688
2359,-3.7125,2.8875,-1.2374999999999998,50000,6319,0.12638
2360,-3.7125,2.8875,-0.8250000000000002,50000,6494,0.12988
2361,-3.7125,2.8875,-0.4124999999999996,50000,6585,0.1317
2362,-3.7125,2.8875,0.0,50000,6435,0.1287
2363,-3.7125,2.8875,0.4125000000000005,50000,6476,0.12952
2364,-3.7125,2.8875,0.8250000000000002,50000,6399,0.12798
2365,-3.7125,2.8875,1.2375000000000007,50000,6207,0.12414
2366,-3.7125,2.8875,1.6500000000000004,50000,6241,0.12482
2367,-3.7125,2.8875,2.0625,50000,6111,0.12222
2368,-3.7125,2.8875,2.4750000000000005,50000,5836,0.11672
2369,-3.7125,2.8875,2.8875,50000,5694,0.11388
2370,-3.7125,2.8875,3.3,50000,5502,0.11004
2371,-3.7125,2.8875,3.712500000000001,50000,5477,0.10954
2372,-3.7125,2.8875,4.125000000000001,50000,5262,0.10524
2373,-3.7125,2.8875,4.5375000000000005,50000,5292,0.10584
2374,-3.7125,2.8875,4.95,50000,5380,0.1076
2375,-3.7125,3.3,-4.95,50000,5015,0.1003
2376,-3.7125,3.3,-4.5375000000000005,50000,4880,0.0976
2377,-3.7125,3.3,-4.125,50000,4982,0.09964
2378,-3.7125,3.3,-3.7125,50000,5176,0.10352
2379,-3.7125,3.3,-3.3,50000,5361,0.10722
2380,-3.7125,3.3,-2.8875,50000,5432,0.10864
2381,-3.7125,3.3,-2.475,50000,5639,0.11278
2382,-3.7125,3.3,-2.0625,50000,5758,0.11516
2383,-3.7125,3.3,-1.65,50000,6133,0.12266
2384,-3.7125,3.3,-1.2374999999999998,50000,6226,0.12452
2385,-3.7125,3.3,-0.8250000000000002,50000,6390,0.1278
2386,-3.7125,3.3,-0.4124999999999996,50000,6300,0.126
2387,-3.7125,3.3,0.0,50000,6535,0.1307
2388,-3.7125,3.3,0.4125000000000005,50000,6310,0.1262
2389,-3.7125,3.3,0.8250000000000002,50000,6302,0.12604
2390,-3.7125,3.3,1.2375000000000007,50000,6176,0.12352
2391,-3.7125,3.3,1.6500000000000004,50000,6104,0.12208
2392,-3.7125,3.3,2.0625,50000,5943,0.11886
2393,-3.7125,3.3,2.4750000000000005,50000,5791,0.11582
2394,-3.7125,3.3,2.8875,50000,5506,0.11012
2395,-3.7125,3.3,3.3,50000,5131,0.10262
2396,-3.7125,3.3,3.712500000000001,50000,5083,0.10166
2397,-3.7125,3.3,4.125000000000001,50000,4878,0.09756
2398,-3.7125,3.3,4.5375000000000005,50000,4894,0.09788
2399,-3.7125,3.3,4.95,50000,4826,0.09652
2400,-3.7125,3.712500000000001,-4.95,50000,4435,0.0887
2401,-3.7125,3.712500000000001,-4.5375000000000005,50000,4647,0.09294
2402,-3.7125,3.712500000000001,-4.125,50000,4581,0.09162
2403,-3.7125,3.712500000000001,-3.7125,50000,4670,0.0934
2404,-3.7125,3.712500000000001,-3.3,50000,4896,0.09792
2405,-3.7125,3.712500000000001,-2.8875,50000,5202,0.10404
2406,-3.7125,3.712500000000001,-2.475,50000,5461,0.10922
2407,-3.7125,3.712500000000001,-2.0625,50000,5746,0.11492
2408,-3.7125,3.712500000000001,-1.65,50000,5766,0.11532
2409,-3.7125,3.712500000000001,-1.2374999999999998,50000,5999,0.11998
2410,-3.7125,3.712500000000001,-0.8250000000000002,50000,6014,0.12028
2411,-3.7125,3.712500000000001,-0.4124999999999996,50000,6117,0.12234
2412,-3.7125,3.712500000000001,0.0,50000,6212,0.12424
2413,-3.7125,3.712500000000001,0.4125000000000005,50000,6165,0.1233
2414,-3.7125,3.712500000000001,0.8250000000000002,50000,6007,0.12014
2415,-3.7125,3.712500000000001,1.2375000000000007,50000,6015,0.1203
2416,-3.7125,3.712500000000001,1.6500000000000004,50000,5993,0.11986
2417,-3.7125,3.712500000000001,2.0625,50000,5700,0.114
2418,-3.7125,3.712500000000001,2.4750000000000005,50000,5542,0.11084
2419,-3.7125,3.712500000000001,2.8875,50000,5175,0.1035
2420,-3.7125,3.712500000000001,3.3,50000,5027,0.10054
2421,-3.7125,3.712500000000001,3.712500000000001,50000,4698,0.09396
2422,-3.7125,3.712500000000001,4.125000000000001,50000,4576,0.09152
2423,-3.7125,3.712500000000001,4.5375000000000005,50000,4564,0.09128
2424,-3.7125,3.712500000000001,4.95,50000,4496,0.08992
2425,-3.7125,4.125000000000001,-4.95,50000,3969,0.07938
2426,-3.7125,4.125000000000001,-4.5375000000000005,50000,3828,0.07656
2427,-3.7125,4.125000000000001,-4.125,50000,4055,0.0811
2428,-3.7125,4.125000000000001,-3.7125,50000,4135,0.0827
2429,-3.7125,4.125000000000001,-3.3,50000,4391,0.08782
2430,-3.7125,4.125000000000001,-2.8875,50000,4709,0.09418
2431,-3.7125,4.125000000000001,-2.475,50000,4988,0.09976
2432,-3.7125,4.125000000000001,-2.0625,50000,5231,0.10462
2433,-3.7125,4.125000000000001,-1.65,50000,5288,0.10576
2434,-3.7125,4.125000000000001,-1.2374999999999998,50000,5478,0.10956
2435,-3.7125,4.125000000000001,-0.8250000000000002,50000,5558,0.11116
2436,-3.7125,4.125000000000001,-0.4124999999999996,50000,5671,0.11342
2437,-3.7125,4.125000000000001,0.0,50000,5660,0.1132
2438,-3.7125,4.125000000000001,0.4125000000000005,50000,5692,0.11384
2439,-3.7125,4.125000000000001,0.8250000000000002,50000,5548,0.11096
2440,-3.7125,4.125000000000001,1.2375000000000007,50000,5477,0.10954
2441,-3.7125,4.125000000000001,1.6500000000000004,50000,5411,0.10822
2442,-3.7125,4.125000000000001,2.0625,50000,5284,0.10568
2443,-3.7125,4.125000000000001,2.4750000000000005,50000,4908,0.09816
2444,-3.7125,4.125000000000001,2.8875,50000,4796,0.09592
2445,-3.7125,4.125000000000001,3.3,50000,4338,0.08676
2446,-3.7125,4.125000000000001,3.712500000000001,50000,4119,0.08238
2447,-3.7125,4.125000000000001,4.125000000000001,50000,4022,0.08044
2448,-3.7125,4.125000000000001,4.5375000000000005,50000,3847,0.07694
2449,-3.7125,4.125000000000001,4.95,50000,3914,0.07828
2450,-3.7125,4.5375000000000005,-4.95,50000,3386,0.06772
2451,-3.7125,4.5375000000000005,-4.5375000000000005,50000,3198,0.06396
2452,-3.7125,4.5375000000000005,-4.125,50000,3356,0.06712
2453,-3.7125,4.5375000000000005,-3.7125,50000,3511,0.07022
2454,-3.7125,4.5375000000000005,-3.3,50000,3658,0.07316
2455,-3.7125,4.5375000000000005,-2.8875,50000,3936,0.07872
2456,-3.7125,4.5375000000000005,-2.475,50000,4205,0.0841
2457,-3.7125,4.5375000000000005,-2.0625,50000,4354,0.08708
2458,-3.7125,4.5375000000000005,-1.65,50000,4407,0.08814
2459,-3.7125,4.5375000000000005,-1.2374999999999998,50000,4578,0.09156
2460,-3.7125,4.5375000000000005,-0.8250000000000002,50000,4654,0.09308
2461,-3.7125,4.5375000000000005,-0.4124999999999996,50000,4614,0.09228
2462,-3.7125,4.5375000000000005,0.0,50000,4666,0.09332
2463,-3.7125,4.5375000000000005,0.4125000000000005,50000,4698,0.09396
2464,-3.7125,4.5375000000000005,0.8250000000000002,50000,4529,0.09058
2465,-3.7125,4.5375000000000005,1.2375000000000007,50000,4652,0.09304
2466,-3.7125,4.5375000000000005,1.6500000000000004,50000,4485,0.0897
2467,-3.7125,4.5375000000000005,2.0625,50000,4389,0.08778
2468,-3.7125,4.5375000000000005,2.4750000000000005,50000,4188,0.08376
2469,-3.7125,4.5375000000000005,2.8875,50000,3796,0.07592
2470,-3.7125,4.5375000000000005,3.3,50000,3724,0.07448
2471,-3.7125,4.5375000000000005,3.712500000000001,50000,3406,0.06812
2472,-3.7125,4.5375000000000005,4.125000000000001,50000,3283,0.06566
2473,-3.7125,4.5375000000000005,4.5375000000000005,50000,3180,0.0636
2474,-3.7125,4.5375000000000005,4.95,50000,3287,0.06574
2475,-3.7125,4.95,-4.95,50000,2315,0.0463
2476,-3.7125,4.95,-4.5375000000000005,50000,2332,0.04664
2477,-3.7125,4.95,-4.125,50000,2557,0.05114
2478,-3.7125,4.95,-3.7125,50000,2595,0.0519
2479,-3.7125,4.95,-3.3,50000,2608,0.05216
2480,-3.7125,4.95,-2.8875,50000,2717,0.05434
2481,-3.7125,4.95,-2.475,50000,2778,0.05556
2482,-3.7125,4.95,-2.0625,50000,2831,0.05662
2483,-3.7125,4.95,-1.65,50000,2940,0.0588
2484,-3.7125,4.95,-1.2374999999999998,50000,2875,0.0575
2485,-3.7125,4.95,-0.8250000000000002,50000,3064,0.06128
2486,-3.7125,4.95,-0.4124999999999996,50000,2955,0.0591
2487,-3.7125,4.95,0.0,50000,3059,0.06118
2488,-3.7125,4.95,0.4125000000000005,50000,2968,0.05936
2489,-3.7125,4.95,0.8250000000000002,50000,2784,0.05568
2490,-3.7125,4.95,1.2375000000000007,50000,2880,0.0576
2491,-3.7125,4.95,1.6500000000000004,50000,2864,0.05728
2492,-3.7125,4.95,2.0625,50000,2815,0.0563
2493,-3.7125,4.95,2.4750000000000005,50000,2783,0.05566
2494,-3.7125,4.95,2.8875,50000,2673,0.05346
2495,-3.7125,4.95,3.3,50000,2682,0.05364
2496,-3.7125,4.95,3.712500000000001,50000,2634,0.05268
2497,-3.7125,4.95,4.125000000000001,50000,2545,0.0509
2498,-3.7125,4.95,4.5375000000000005,50000,2316,0.04632
2499,-3.7125,4.95,4.95,50000,2326,0.04652
2500,-3.3,-4.95,-4.95,50000,5515,0.1103
2501,-3.3,-4.95,-4.5375000000000005,50000,5526,0.11052
2502,-3.3,-4.95,-4.125,50000,5545,0.1109
2503,-3.3,-4.95,-3.7125,50000,5618,0.11236
2504,-3.3,-4.95,-3.3,50000,5693,0.11386
2505,-3.3,-4.95,-2.8875,50000,5656,0.11312
2506,-3.3,-4.95,-2.475,50000,5711,0.11422
2507,-3.3,-4.95,-2.0625,50000,5652,0.11304
2508,-3.3,-4.95,-1.65,50000,5702,0.11404
2509,-3.3,-4.95,-1.2374999999999998,50000,5715,0.1143
2510,-3.3,-4.95,-0.8250000000000002,50000,5840,0.1168
2511,-3.3,-4.95,-0.4124999999999996,50000,5896,0.11792
2512,-3.3,-4.95,0.0,50000,5854,0.11708
2513,-3.3,-4.95,0.4125000000000005,50000,5754,0.11508
2514,-3.3,-4.95,0.8250000000000002,50000,5896,0.11792
2515,-3.3,-4.95,1.2375000000000007,50000,5883,0.11766
2516,-3.3,-4.95,1.6500000000000004,50000,5884,0.11768
2517,-3.3,-4.95,2.0625,50000,5796,0.11592
2518,-3.3,-4.95,2.4750000000000005,50000,5598,0.11196
2519,-3.3,-4.95,2.8875,50000,5712,0.11424
2520,-3.3,-4.95,3.3,50000,5711,0.11422
2521,-3.3,-4.95,3.712500000000001,50000,5677,0.11354
2522,-3.3,-4.95,4.125000000000001,50000,5507,0.11014
2523,-3.3,-4.95,4.5375000000000005,50000,5617,0.11234
2524,-3.3,-4.95,4.95,50000,5516,0.11032
2525,-3.3,-4.5375000000000005,-4.95,50000,5397,0.10794
2526,-3.3,-4.5375000000000005,-4.5375000000000005,50000,5567,0.11134
2527,-3.3,-4.5375000000000005,-4.125,50000,5658,0.11316
2528,-3.3,-4.5375000000000005,-3.7125,50000,5559,0.11118
2529,-3.3,-4.5375000000000005,-3.3,50000,5754,0.11508
2530,-3.3,-4.5375000000000005,-2.8875,50000,5669,0.11338
2531,-3.3,-4.5375000000000005,-2.475,50000,5797,0.11594
2532,-3.3,-4.5375000000000005,-2.0625,50000,5639,0.11278
2533,-3.3,-4.5375000000000005,-1.65,50000,5693,0.11386
2534,-3.3,-4.5375000000000005,-1.2374999999999998,50000,5809,0.11618
2535,-3.3,-4.5375000000000005,-0.8250000000000002,50000,5855,0.1171
2536,-3.3,-4.5375000000000005,-0.4124999999999996,50000,5676,0.11352
2537,-3.3,-4.5375000000000005,0.0,50000,5850,0.117
2538,-3.3,-4.5375000000000005,0.4125000000000005,50000,5785,0.1157
2539,-3.3,-4.5375000000000005,0.8250000000000002,50000,5722,0.11444
2540,-3.3,-4.5375000000000005,1.2375000000000007,50000,5731,0.11462
2541,-3.3,-4.5375000000000005,1.6500000000000004,50000,5866,0.11732
2542,-3.3,-4.5375000000000005,2.0625,50000,5874,0.11748
2543,-3.3,-4.5375000000000005,2.4750000000000005,50000,5716,0.11432
2544,-3.3,-4.5375000000000005,2.8875,50000,5588,0.11176
2545,-3.3,-4.5375000000000005,3.3,50000,5755,0.1151
2546,-3.3,-4.5375000000000005,3.712500000000001,50000,5695,0.1139
2547,-3.3,-4.5375000000000005,4.125000000000001,50000,5618,0.11236
2548,-3.3,-4.5375000000000005,4.5375000000000005,50000,5558,0.11116
2549,-3.3,-4.5375000000000005,4.95,50000,5563,0.11126
2550,-3.3,-4.125,-4.95,50000,5538,0.11076
2551,-3.3,-4.125,-4.5375000000000005,50000,5621,0.11242
2552,-3.3,-4.125,-4.125,50000,5615,0.1123
2553,-3.3,-4.125,-3.7125,50000,5669,0.11338
2554,-3.3,-4.125,-3.3,50000,5756,0.11512
2555,-3.3,-4.125,-2.8875,50000,5618,0.11236
2556,-3.3,-4.125,-2.475,50000,5645,0.1129
2557,-3.3,-4.125,-2.0625,50000,5759,0.11518
2558,-3.3,-4.125,-1.65,50000,5808,0.11616
2559,-3.3,-4.125,-1.2374999999999998,50000,5699,0.11398
2560,-3.3,-4.125,-0.8250000000000002,50000,5895,0.1179
2561,-3.3,-4.125,-0.4124999999999996,50000,5785,0.1157
2562,-3.3,-4.125,0.0,50000,5719,0.11438
2563,-3.3,-4.125,0.4125000000000005,50000,5796,0.11592
2564,-3.3,-4.125,0.8250000000000002,50000,5871,0.11742
2565,-3.3,-4.125,1.2375000000000007,50000,5623,0.11246
2566,-3.3,-4.125,1.6500000000000004,50000,5708,0.11416
2567,-3.3,-4.125,2.0625,50000,5691,0.11382
2568,-3.3,-4.125,2.4750000000000005,50000,5614,0.11228
2569,-3.3,-4.125,2.8875,50000,5604,0.11208
2570,-3.3,-4.125,3.3,50000,5601,0.11202
2571,-3.3,-4.125,3.712500000000001,50000,5613,0.11226
2572,-3.3,-4.125,4.125000000000001,50000,5542,0.11084
2573,-3.3,-4.125,4.5375000000000005,50000,5481,0.10962
2574,-3.3,-4.125,4.95,50000,5704,0.11408
2575,-3.3,-3.7125,-4.95,50000,5465,0.1093
2576,-3.3,-3.7125,-4.5375000000000005,50000,5554,0.11108
2577,-3.3,-3.7125,-4.125,50000,5619,0.11238
2578,-3.3,-3.7125,-3.7125,50000,5555,0.1111
2579,-3.3,-3.7125,-3.3,50000,5736,0.11472
2580,-3.3,-3.7125,-2.8875,50000,5772,0.11544
2581,-3.3,-3.7125,-2.475,50000,5742,0.11484
2582,-3.3,-3.7125,-2.0625,50000,5825,0.1165
2583,-3.3,-3.7125,-1.65,50000,5690,0.1138
2584,-3.3,-3.7125,-1.2374999999999998,50000,5688,0.11376
2585,-3.3,-3.7125,-0.8250000000000002,50000,5777,0.11554
2586,-3.3,-3.7125,-0.4124999999999996,50000,5751,0.11502
2587,-3.3,-3.7125,0.0,50000,5872,0.11744
2588,-3.3,-3.7125,0.4125000000000005,50000,5795,0.1159
2589,-3.3,-3.7125,0.8250000000000002,50000,5745,0.1149
2590,-3.3,-3.7125,1.2375000000000007,50000,5746,0.11492
2591,-3.3,-3.7125,1.6500000000000004,50000,5672,0.11344
2592,-3.3,-3.7125,2.0625,50000,5800,0.116
2593,-3.3,-3.7125,2.4750000000000005,50000,5649,0.11298
2594,-3.3,-3.7125,2.8875,50000,5599,0.11198
2595,-3.3,-3.7125,3.3,50000,5748,0.11496
2596,-3.3,-3.7125,3.712500000000001,50000,5575,0.1115
2597,-3.3,-3.7125,4.125000000000001,50000,5693,0.11386
2598,-3.3,-3.7125,4.5375000000000005,50000,5620,0.1124
2599,-3.3,-3.7125,4.95,50000,5581,0.11162
2600,-3.3,-3.3,-4.95,50000,5718,0.11436
2601,-3.3,-3.3,-4.5375000000000005,50000,5580,0.1116
2602,-3.3,-3.3,-4.125,50000,5755,0.1151
2603,-3.3,-3.3,-3.7125,50000,5649,0.11298
2604,-3.3,-3.3,-3.3,50000,5754,0.11508
2605,-3.3,-3.3,-2.8875,50000,5687,0.11374
2606,-3.3,-3.3,-2.475,50000,5823,0.11646
2607,-3.3,-3.3,-2.0625,50000,5656,0.11312
2608,-3.3,-3.3,-1.65,50000,5709,0.11418
2609,-3.3,-3.3,-1.2374999999999998,50000,5859,0.11718
2610,-3.3,-3.3,-0.8250000000000002,50000,5785,0.1157
2611,-3.3,-3.3,-0.4124999999999996,50000,5942,0.11884
2612,-3.3,-3.3,0.0,50000,5710,0.1142
2613,-3.3,-3.3,0.4125000000000005,50000,5753,0.11506
2614,-3.3,-3.3,0.8250000000000002,50000,5754,0.11508
2615,-3.3,-3.3,1.2375000000000007,50000,5699,0.11398
2616,-3.3,-3.3,1.6500000000000004,50000,5825,0.1165
2617,-3.3,-3.3,2.0625,50000,5724,0.11448
2618,-3.3,-3.3,2.4750000000000005,50000,5696,0.11392
2619,-3.3,-3.3,2.8875,50000,5628,0.11256
2620,-3.3,-3.3,3.3,50000,5704,0.11408
2621,-3.3,-3.3,3.712500000000001,50000,5642,0.11284
2622,-3.3,-3.3,4.125000000000001,50000,5704,0.11408
2623,-3.3,-3.3,4.5375000000000005,50000,5611,0.11222
2624,-3.3,-3.3,4.95,50000,5660,0.1132
2625,-3.3,-2.8875,-4.95,50000,5542,0.11084
2626,-3.3,-2.8875,-4.5375000000000005,50000,5675,0.1135
2627,-3.3,-2.8875,-4.125,50000,5651,0.11302
2628,-3.3,-2.8875,-3.7125,50000,5693,0.11386
2629,-3.3,-2.8875,-3.3,50000,5765,0.1153
2630,-3.3,-2.8875,-2.8875,50000,5715,0.1143
2631,-3.3,-2.8875,-2.475,50000,5721,0.11442
2632,-3.3,-2.8875,-2.0625,50000,5728,0.11456
2633,-3.3,-2.8875,-1.65,50000,5781,0.11562
2634,-3.3,-2.8875,-1.2374999999999998,50000,5862,0.11724
2635,-3.3,-2.8875,-0.8250000000000002,50000,5860,0.1172
2636,-3.3,-2.8875,-0.4124999999999996,50000,5892,0.11784
2637,-3.3,-2.8875,0.0,50000,5751,0.11502
2638,-3.3,-2.8875,0.4125000000000005,50000,5821,0.11642
2639,-3.3,-2.8875,0.8250000000000002,50000,5877,0.11754
2640,-3.3,-2.8875,1.2375000000000007,50000,5805,0.1161
2641,-3.3,-2.8875,1.6500000000000004,50000,5778,0.11556
2642,-3.3,-2.8875,2.0625,50000,5787,0.11574
2643,-3.3,-2.8875,2.4750000000000005,50000,5686,0.11372
2644,-3.3,-2.8875,2.8875,50000,5722,0.11444
2645,-3.3,-2.8875,3.3,50000,5805,0.1161
2646,-3.3,-2.8875,3.712500000000001,50000,5725,0.1145
2647,-3.3,-2.8875,4.125000000000001,50000,5644,0.11288
2648,-3.3,-2.8875,4.5375000000000005,50000,5784,0.11568
2649,-3.3,-2.8875,4.95,50000,5722,0.11444
2650,-3.3,-2.475,-4.95,50000,5671,0.11342
2651,-3.3,-2.475,-4.5375000000000005,50000,5677,0.11354
2652,-3.3,-2.475,-4.125,50000,5760,0.1152
2653,-3.3,-2.475,-3.7125,50000,5749,0.11498
2654,-3.3,-2.475,-3.3,50000,5761,0.11522
2655,-3.3,-2.475,-2.8875,50000,5642,0.11284
2656,-3.3,-2.475,-2.475,50000,5787,0.11574
2657,-3.3,-2.475,-2.0625,50000,5899,0.11798
2658,-3.3,-2.475,-1.65,50000,5694,0.11388
2659,-3.3,-2.475,-1.2374999999999998,50000,5794,0.11588
2660,-3.3,-2.475,-0.8250000000000002,50000,5764,0.11528
2661,-3.3,-2.475,-0.4124999999999996,50000,5808,0.11616
2662,-3.3,-2.475,0.0,50000,5816,0.11632
2663,-3.3,-2.475,0.4125000000000005,50000,5915,0.1183
2664,-3.3,-2.475,0.8250000000000002,50000,5810,0.1162
2665,-3.3,-2.475,1.2375000000000007,50000,5928,0.11856
2666,-3.3,-2.475,1.6500000000000004,50000,5959,0.11918
2667,-3.3,-2.475,2.0625,50000,5881,0.11762
2668,-3.3,-2.475,2.4750000000000005,50000,5961,0.11922
2669,-3.3,-2.475,2.8875,50000,5666,0.11332
2670,-3.3,-2.475,3.3,50000,5770,0.1154
2671,-3.3,-2.475,3.712500000000001,50000,5801,0.11602
2672,-3.3,-2.475,4.125000000000001,50000,5719,0.11438
2673,-3.3,-2.475,4.5375000000000005,50000,5745,0.1149
2674,-3.3,-2.475,4.95,50000,5568,0.11136
2675,-3.3,-2.0625,-4.95,50000,5671,0.11342
2676,-3.3,-2.0625,-4.5375000000000005,50000,5734,0.11468
2677,-3.3,-2.0625,-4.125,50000,5755,0.1151
2678,-3.3,-2.0625,-3.7125,50000,5751,0.11502
2679,-3.3,-2.0625,-3.3,50000,5771,0.11542
2680,-3.3,-2.0625,-2.8875,50000,5816,0.11632
2681,-3.3,-2.0625,-2.475,50000,5837,0.11674
2682,-3.3,-2.0625,-2.0625,50000,5867,0.11734
2683,-3.3,-2.0625,-1.65,50000,5905,0.1181
2684,-3.3,-2.0625,-1.2374999999999998,50000,5790,0.1158
2685,-3.3,-2.0625,-0.8250000000000002,50000,5822,0.11644
2686,-3.3,-2.0625,-0.4124999999999996,50000,5989,0.11978
2687,-3.3,-2.0625,0.0,50000,5875,0.1175
2688,-3.3,-2.0625,0.4125000000000005,50000,5845,0.1169
2689,-3.3,-2.0625,0.8250000000000002,50000,5859,0.11718
2690,-3.3,-2.0625,1.2375000000000007,50000,6036,0.12072
2691,-3.3,-2.0625,1.6500000000000004,50000,5825,0.1165
2692,-3.3,-2.0625,2.0625,50000,5877,0.11754
2693,-3.3,-2.0625,2.4750000000000005,50000,5921,0.11842
2694,-3.3,-2.0625,2.8875,50000,5721,0.11442
2695,-3.3,-2.0625,3.3,50000,5870,0.1174
2696,-3.3,-2.0625,3.712500000000001,50000,5842,0.11684
2697,-3.3,-2.0625,4.125000000000001,50000,5683,0.11366
2698,-3.3,-2.0625,4.5375000000000005,50000,5663,0.11326
2699,-3.3,-2.0625,4.95,50000,5640,0.1128
2700,-3.3,-1.65,-4.95,50000,5737,0.11474
2701,-3.3,-1.65,-4.5375000000000005,50000,5931,0.11862
2702,-3.3,-1.65,-4.125,50000,5850,0.117
2703,-3.3,-1.65,-3.7125,50000,5679,0.11358
2704,-3.3,-1.65,-3.3,50000,5805,0.1161
2705,-3.3,-1.65,-2.8875,50000,5784,0.11568
2706,-3.3,-1.65,-2.475,50000,5857,0.11714
2707,-3.3,-1.65,-2.0625,50000,6184,0.12368
2708,-3.3,-1.65,-1.65,50000,6031,0.12062
2709,-3.3,-1.65,-1.2374999999999998,50000,5892,0.11784
2710,-3.3,-1.65,-0.8250000000000002,50000,5834,0.11668
2711,-3.3,-1.65,-0.4124999999999996,50000,5952,0.11904
2712,-3.3,-1.65,0.0,50000,5951,0.11902
2713,-3.3,-1.65,0.4125000000000005,50000,5791,0.11582
2714,-3.3,-1.65,0.8250000000000002,50000,5967,0.11934
2715,-3.3,-1.65,1.2375000000000007,50000,5835,0.1167
2716,-3.3,-1.65,1.6500000000000004,50000,5910,0.1182
2717,-3.3,-1.65,2.0625,50000,5819,0.11638
2718,-3.3,-1.65,2.4750000000000005,50000,5787,0.11574
2719,-3.3,-1.65,2.8875,50000,5820,0.1164
2720,-3.3,-1.65,3.3,50000,5768,0.11536
2721,-3.3,-1.65,3.712500000000001,50000,5766,0.11532
2722,-3.3,-1.65,4.125000000000001,50000,5871,0.11742
2723,-3.3,-1.65,4.5375000000000005,50000,5730,0.1146
2724,-3.3,-1.65,4.95,50000,5770,0.1154
2725,-3.3,-1.2374999999999998,-4.95,50000,5819,0.11638
2726,-3.3,-1.2374999999999998,-4.5375000000000005,50000,5806,0.11612
2727,-3.3,-1.2374999999999998,-4.125,50000,5775,0.1155
2728,-3.3,-1.2374999999999998,-3.7125,50000,5902,0.11804
2729,-3.3,-1.2374999999999998,-3.3,50000,5843,0.11686
2730,-3.3,-1.2374999999999998,-2.8875,50000,5809,0.11618
2731,-3.3,-1.2374999999999998,-2.475,50000,5923,0.11846
2732,-3.3,-1.2374999999999998,-2.0625,50000,5823,0.11646
2733,-3.3,-1.2374999999999998,-1.65,50000,5960,0.1192
2734,-3.3,-1.2374999999999998,-1.2374999999999998,50000,5904,0.11808
2735,-3.3,-1.2374999999999998,-0.8250000000000002,50000,6042,0.12084
2736,-3.3,-1.2374999999999998,-0.4124999999999996,50000,5926,0.11852
2737,-3.3,-1.2374999999999998,0.0,50000,6085,0.1217
2738,-3.3,-1.2374999999999998,0.4125000000000005,50000,6183,0.12366
2739,-3.3,-1.2374999999999998,0.8250000000000002,50000,5932,0.11864
2740,-3.3,-1.2374999999999998,1.2375000000000007,50000,6019,0.12038
2741,-3.3,-1.2374999999999998,1.6500000000000004,50000,5991,0.11982
2742,-3.3,-1.2374999999999998,2.0625,50000,5897,0.11794
2743,-3.3,-1.2374999999999998,2.4750000000000005,50000,5978,0.11956
2744,-3.3,-1.2374999999999998,2.8875,50000,5928,0.11856
2745,-3.3,-1.2374999999999998,3.3,50000,5725,0.1145
2746,-3.3,-1.2374999999999998,3.712500000000001,50000,5824,0.11648
2747,-3.3,-1.2374999999999998,4.125000000000001,50000,5776,0.11552
2748,-3.3,-1.2374999999999998,4.5375000000000005,50000,5906,0.11812
2749,-3.3,-1.2374999999999998,4.95,50000,5749,0.11498
2750,-3.3,-0.8250000000000002,-4.95,50000,5789,0.11578
2751,-3.3,-0.8250000000000002,-4.5375000000000005,50000,5916,0.11832
2752,-3.3,-0.8250000000000002,-4.125,50000,5823,0.11646
2753,-3.3,-0.8250000000000002,-3.7125,50000,5801,0.11602
2754,-3.3,-0.8250000000000002,-3.3,50000,5954,0.11908
2755,-3.3,-0.8250000000000002,-2.8875,50000,5947,0.11894
2756,-3.3,-0.8250000000000002,-2.475,50000,5944,0.11888
2757,-3.3,-0.8250000000000002,-2.0625,50000,5888,0.11776
2758,-3.3,-0.8250000000000002,-1.65,50000,5984,0.11968
2759,-3.3,-0.8250000000000002,-1.2374999999999998,50000,6020,0.1204
2760,-3.3,-0.8250000000000002,-0.8250000000000002,50000,5934,0.11868
2761,-3.3,-0.8250000000000002,-0.4124999999999996,50000,6130,0.1226
2762,-3.3,-0.8250000000000002,0.0,50000,6093,0.12186
2763,-3.3,-0.8250000000000002,0.4125000000000005,50000,6098,0.12196
2764,-3.3,-0.8250000000000002,0.8250000000000002,50000,6077,0.12154
2765,-3.3,-0.8250000000000002,1.2375000000000007,50000,5994,0.11988
2766,-3.3,-0.8250000000000002,1.6500000000000004,50000,6002,0.12004
2767,-3.3,-0.8250000000000002,2.0625,50000,5930,0.1186
2768,-3.3,-0.8250000000000002,2.4750000000000005,50000,5977,0.11954
2769,-3.3,-0.8250000000000002,2.8875,50000,5960,0.1192
2770,-3.3,-0.8250000000000002,3.3,50000,5755,0.1151
2771,-3.3,-0.8250000000000002,3.712500000000001,50000,5805,0.1161
2772,-3.3,-0.8250000000000002,4.125000000000001,50000,5985,0.1197
2773,-3.3,-0.8250000000000002,4.5375000000000005,50000,5743,0.11486
2774,-3.3,-0.8250000000000002,4.95,50000,5840,0.1168
2775,-3.3,-0.4124999999999996,-4.95,50000,5770,0.1154
2776,-3.3,-0.4124999999999996,-4.5375000000000005,50000,5883,0.11766
2777,-3.3,-0.4124999999999996,-4.125,50000,5991,0.11982
2778,-3.3,-0.4124999999999996,-3.7125,50000,5760,0.1152
2779,-3.3,-0.4124999999999996,-3.3,50000,5881,0.11762
2780,-3.3,-0.4124999999999996,-2.8875,50000,6081,0.12162
2781,-3.3,-0.4124999999999996,-2.475,50000,5981,0.11962
2782,-3.3,-0.4124999999999996,-2.0625,50000,6029,0.12058
2783,-3.3,-0.4124999999999996,-1.65,50000,6008,0.12016
2784,-3.3,-0.4124999999999996,-1.2374999999999998,50000,6024,0.12048
2785,-3.3,-0.4124999999999996,-0.8250000000000002,50000,6166,0.12332
2786,-3.3,-0.4124999999999996,-0.4124999999999996,50000,6144,0.12288
2787,-3.3,-0.4124999999999996,0.0,50000,6144,0.12288
2788,-3.3,-0.4124999999999996,0.4125000000000005,50000,6196,0.12392
2789,-3.3,-0.4124999999999996,0.8250000000000002,50000,6063,0.12126
2790,-3.3,-0.4124999999999996,1.2375000000000007,50000,6214,0.12428
2791,-3.3,-0.4124999999999996,1.6500000000000004,50000,5951,0.11902
2792,-3.3,-0.4124999999999996,2.0625,50000,6036,0.12072
2793,-3.3,-0.4124999999999996,2.4750000000000005,50000,5964,0.11928
2794,-3.3,-0.4124999999999996,2.8875,50000,5940,0.1188
2795,-3.3,-0.4124999999999996,3.3,50000,5939,0.11878
2796,-3.3,-0.4124999999999996,3.712500000000001,50000,5853,0.11706
2797,-3.3,-0.4124999999999996,4.125000000000001,50000,5900,0.118
2798,-3.3,-0.4124999999999996,4.5375000000000005,50000,5803,0.11606
2799,-3.3,-0.4124999999999996,4.95,50000,5836,0.11672
2800,-3.3,0.0,-4.95,50000,5883,0.11766
2801,-3.3,0.0,-4.5375000000000005,50000,5834,0.11668
2802,-3.3,0.0,-4.125,50000,5856,0.11712
2803,-3.3,0.0,-3.7125,50000,5880,0.1176
2804,-3.3,0.0,-3.3,50000,6045,0.1209
2805,-3.3,0.0,-2.8875,50000,6009,0.12018
2806,-3.3,0.0,-2.475,50000,6005,0.1201
2807,-3.3,0.0,-2.0625,50000,6033,0.12066
2808,-3.3,0.0,-1.65,50000,6216,0.12432
2809,-3.3,0.0,-1.2374999999999998,50000,6158,0.12316
2810,-3.3,0.0,-0.8250000000000002,50000,6229,0.12458
2811,-3.3,0.0,-0.4124999999999996,50000,6216,0.12432
2812,-3.3,0.0,0.0,50000,6132,0.12264
2813,-3.3,0.0,0.4125000000000005,50000,6221,0.12442
2814,-3.3,0.0,0.8250000000000002,50000,6204,0.12408
2815,-3.3,0.0,1.2375000000000007,50000,6051,0.12102
2816,-3.3,0.0,1.6500000000000004,50000,6174,0.12348
2817,-3.3,0.0,2.0625,50000,6148,0.12296
2818,-3.3,0.0,2.4750000000000005,50000,6073,0.12146
2819,-3.3,0.0,2.8875,50000,6107,0.12214
2820,-3.3,0.0,3.3,50000,6036,0.12072
2821,-3.3,0.0,3.712500000000001,50000,5902,0.11804
2822,-3.3,0.0,4.125000000000001,50000,5877,0.11754
2823,-3.3,0.0,4.5375000000000005,50000,5864,0.11728
2824,-3.3,0.0,4.95,50000,5868,0.11736
2825,-3.3,0.4125000000000005,-4.95,50000,5945,0.1189
2826,-3.3,0.4125000000000005,-4.5375000000000005,50000,5901,0.11802
2827,-3.3,0.4125000000000005,-4.125,50000,5977,0.11954
2828,-3.3,0.4125000000000005,-3.7125,50000,5949,0.11898
2829,-3.3,0.4125000000000005,-3.3,50000,5890,0.1178
2830,-3.3,0.4125000000000005,-2.8875,50000,6094,0.12188
2831,-3.3,0.4125000000000005,-2.475,50000,6083,0.12166
2832,-3.3,0.4125000000000005,-2.0625,50000,6115,0.1223
2833,-3.3,0.4125000000000005,-1.65,50000,6072,0.12144
2834,-3.3,0.4125000000000005,-1.2374999999999998,50000,6277,0.12554
2835,-3.3,0.4125000000000005,-0.8250000000000002,50000,6281,0.12562
2836,-3.3,0.4125000000000005,-0.4124999999999996,50000,6136,0.12272
2837,-3.3,0.4125000000000005,0.0,50000,6361,0.12722
2838,-3.3,0.4125000000000005,0.4125000000000005,50000,6340,0.1268
2839,-3.3,0.4125000000000005,0.8250000000000002,50000,6205,0.1241
2840,-3.3,0.4125000000000005,1.2375000000000007,50000,6225,0.1245
2841,-3.3,0.4125000000000005,1.6500000000000004,50000,6134,0.12268
2842,-3.3,0.4125000000000005,2.0625,50000,6219,0.12438
2843,-3.3,0.4125000000000005,2.4750000000000005,50000,6018,0.12036
2844,-3.3,0.4125000000000005,2.8875,50000,6017,0.12034
2845,-3.3,0.4125000000000005,3.3,50000,5952,0.11904
2846,-3.3,0.4125000000000005,3.712500000000001,50000,6044,0.12088
2847,-3.3,0.4125000000000005,4.125000000000001,50000,5984,0.11968
2848,-3.3,0.4125000000000005,4.5375000000000005,50000,5824,0.11648
2849,-3.3,0.4125000000000005,4.95,50000,5912,0.11824
2850,-3.3,0.8250000000000002,-4.95,50000,5912,0.11824
2851,-3.3,0.8250000000000002,-4.5375000000000005,50000,5994,0.11988
2852,-3.3,0.8250000000000002,-4.125,50000,5908,0.11816
2853,-3.3,0.8250000000000002,-3.7125,50000,5915,0.1183
2854,-3.3,0.8250000000000002,-3.3,50000,6024,0.12048
2855,-3.3,0.8250000000000002,-2.8875,50000,6023,0.12046
2856,-3.3,0.8250000000000002,-2.475,50000,6252,0.12504
2857,-3.3,0.8250000000000002,-2.0625,50000,6208,0.12416
2858,-3.3,0.8250000000000002,-1.65,50000,6448,0.12896
2859,-3.3,0.8250000000000002,-1.2374999999999998,50000,6095,0.1219
2860,-3.3,0.8250000000000002,-0.8250000000000002,50000,6327,0.12654
2861,-3.3,0.8250000000000002,-0.4124999999999996,50000,6461,0.12922
2862,-3.3,0.8250000000000002,0.0,50000,6374,0.12748
2863,-3.3,0.8250000000000002,0.4125000000000005,50000,6414,0.12828
2864,-3.3,0.8250000000000002,0.8250000000000002,50000,6350,0.127
2865,-3.3,0.8250000000000002,1.2375000000000007,50000,6506,0.13012
2866,-3.3,0.8250000000000002,1.6500000000000004,50000,6348,0.12696
2867,-3.3,0.8250000000000002,2.0625,50000,6086,0.12172
2868,-3.3,0.8250000000000002,2.4750000000000005,50000,6115,0.1223
2869,-3.3,0.8250000000000002,2.8875,50000,6016,0.12032
2870,-3.3,0.8250000000000002,3.3,50000,6094,0.12188
2871,-3.3,0.8250000000000002,3.712500000000001,50000,5902,0.11804
2872,-3.3,0.8250000000000002,4.125000000000001,50000,5957,0.11914
2873,-3.3,0.8250000000000002,4.5375000000000005,50000,5941,0.11882
2874,-3.3,0.8250000000000002,4.95,50000,5893,0.11786
2875,-3.3,1.2375000000000007,-4.95,50000,5886,0.11772
2876,-3.3,1.2375000000000007,-4.5375000000000005,50000,5976,0.11952
2877,-3.3,1.2375000000000007,-4.125,50000,5916,0.11832
2878,-3.3,1.2375000000000007,-3.7125,50000,5905,0.1181
2879,-3.3,1.2375000000000007,-3.3,50000,6038,0.12076
2880,-3.3,1.2375000000000007,-2.8875,50000,6192,0.12384
2881,-3.3,1.2375000000000007,-2.475,50000,6219,0.12438
2882,-3.3,1.2375000000000007,-2.0625,50000,6176,0.12352
2883,-3.3,1.2375000000000007,-1.65,50000,6289,0.12578
2884,-3.3,1.2375000000000007,-1.2374999999999998,50000,6413,0.12826
2885,-3.3,1.2375000000000007,-0.8250000000000002,50000,6381,0.12762
2886,-3.3,1.2375000000000007,-0.4124999999999996,50000,6464,0.12928
2887,-3.3,1.2375000000000007,0.0,50000,6675,0.1335
2888,-3.3,1.2375000000000007,0.4125000000000005,50000,6545,0.1309
2889,-3.3,1.2375000000000007,0.8250000000000002,50000,6509,0.13018
2890,-3.3,1.2375000000000007,1.2375000000000007,50000,6383,0.12766
2891,-3.3,1.2375000000000007,1.6500000000000004,50000,6277,0.12554
2892,-3.3,1.2375000000000007,2.0625,50000,6218,0.12436
2893,-3.3,1.2375000000000007,2.4750000000000005,50000,6103,0.12206
2894,-3.3,1.2375000000000007,2.8875,50000,6073,0.12146
2895,-3.3,1.2375000000000007,3.3,50000,5954,0.11908
2896,-3.3,1.2375000000000007,3.712500000000001,50000,5982,0.11964
2897,-3.3,1.2375000000000007,4.125000000000001,50000,5964,0.11928
2898,-3.3,1.2375000000000007,4.5375000000000005,50000,5848,0.11696
2899,-3.3,1.2375000000000007,4.95,50000,5888,0.11776
2900,-3.3,1.6500000000000004,-4.95,50000,5800,0.116
2901,-3.3,1.6500000000000004,-4.5375000000000005,50000,5842,0.11684
2902,-3.3,1.6500000000000004,-4.125,50000,5753,0.11506
2903,-3.3,1.6500000000000004,-3.7125,50000,5929,0.11858
2904,-3.3,1.6500000000000004,-3.3,50000,6025,0.1205
2905,-3.3,1.6500000000000004,-2.8875,50000,6057,0.12114
2906,-3.3,1.6500000000000004,-2.475,50000,6259,0.12518
2907,-3.3,1.6500000000000004,-2.0625,50000,6277,0.12554
2908,-3.3,1.6500000000000004,-1.65,50000,6402,0.12804
2909,-3.3,1.6500000000000004,-1.2374999999999998,50000,6429,0.12858
2910,-3.3,1.6500000000000004,-0.8250000000000002,50000,6388,0.12776
2911,-3.3,1.6500000000000004,-0.4124999999999996,50000,6617,0.13234
2912,-3.3,1.6500000000000004,0.0,50000,6446,0.12892
2913,-3.3,1.6500000000000004,0.4125000000000005,50000,6645,0.1329
2914,-3.3,1.6500000000000004,0.8250000000000002,50000,6501,0.13002
2915,-3.3,1.6500000000000004,1.2375000000000007,50000,6482,0.12964
2916,-3.3,1.6500000000000004,1.6500000000000004,50000,6229,0.12458
2917,-3.3,1.6500000000000004,2.0625,50000,6452,0.12904
2918,-3.3,1.6500000000000004,2.4750000000000005,50000,6197,0.12394
2919,-3.3,1.6500000000000004,2.8875,50000,6177,0.12354
2920,-3.3,1.6500000000000004,3.3,50000,6010,0.1202
2921,-3.3,1.6500000000000004,3.712500000000001,50000,5895,0.1179
2922,-3.3,1.6500000000000004,4.125000000000001,50000,5804,0.11608
2923,-3.3,1.6500000000000004,4.5375000000000005,50000,5801,0.11602
2924,-3.3,1.6500000000000004,4.95,50000,5853,0.11706
2925,-3.3,2.0625,-4.95,50000,5611,0.11222
2926,-3.3,2.0625,-4.5375000000000005,50000,5730,0.1146
2927,-3.3,2.0625,-4.125,50000,5805,0.1161
2928,-3.3,2.0625,-3.7125,50000,5974,0.11948
2929,-3.3,2.0625,-3.3,50000,5957,0.11914
2930,-3.3,2.0625,-2.8875,50000,6067,0.12134
2931,-3.3,2.0625,-2.475,50000,6176,0.12352
2932,-3.3,2.0625,-2.0625,50000,6291,0.12582
2933,-3.3,2.0625,-1.65,50000,6475,0.1295
2934,-3.3,2.0625,-1.2374999999999998,50000,6621,0.13242
2935,-3.3,2.0625,-0.8250000000000002,50000,6624,0.13248
2936,-3.3,2.0625,-0.4124999999999996,50000,6672,0.13344
2937,-3.3,2.0625,0.0,50000,6676,0.13352
2938,-3.3,2.0625,0.4125000000000005,50000,6712,0.13424
2939,-3.3,2.0625,0.8250000000000002,50000,6636,0.13272
2940,-3.3,2.0625,1.2375000000000007,50000,6651,0.13302
2941,-3.3,2.0625,1.6500000000000004,50000,6351,0.12702
2942,-3.3,2.0625,2.0625,50000,6447,0.12894
2943,-3.3,2.0625,2.4750000000000005,50000,6118,0.12236
2944,-3.3,2.0625,2.8875,50000,6070,0.1214
2945,-3.3,2.0625,3.3,50000,6053,0.12106
2946,-3.3,2.0625,3.712500000000001,50000,5791,0.11582
2947,-3.3,2.0625,4.125000000000001,50000,5728,0.11456
2948,-3.3,2.0625,4.5375000000000005,50000,5641,0.11282
2949,-3.3,2.0625,4.95,50000,5699,0.11398
2950,-3.3,2.4750000000000005,-4.95,50000,5530,0.1106
2951,-3.3,2.4750000000000005,-4.5375000000000005,50000,5656,0.11312
2952,-3.3,2.4750000000000005,-4.125,50000,5631,0.11262
2953,-3.3,2.4750000000000005,-3.7125,50000,5650,0.113
2954,-3.3,2.4750000000000005,-3.3,50000,5773,0.11546
2955,-3.3,2.4750000000000005,-2.8875,50000,6034,0.12068
2956,-3.3,2.4750000000000005,-2.475,50000,6384,0.12768
2957,-3.3,2.4750000000000005,-2.0625,50000,6371,0.12742
2958,-3.3,2.4750000000000005,-1.65,50000,6556,0.13112
2959,-3.3,2.4750000000000005,-1.2374999999999998,50000,6624,0.13248
2960,-3.3,2.4750000000000005,-0.8250000000000002,50000,6617,0.13234
2961,-3.3,2.4750000000000005,-0.4124999999999996,50000,6968,0.13936
2962,-3.3,2.4750000000000005,0.0,50000,6799,0.13598
2963,-3.3,2.4750000000000005,0.4125000000000005,50000,6854,0.13708
2964,-3.3,2.4750000000000005,0.8250000000000002,50000,6596,0.13192
2965,-3.3,2.4750000000000005,1.2375000000000007,50000,6666,0.13332
2966,-3.3,2.4750000000000005,1.6500000000000004,50000,6482,0.12964
2967,-3.3,2.4750000000000005,2.0625,50000,6418,0.12836
2968,-3.3,2.4750000000000005,2.4750000000000005,50000,6275,0.1255
2969,-3.3,2.4750000000000005,2.8875,50000,5999,0.11998
2970,-3.3,2.4750000000000005,3.3,50000,5774,0.11548
2971,-3.3,2.4750000000000005,3.712500000000001,50000,5679,0.11358
2972,-3.3,2.4750000000000005,4.125000000000001,50000,5555,0.1111
2973,-3.3,2.4750000000000005,4.5375000000000005,50000,5663,0.11326
2974,-3.3,2.4750000000000005,4.95,50000,5604,0.11208
2975,-3.3,2.8875,-4.95,50000,5442,0.10884
2976,-3.3,2.8875,-4.5375000000000005,50000,5354,0.10708
2977,-3.3,2.8875,-4.125,50000,5438,0.10876
2978,-3.3,2.8875,-3.7125,50000,5568,0.11136
2979,-3.3,2.8875,-3.3,50000,5564,0.11128
2980,-3.3,2.8875,-2.8875,50000,5921,0.11842
2981,-3.3,2.8875,-2.475,50000,6083,0.12166
2982,-3.3,2.8875,-2.0625,50000,6371,0.12742
2983,-3.3,2.8875,-1.65,50000,6496,0.12992
2984,-3.3,2.8875,-1.2374999999999998,50000,6621,0.13242
2985,-3.3,2.8875,-0.8250000000000002,50000,6729,0.13458
2986,-3.3,2.8875,-0.4124999999999996,50000,6827,0.13654
2987,-3.3,2.8875,0.0,50000,6876,0.13752
2988,-3.3,2.8875,0.4125000000000005,50000,6743,0.13486
2989,-3.3,2.8875,0.8250000000000002,50000,6875,0.1375
2990,-3.3,2.8875,1.2375000000000007,50000,6735,0.1347
2991,-3.3,2.8875,1.6500000000000004,50000,6601,0.13202
2992,-3.3,2.8875,2.0625,50000,6465,0.1293
2993,-3.3,2.8875,2.4750000000000005,50000,6185,0.1237
2994,-3.3,2.8875,2.8875,50000,5881,0.11762
2995,-3.3,2.8875,3.3,50000,5689,0.11378
2996,-3.3,2.8875,3.712500000000001,50000,5495,0.1099
2997,-3.3,2.8875,4.125000000000001,50000,5517,0.11034
2998,-3.3,2.8875,4.5375000000000005,50000,5370,0.1074
2999,-3.3,2.8875,4.95,50000,5276,0.10552
3000,-3.3,3.3,-4.95,50000,5014,0.10028
3001,-3.3,3.3,-4.5375000000000005,50000,4924,0.09848
3002,-3.3,3.3,-4.125,50000,5047,0.10094
3003,-3.3,3.3,-3.7125,50000,5294,0.10588
3004,-3.3,3.3,-3.3,50000,5593,0.11186
3005,-3.3,3.3,-2.8875,50000,5902,0.11804
3006,-3.3,3.3,-2.475,50000,6199,0.12398
3007,-3.3,3.3,-2.0625,50000,6327,0.12654
3008,-3.3,3.3,-1.65,50000,6605,0.1321
3009,-3.3,3.3,-1.2374999999999998,50000,6705,0.1341
3010,-3.3,3.3,-0.8250000000000002,50000,6897,0.13794
3011,-3.3,3.3,-0.4124999999999996,50000,6817,0.13634
3012,-3.3,3.3,0.0,50000,6864,0.13728
3013,-3.3,3.3,0.4125000000000005,50000,6840,0.1368
3014,-3.3,3.3,0.8250000000000002,50000,6919,0.13838
3015,-3.3,3.3,1.2375000000000007,50000,6624,0.13248
3016,-3.3,3.3,1.6500000000000004,50000,6561,0.13122
3017,-3.3,3.3,2.0625,50000,6427,0.12854
3018,-3.3,3.3,2.4750000000000005,50000,6155,0.1231
3019,-3.3,3.3,2.8875,50000,5808,0.11616
3020,-3.3,3.3,3.3,50000,5427,0.10854
3021,-3.3,3.3,3.712500000000001,50000,5157,0.10314
3022,-3.3,3.3,4.125000000000001,50000,5116,0.10232
3023,-3.3,3.3,4.5375000000000005,50000,5100,0.102
3024,-3.3,3.3,4.95,50000,5027,0.10054
3025,-3.3,3.712500000000001,-4.95,50000,4642,0.09284
3026,-3.3,3.712500000000001,-4.5375000000000005,50000,4561,0.09122
3027,-3.3,3.712500000000001,-4.125,50000,4732,0.09464
3028,-3.3,3.712500000000001,-3.7125,50000,4881,0.09762
3029,-3.3,3.712500000000001,-3.3,50000,5231,0.10462
3030,-3.3,3.712500000000001,-2.8875,50000,5612,0.11224
3031,-3.3,3.712500000000001,-2.475,50000,6103,0.12206
3032,-3.3,3.712500000000001,-2.0625,50000,6262,0.12524
3033,-3.3,3.712500000000001,-1.65,50000,6519,0.13038
3034,-3.3,3.712500000000001,-1.2374999999999998,50000,6697,0.13394
3035,-3.3,3.712500000000001,-0.8250000000000002,50000,6867,0.13734
3036,-3.3,3.712500000000001,-0.4124999999999996,50000,6961,0.13922
3037,-3.3,3.712500000000001,0.0,50000,6868,0.13736
3038,-3.3,3.712500000000001,0.4125000000000005,50000,6846,0.13692
3039,-3.3,3.712500000000001,0.8250000000000002,50000,6758,0.13516
3040,-3.3,3.712500000000001,1.2375000000000007,50000,6709,0.13418
3041,-3.3,3.712500000000001,1.6500000000000004,50000,6506,0.13012
3042,-3.3,3.712500000000001,2.0625,50000,6496,0.12992
3043,-3.3,3.712500000000001,2.4750000000000005,50000,5996,0.11992
3044,-3.3,3.712500000000001,2.8875,50000,5638,0.11276
3045,-3.3,3.712500000000001,3.3,50000,5260,0.1052
3046,-3.3,3.712500000000001,3.712500000000001,50000,4720,0.0944
3047,-3.3,3.712500000000001,4.125000000000001,50000,4750,0.095
3048,-3.3,3.712500000000001,4.5375000000000005,50000,4696,0.09392
3049,-3.3,3.712500000000001,4.95,50000,4732,0.09464
3050,-3.3,4.125000000000001,-4.95,50000,4068,0.08136
3051,-3.3,4.125000000000001,-4.5375000000000005,50000,3965,0.0793
3052,-3.3,4.125000000000001,-4.125,50000,4126,0.08252
3053,-3.3,4.125000000000001,-3.7125,50000,4431,0.08862
3054,-3.3,4.125000000000001,-3.3,50000,4817,0.09634
3055,-3.3,4.125000000000001,-2.8875,50000,5419,0.10838
3056,-3.3,4.125000000000001,-2.475,50000,5949,0.11898
3057,-3.3,4.125000000000001,-2.0625,50000,6115,0.1223
3058,-3.3,4.125000000000001,-1.65,50000,6518,0.13036
3059,-3.3,4.125000000000001,-1.2374999999999998,50000,6526,0.13052
3060,-3.3,4.125000000000001,-0.8250000000000002,50000,6708,0.13416
3061,-3.3,4.125000000000001,-0.4124999999999996,50000,6821,0.13642
3062,-3.3,4.125000000000001,0.0,50000,6704,0.13408
3063,-3.3,4.125000000000001,0.4125000000000005,50000,6786,0.13572
3064,-3.3,4.125000000000001,0.8250000000000002,50000,6694,0.13388
3065,-3.3,4.125000000000001,1.2375000000000007,50000,6668,0.13336
3066,-3.3,4.125000000000001,1.6500000000000004,50000,6591,0.13182
3067,-3.3,4.125000000000001,2.0625,50000,6169,0.12338
3068,-3.3,4.125000000000001,2.4750000000000005,50000,5905,0.1181
3069,-3.3,4.125000000000001,2.8875,50000,5431,0.10862
3070,-3.3,4.125000000000001,3.3,50000,4849,0.09698
3071,-3.3,4.125000000000001,3.712500000000001,50000,4522,0.09044
3072,-3.3,4.125000000000001,4.125000000000001,50000,4168,0.08336
3073,-3.3,4.125000000000001,4.5375000000000005,50000,4043,0.08086
3074,-3.3,4.125000000000001,4.95,50000,4103,0.08206
3075,-3.3,4.5375000000000005,-4.95,50000,3374,0.06748
3076,-3.3,4.5375000000000005,-4.5375000000000005,50000,3389,0.06778
3077,-3.3,4.5375000000000005,-4.125,50000,3422,0.06844
3078,-3.3,4.5375000000000005,-3.7125,50000,3670,0.0734
3079,-3.3,4.5375000000000005,-3.3,50000,4058,0.08116
3080,-3.3,4.5375000000000005,-2.8875,50000,4873,0.09746
3081,-3.3,4.5375000000000005,-2.475,50000,5450,0.109
3082,-3.3,4.5375000000000005,-2.0625,50000,5697,0.11394
3083,-3.3,4.5375000000000005,-1.65,50000,5840,0.1168
3084,-3.3,4.5375000000000005,-1.2374999999999998,50000,5928,0.11856
3085,-3.3,4.5375000000000005,-0.8250000000000002,50000,6104,0.12208
3086,-3.3,4.5375000000000005,-0.4124999999999996,50000,5975,0.1195
3087,-3.3,4.5375000000000005,0.0,50000,5989,0.11978
3088,-3.3,4.5375000000000005,0.4125000000000005,50000,6195,0.1239
3089,-3.3,4.5375000000000005,0.8250000000000002,50000,6143,0.12286
3090,-3.3,4.5375000000000005,1.2375000000000007,50000,5938,0.11876
3091,-3.3,4.5375000000000005,1.6500000000000004,50000,5834,0.11668
3092,-3.3,4.5375000000000005,2.0625,50000,5639,0.11278
3093,-3.3,4.5375000000000005,2.4750000000000005,50000,5391,0.10782
3094,-3.3,4.5375000000000005,2.8875,50000,4748,0.09496
3095,-3.3,4.5375000000000005,3.3,50000,4155,0.0831
3096,-3.3,4.5375000000000005,3.712500000000001,50000,3573,0.07146
3097,-3.3,4.5375000000000005,4.125000000000001,50000,3345,0.0669
3098,-3.3,4.5375000000000005,4.5375000000000005,50000,3340,0.0668
3099,-3.3,4.5375000000000005,4.95,50000,3346,0.06692
3100,-3.3,4.95,-4.95,50000,2421,0.04842
3101,-3.3,4.95,-4.5375000000000005,50000,2484,0.04968
3102,-3.3,4.95,-4.125,50000,2561,0.05122
3103,-3.3,4.95,-3.7125,50000,2623,0.05246
3104,-3.3,4.95,-3.3,50000,2767,0.05534
3105,-3.3,4.95,-2.8875,50000,2945,0.0589
3106,-3.3,4.95,-2.475,50000,3143,0.06286
3107,-3.3,4.95,-2.0625,50000,3223,0.06446
3108,-3.3,4.95,-1.65,50000,3309,0.06618
3109,-3.3,4.95,-1.2374999999999998,50000,3300,0.066
3110,-3.3,4.95,-0.8250000000000002,50000,3396,0.06792
3111,-3.3,4.95,-0.4124999999999996,50000,3383,0.06766
3112,-3.3,4.95,0.0,50000,3262,0.06524
3113,-3.3,4.95,0.4125000000000005,50000,3259,0.06518
3114,-3.3,4.95,0.8250000000000002,50000,3324,0.06648
3115,-3.3,4.95,1.2375000000000007,50000,3295,0.0659
3116,-3.3,4.95,1.6500000000000004,50000,3349,0.06698
3117,-3.3,4.95,2.0625,50000,3145,0.0629
3118,-3.3,4.95,2.4750000000000005,50000,3210,0.0642
3119,-3.3,4.95,2.8875,50000,2967,0.05934
3120,-3.3,4.95,3.3,50000,2757,0.05514
3121,-3.3,4.95,3.712500000000001,50000,2719,0.05438
3122,-3.3,4.95,4.125000000000001,50000,2560,0.0512
3123,-3.3,4.95,4.5375000000000005,50000,2445,0.0489
3124,-3.3,4.95,4.95,50000,2362,0.04724
3125,-2.8875,-4.95,-4.95,50000,5621,0.11242
3126,-2.8875,-4.95,-4.5375000000000005,50000,5649,0.11298
3127,-2.8875,-4.95,-4.125,50000,5707,0.11414
3128,-2.8875,-4.95,-3.7125,50000,5742,0.11484
3129,-2.8875,-4.95,-3.3,50000,5684,0.11368
3130,-2.8875,-4.95,-2.8875,50000,5751,0.11502
3131,-2.8875,-4.95,-2.475,50000,5717,0.11434
3132,-2.8875,-4.95,-2.0625,50000,5868,0.11736
3133,-2.8875,-4.95,-1.65,50000,5746,0.11492
3134,-2.8875,-4.95,-1.2374999999999998,50000,5823,0.11646
3135,-2.8875,-4.95,-0.8250000000000002,50000,6000,0.12
3136,-2.8875,-4.95,-0.4124999999999996,50000,5892,0.11784
3137,-2.8875,-4.95,0.0,50000,5908,0.11816
3138,-2.8875,-4.95,0.4125000000000005,50000,5836,0.11672
3139,-2.8875,-4.95,0.8250000000000002,50000,5711,0.11422
3140,-2.8875,-4.95,1.2375000000000007,50000,5995,0.1199
3141,-2.8875,-4.95,1.6500000000000004,50000,5669,0.11338
3142,-2.8875,-4.95,2.0625,50000,5718,0.11436
3143,-2.8875,-4.95,2.4750000000000005,50000,5875,0.1175
3144,-2.8875,-4.95,2.8875,50000,5661,0.11322
3145,-2.8875,-4.95,3.3,50000,5680,0.1136
3146,-2.8875,-4.95,3.712500000000001,50000,5761,0.11522
3147,-2.8875,-4.95,4.125000000000001,50000,5563,0.11126
3148,-2.8875,-4.95,4.5375000000000005,50000,5465,0.1093
3149,-2.8875,-4.95,4.95,50000,5510,0.1102
3150,-2.8875,-4.5375000000000005,-4.95,50000,5564,0.11128
3151,-2.8875,-4.5375000000000005,-4.5375000000000005,50000,5467,0.10934
3152,-2.8875,-4.5375000000000005,-4.125,50000,5539,0.11078
3153,-2.8875,-4.5375000000000005,-3.7125,50000,5753,0.11506
3154,-2.8875,-4.5375000000000005,-3.3,50000,5717,0.11434
3155,-2.8875,-4.5375000000000005,-2.8875,50000,5742,0.11484
3156,-2.8875,-4.5375000000000005,-2.475,50000,5777,0.11554
3157,-2.8875,-4.5375000000000005,-2.0625,50000,5856,0.11712
3158,-2.8875,-4.5375000000000005,-1.65,50000,5673,0.11346
3159,-2.8875,-4.5375000000000005,-1.2374999999999998,50000,5868,0.11736
3160,-2.8875,-4.5375000000000005,-0.8250000000000002,50000,5703,0.11406
3161,-2.8875,-4.5375000000000005,-0.4124999999999996,50000,5737,0.11474
3162,-2.8875,-4.5375000000000005,0.0,50000,5713,0.11426
3163,-2.8875,-4.5375000000000005,0.4125000000000005,50000,5791,0.11582
3164,-2.8875,-4.5375000000000005,0.8250000000000002,50000,5831,0.11662
3165,-2.8875,-4.5375000000000005,1.2375000000000007,50000,5608,0.11216
3166,-2.8875,-4.5375000000000005,1.6500000000000004,50000,5712,0.11424
3167,-2.8875,-4.5375000000000005,2.0625,50000,5777,0.11554
3168,-2.8875,-4.5375000000000005,2.4750000000000005,50000,5739,0.11478
3169,-2.8875,-4.5375000000000005,2.8875,50000,5668,0.11336
3170,-2.8875,-4.5375000000000005,3.3,50000,5698,0.11396
3171,-2.8875,-4.5375000000000005,3.712500000000001,50000,5713,0.11426
3172,-2.8875,-4.5375000000000005,4.125000000000001,50000,5547,0.11094
3173,-2.8875,-4.5375000000000005,4.5375000000000005,50000,5580,0.1116
3174,-2.8875,-4.5375000000000005,4.95,50000,5477,0.10954
3175,-2.8875,-4.125,-4.95,50000,5666,0.11332
3176,-2.8875,-4.125,-4.5375000000000005,50000,5481,0.10962
3177,-2.8875,-4.125,-4.125,50000,5686,0.11372
3178,-2.8875,-4.125,-3.7125,50000,5745,0.1149
3179,-2.8875,-4.125,-3.3,50000,5619,0.11238
3180,-2.8875,-4.125,-2.8875,50000,5754,0.11508
3181,-2.8875,-4.125,-2.475,50000,5685,0.1137
3182,-2.8875,-4.125,-2.0625,50000,5695,0.1139
3183,-2.8875,-4.125,-1.65,50000,5825,0.1165
3184,-2.8875,-4.125,-1.2374999999999998,50000,5589,0.11178
3185,-2.8875,-4.125,-0.8250000000000002,50000,5826,0.11652
3186,-2.8875,-4.125,-0.4124999999999996,50000,5741,0.11482
3187,-2.8875,-4.125,0.0,50000,5736,0.11472
3188,-2.8875,-4.125,0.4125000000000005,50000,5820,0.1164
3189,-2.8875,-4.125,0.8250000000000002,50000,5746,0.11492
3190,-2.8875,-4.125,1.2375000000000007,50000,5756,0.11512
3191,-2.8875,-4.125,1.6500000000000004,50000,5663,0.11326
3192,-2.8875,-4.125,2.0625,50000,5728,0.11456
3193,-2.8875,-4.125,2.4750000000000005,50000,5754,0.11508
3194,-2.8875,-4.125,2.8875,50000,5701,0.11402
3195,-2.8875,-4.125,3.3,50000,5582,0.11164
3196,-2.8875,-4.125,3.712500000000001,50000,5667,0.11334
3197,-2.8875,-4.125,4.125000000000001,50000,5598,0.11196
3198,-2.8875,-4.125,4.5375000000000005,50000,5566,0.11132
3199,-2.8875,-4.125,4.95,50000,5521,0.11042
3200,-2.8875,-3.7125,-4.95,50000,5550,0.111
3201,-2.8875,-3.7125,-4.5375000000000005,50000,5667,0.11334
3202,-2.8875,-3.7125,-4.125,50000,5613,0.11226
3203,-2.8875,-3.7125,-3.7125,50000,5710,0.1142
3204,-2.8875,-3.7125,-3.3,50000,5738,0.11476
3205,-2.8875,-3.7125,-2.8875,50000,5698,0.11396
3206,-2.8875,-3.7125,-2.475,50000,5830,0.1166
3207,-2.8875,-3.7125,-2.0625,50000,5685,0.1137
3208,-2.8875,-3.7125,-1.65,50000,5606,0.11212
3209,-2.8875,-3.7125,-1.2374999999999998,50000,5746,0.11492
3210,-2.8875,-3.7125,-0.8250000000000002,50000,5713,0.11426
3211,-2.8875,-3.7125,-0.4124999999999996,50000,5801,0.11602
3212,-2.8875,-3.7125,0.0,50000,5786,0.11572
3213,-2.8875,-3.7125,0.4125000000000005,50000,5851,0.11702
3214,-2.8875,-3.7125,0.8250000000000002,50000,5838,0.11676
3215,-2.8875,-3.7125,1.2375000000000007,50000,5761,0.11522
3216,-2.8875,-3.7125,1.6500000000000004,50000,5833,0.11666
3217,-2.8875,-3.7125,2.0625,50000,5752,0.11504
3218,-2.8875,-3.7125,2.4750000000000005,50000,5780,0.1156
3219,-2.8875,-3.7125,2.8875,50000,5720,0.1144
3220,-2.8875,-3.7125,3.3,50000,5753,0.11506
3221,-2.8875,-3.7125,3.712500000000001,50000,5726,0.11452
3222,-2.8875,-3.7125,4.125000000000001,50000,5729,0.11458
3223,-2.8875,-3.7125,4.5375000000000005,50000,5697,0.11394
3224,-2.8875,-3.7125,4.95,50000,5533,0.11066
3225,-2.8875,-3.3,-4.95,50000,5725,0.1145
3226,-2.8875,-3.3,-4.5375000000000005,50000,5611,0.11222
3227,-2.8875,-3.3,-4.125,50000,5655,0.1131
3228,-2.8875,-3.3,-3.7125,50000,5734,0.11468
3229,-2.8875,-3.3,-3.3,50000,5627,0.11254
3230,-2.8875,-3.3,-2.8875,50000,5801,0.11602
3231,-2.8875,-3.3,-2.475,50000,5856,0.11712
3232,-2.8875,-3.3,-2.0625,50000,5814,0.11628
3233,-2.8875,-3.3,-1.65,50000,5696,0.11392
3234,-2.8875,-3.3,-1.2374999999999998,50000,5916,0.11832
3235,-2.8875,-3.3,-0.8250000000000002,50000,5891,0.11782
3236,-2.8875,-3.3,-0.4124999999999996,50000,5854,0.11708
3237,-2.8875,-3.3,0.0,50000,5800,0.116
3238,-2.8875,-3.3,0.4125000000000005,50000,5886,0.11772
3239,-2.8875,-3.3,0.8250000000000002,50000,5731,0.11462
3240,-2.8875,-3.3,1.2375000000000007,50000,5754,0.11508
3241,-2.8875,-3.3,1.6500000000000004,50000,5819,0.11638
3242,-2.8875,-3.3,2.0625,50000,5622,0.11244
3243,-2.8875,-3.3,2.4750000000000005,50000,5770,0.1154
3244,-2.8875,-3.3,2.8875,50000,5720,0.1144
3245,-2.8875,-3.3,3.3,50000,5702,0.11404
3246,-2.8875,-3.3,3.712500000000001,50000,5684,0.11368
3247,-2.8875,-3.3,4.125000000000001,50000,5650,0.113
3248,-2.8875,-3.3,4.5375000000000005,50000,5681,0.11362
3249,-2.8875,-3.3,4.95,50000,5607,0.11214
3250,-2.8875,-2.8875,-4.95,50000,5655,0.1131
3251,-2.8875,-2.8875,-4.5375000000000005,50000,5781,0.11562
3252,-2.8875,-2.8875,-4.125,50000,5769,0.11538
3253,-2.8875,-2.8875,-3.7125,50000,5646,0.11292
3254,-2.8875,-2.8875,-3.3,50000,5572,0.11144
3255,-2.8875,-2.8875,-2.8875,50000,5732,0.11464
3256,-2.8875,-2.8875,-2.475,50000,5831,0.11662
3257,-2.8875,-2.8875,-2.0625,50000,5851,0.11702
3258,-2.8875,-2.8875,-1.65,50000,5857,0.11714
3259,-2.8875,-2.8875,-1.2374999999999998,50000,5927,0.11854
3260,-2.8875,-2.8875,-0.8250000000000002,50000,5743,0.11486
3261,-2.8875,-2.8875,-0.4124999999999996,50000,5879,0.11758
3262,-2.8875,-2.8875,0.0,50000,5786,0.11572
3263,-2.8875,-2.8875,0.4125000000000005,50000,5801,0.11602
3264,-2.8875,-2.8875,0.8250000000000002,50000,6004,0.12008
3265,-2.8875,-2.8875,1.2375000000000007,50000,5867,0.11734
3266,-2.8875,-2.8875,1.6500000000000004,50000,5884,0.11768
3267,-2.8875,-2.8875,2.0625,50000,5882,0.11764
3268,-2.8875,-2.8875,2.4750000000000005,50000,5779,0.11558
3269,-2.8875,-2.8875,2.8875,50000,5834,0.11668
3270,-2.8875,-2.8875,3.3,50000,5835,0.1167
3271,-2.8875,-2.8875,3.712500000000001,50000,5788,0.11576
3272,-2.8875,-2.8875,4.125000000000001,50000,5630,0.1126
3273,-2.8875,-2.8875,4.5375000000000005,50000,5718,0.11436
3274,-2.8875,-2.8875,4.95,50000,5643,0.11286
3275,-2.8875,-2.475,-4.95,50000,5535,0.1107
3276,-2.8875,-2.475,-4.5375000000000005,50000,5613,0.11226
3277,-2.8875,-2.475,-4.125,50000,5748,0.11496
3278,-2.8875,-2.475,-3.7125,50000,5757,0.11514
3279,-2.8875,-2.475,-3.3,50000,5763,0.11526
3280,-2.8875,-2.475,-2.8875,50000,5787,0.11574
3281,-2.8875,-2.475,-2.475,50000,5854,0.11708
3282,-2.8875,-2.475,-2.0625,50000,5917,0.11834
3283,-2.8875,-2.475,-1.65,50000,5813,0.11626
3284,-2.8875,-2.475,-1.2374999999999998,50000,5915,0.1183
3285,-2.8875,-2.475,-0.8250000000000002,50000,5833,0.11666
3286,-2.8875,-2.475,-0.4124999999999996,50000,5730,0.1146
3287,-2.8875,-2.475,0.0,50000,5836,0.11672
3288,-2.8875,-2.475,0.4125000000000005,50000,5870,0.1174
3289,-2.8875,-2.475,0.8250000000000002,50000,5830,0.1166
3290,-2.8875,-2.475,1.2375000000000007,50000,5823,0.11646
3291,-2.8875,-2.475,1.6500000000000004,50000,5813,0.11626
3292,-2.8875,-2.475,2.0625,50000,5721,0.11442
3293,-2.8875,-2.475,2.4750000000000005,50000,5801,0.11602
3294,-2.8875,-2.475,2.8875,50000,5799,0.11598
3295,-2.8875,-2.475,3.3,50000,5887,0.11774
3296,-2.8875,-2.475,3.712500000000001,50000,5702,0.11404
3297,-2.8875,-2.475,4.125000000000001,50000,5759,0.11518
3298,-2.8875,-2.475,4.5375000000000005,50000,5676,0.11352
3299,-2.8875,-2.475,4.95,50000,5712,0.11424
3300,-2.8875,-2.0625,-4.95,50000,5761,0.11522
3301,-2.8875,-2.0625,-4.5375000000000005,50000,5715,0.1143
3302,-2.8875,-2.0625,-4.125,50000,5802,0.11604
3303,-2.8875,-2.0625,-3.7125,50000,5715,0.1143
3304,-2.8875,-2.0625,-3.3,50000,5866,0.11732
3305,-2.8875,-2.0625,-2.8875,50000,5901,0.11802
3306,-2.8875,-2.0625,-2.475,50000,5769,0.11538
3307,-2.8875,-2.0625,-2.0625,50000,5891,0.11782
3308,-2.8875,-2.0625,-1.65,50000,5933,0.11866
3309,-2.8875,-2.0625,-1.2374999999999998,50000,5935,0.1187
3310,-2.8875,-2.0625,-0.8250000000000002,50000,5933,0.11866
3311,-2.8875,-2.0625,-0.4124999999999996,50000,5876,0.11752
3312,-2.8875,-2.0625,0.0,50000,5757,0.11514
3313,-2.8875,-2.0625,0.4125000000000005,50000,5873,0.11746
3314,-2.8875,-2.0625,0.8250000000000002,50000,5821,0.11642
3315,-2.8875,-2.0625,1.2375000000000007,50000,5879,0.11758
3316,-2.8875,-2.0625,1.6500000000000004,50000,5927,0.11854
3317,-2.8875,-2.0625,2.0625,50000,5902,0.11804
3318,-2.8875,-2.0625,2.4750000000000005,50000,5779,0.11558
3319,-2.8875,-2.0625,2.8875,50000,5843,0.11686
3320,-2.8875,-2.0625,3.3,50000,5879,0.11758
3321,-2.8875,-2.0625,3.712500000000001,50000,5846,0.11692
3322,-2.8875,-2.0625,4.125000000000001,50000,5808,0.11616
3323,-2.8875,-2.0625,4.5375000000000005,50000,5724,0.11448
3324,-2.8875,-2.0625,4.95,50000,5807,0.11614
3325,-2.8875,-1.65,-4.95,50000,5758,0.11516
3326,-2.8875,-1.65,-4.5375000000000005,50000,5854,0.11708
3327,-2.8875,-1.65,-4.125,50000,5687,0.11374
3328,-2.8875,-1.65,-3.7125,50000,5883,0.11766
3329,-2.8875,-1.65,-3.3,50000,5797,0.11594
3330,-2.8875,-1.65,-2.8875,50000,5928,0.11856
3331,-2.8875,-1.65,-2.475,50000,5860,0.1172
3332,-2.8875,-1.65,-2.0625,50000,5809,0.11618
3333,-2.8875,-1.65,-1.65,50000,5884,0.11768
3334,-2.8875,-1.65,-1.2374999999999998,50000,6010,0.1202
3335,-2.8875,-1.65,-0.8250000000000002,50000,5984,0.11968
3336,-2.8875,-1.65,-0.4124999999999996,50000,6062,0.12124
3337,-2.8875,-1.65,0.0,50000,5898,0.11796
3338,-2.8875,-1.65,0.4125000000000005,50000,5963,0.11926
3339,-2.8875,-1.65,0.8250000000000002,50000,5985,0.1197
3340,-2.8875,-1.65,1.2375000000000007,50000,6016,0.12032
3341,-2.8875,-1.65,1.6500000000000004,50000,6021,0.12042
3342,-2.8875,-1.65,2.0625,50000,5928,0.11856
3343,-2.8875,-1.65,2.4750000000000005,50000,5846,0.11692
3344,-2.8875,-1.65,2.8875,50000,5865,0.1173
3345,-2.8875,-1.65,3.3,50000,5790,0.1158
3346,-2.8875,-1.65,3.712500000000001,50000,5877,0.11754
3347,-2.8875,-1.65,4.125000000000001,50000,5752,0.11504
3348,-2.8875,-1.65,4.5375000000000005,50000,5772,0.11544
3349,-2.8875,-1.65,4.95,50000,5894,0.11788
3350,-2.8875,-1.2374999999999998,-4.95,50000,5873,0.11746
3351,-2.8875,-1.2374999999999998,-4.5375000000000005,50000,5873,0.11746
3352,-2.8875,-1.2374999999999998,-4.125,50000,5719,0.11438
3353,-2.8875,-1.2374999999999998,-3.7125,50000,5824,0.11648
3354,-2.8875,-1.2374999999999998,-3.3,50000,5828,0.11656
3355,-2.8875,-1.2374999999999998,-2.8875,50000,5886,0.11772
3356,-2.8875,-1.2374999999999998,-2.475,50000,6001,0.12002
3357,-2.8875,-1.2374999999999998,-2.0625,50000,5920,0.1184
3358,-2.8875,-1.2374999999999998,-1.65,50000,5950,0.119
3359,-2.8875,-1.2374999999999998,-1.2374999999999998,50000,5819,0.11638
3360,-2.8875,-1.2374999999999998,-0.8250000000000002,50000,5989,0.11978
3361,-2.8875,-1.2374999999999998,-0.4124999999999996,50000,6054,0.12108
3362,-2.8875,-1.2374999999999998,0.0,50000,5881,0.11762
3363,-2.8875,-1.2374999999999998,0.4125000000000005,50000,6008,0.12016
3364,-2.8875,-1.2374999999999998,0.8250000000000002,50000,6128,0.12256
3365,-2.8875,-1.2374999999999998,1.2375000000000007,50000,6046,0.12092
3366,-2.8875,-1.2374999999999998,1.6500000000000004,50000,5875,0.1175
3367,-2.8875,-1.2374999999999998,2.0625,50000,6052,0.12104
3368,-2.8875,-1.2374999999999998,2.4750000000000005,50000,5960,0.1192
3369,-2.8875,-1.2374999999999998,2.8875,50000,5892,0.11784
3370,-2.8875,-1.2374999999999998,3.3,50000,5897,0.11794
3371,-2.8875,-1.2374999999999998,3.712500000000001,50000,5875,0.1175
3372,-2.8875,-1.2374999999999998,4.125000000000001,50000,5811,0.11622
3373,-2.8875,-1.2374999999999998,4.5375000000000005,50000,5756,0.11512
3374,-2.8875,-1.2374999999999998,4.95,50000,5891,0.11782
3375,-2.8875,-0.8250000000000002,-4.95,50000,5832,0.11664
3376,-2.8875,-0.8250000000000002,-4.5375000000000005,50000,5956,0.11912
3377,-2.8875,-0.8250000000000002,-4.125,50000,5852,0.11704
3378,-2.8875,-0.8250000000000002,-3.7125,50000,5881,0.11762
3379,-2.8875,-0.8250000000000002,-3.3,50000,5856,0.11712
3380,-2.8875,-0.8250000000000002,-2.8875,50000,6100,0.122
3381,-2.8875,-0.8250000000000002,-2.475,50000,5875,0.1175
3382,-2.8875,-0.8250000000000002,-2.0625,50000,6032,0.12064
3383,-2.8875,-0.8250000000000002,-1.65,50000,6104,0.12208
3384,-2.8875,-0.8250000000000002,-1.2374999999999998,50000,6093,0.12186
3385,-2.8875,-0.8250000000000002,-0.8250000000000002,50000,6206,0.12412
3386,-2.8875,-0.8250000000000002,-0.4124999999999996,50000,6141,0.12282
3387,-2.8875,-0.8250000000000002,0.0,50000,6164,0.12328
3388,-2.8875,-0.8250000000000002,0.4125000000000005,50000,6152,0.12304
3389,-2.8875,-0.8250000000000002,0.8250000000000002,50000,6085,0.1217
3390,-2.8875,-0.8250000000000002,1.2375000000000007,50000,6003,0.12006
3391,-2.8875,-0.8250000000000002,1.6500000000000004,50000,6039,0.12078
3392,-2.8875,-0.8250000000000002,2.0625,50000,6100,0.122
3393,-2.8875,-0.8250000000000002,2.4750000000000005,50000,6054,0.12108
3394,-2.8875,-0.8250000000000002,2.8875,50000,5994,0.11988
3395,-2.8875,-0.8250000000000002,3.3,50000,5920,0.1184
3396,-2.8875,-0.8250000000000002,3.712500000000001,50000,5806,0.11612
3397,-2.8875,-0.8250000000000002,4.125000000000001,50000,5892,0.11784
3398,-2.8875,-0.8250000000000002,4.5375000000000005,50000,5715,0.1143
3399,-2.8875,-0.8250000000000002,4.95,50000,5687,0.11374
3400,-2.8875,-0.4124999999999996,-4.95,50000,5854,0.11708
3401,-2.8875,-0.4124999999999996,-4.5375000000000005,50000,5966,0.11932
3402,-2.8875,-0.4124999999999996,-4.125,50000,5860,0.1172
3403,-2.8875,-0.4124999999999996,-3.7125,50000,5946,0.11892
3404,-2.8875,-0.4124999999999996,-3.3,50000,6047,0.12094
3405,-2.8875,-0.4124999999999996,-2.8875,50000,5997,0.11994
3406,-2.8875,-0.4124999999999996,-2.475,50000,6058,0.12116
3407,-2.8875,-0.4124999999999996,-2.0625,50000,5948,0.11896
3408,-2.8875,-0.4124999999999996,-1.65,50000,6160,0.1232
3409,-2.8875,-0.4124999999999996,-1.2374999999999998,50000,6112,0.12224
3410,-2.8875,-0.4124999999999996,-0.8250000000000002,50000,6225,0.1245
3411,-2.8875,-0.4124999999999996,-0.4124999999999996,50000,6089,0.12178
3412,-2.8875,-0.4124999999999996,0.0,50000,6226,0.12452
3413,-2.8875,-0.4124999999999996,0.4125000000000005,50000,6277,0.12554
3414,-2.8875,-0.4124999999999996,0.8250000000000002,50000,6236,0.12472
3415,-2.8875,-0.4124999999999996,1.2375000000000007,50000,6184,0.12368
3416,-2.8875,-0.4124999999999996,1.6500000000000004,50000,6011,0.12022
3417,-2.8875,-0.4124999999999996,2.0625,50000,6094,0.12188
3418,-2.8875,-0.4124999999999996,2.4750000000000005,50000,6150,0.123
3419,-2.8875,-0.4124999999999996,2.8875,50000,5998,0.11996
3420,-2.8875,-0.4124999999999996,3.3,50000,5982,0.11964
3421,-2.8875,-0.4124999999999996,3.712500000000001,50000,5803,0.11606
3422,-2.8875,-0.4124999999999996,4.125000000000001,50000,6025,0.1205
3423,-2.8875,-0.4124999999999996,4.5375000000000005,50000,5916,0.11832
3424,-2.8875,-0.4124999999999996,4.95,50000,5820,0.1164
3425,-2.8875,0.0,-4.95,50000,5963,0.11926
3426,-2.8875,0.0,-4.5375000000000005,50000,5912,0.11824
3427,-2.8875,0.0,-4.125,50000,5929,0.11858
3428,-2.8875,0.0,-3.7125,50000,5796,0.11592
3429,-2.8875,0.0,-3.3,50000,5986,0.11972
3430,-2.8875,0.0,-2.8875,50000,5956,0.11912
3431,-2.8875,0.0,-2.475,50000,6060,0.1212
3432,-2.8875,0.0,-2.0625,50000,6247,0.12494
3433,-2.8875,0.0,-1.65,50000,6178,0.12356
3434,-2.8875,0.0,-1.2374999999999998,50000,6118,0.12236
3435,-2.8875,0.0,-0.8250000000000002,50000,6312,0.12624
3436,-2.8875,0.0,-0.4124999999999996,50000,6152,0.12304
3437,-2.8875,0.0,0.0,50000,6267,0.12534
3438,-2.8875,0.0,0.4125000000000005,50000,6155,0.1231
3439,-2.8875,0.0,0.8250000000000002,50000,6216,0.12432
3440,-2.8875,0.0,1.2375000000000007,50000,6258,0.12516
3441,-2.8875,0.0,1.6500000000000004,50000,6171,0.12342
3442,-2.8875,0.0,2.0625,50000,6232,0.12464
3443,-2.8875,0.0,2.4750000000000005,50000,6119,0.12238
3444,-2.8875,0.0,2.8875,50000,5937,0.11874
3445,-2.8875,0.0,3.3,50000,5954,0.11908
3446,-2.8875,0.0,3.712500000000001,50000,5965,0.1193
3447,-2.8875,0.0,4.125000000000001,50000,5969,0.11938
3448,-2.8875,0.0,4.5375000000000005,50000,5918,0.11836
3449,-2.8875,0.0,4.95,50000,6023,0.12046
3450,-2.8875,0.4125000000000005,-4.95,50000,5929,0.11858
3451,-2.8875,0.4125000000000005,-4.5375000000000005,50000,5897,0.11794
3452,-2.8875,0.4125000000000005,-4.125,50000,5931,0.11862
3453,-2.8875,0.4125000000000005,-3.7125,50000,5897,0.11794
3454,-2.8875,0.4125000000000005,-3.3,50000,5927,0.11854
3455,-2.8875,0.4125000000000005,-2.8875,50000,5858,0.11716
3456,-2.8875,0.4125000000000005,-2.475,50000,6250,0.125
3457,-2.8875,0.4125000000000005,-2.0625,50000,6253,0.12506
3458,-2.8875,0.4125000000000005,-1.65,50000,6313,0.12626
3459,-2.8875,0.4125000000000005,-1.2374999999999998,50000,6410,0.1282
3460,-2.8875,0.4125000000000005,-0.8250000000000002,50000,6357,0.12714
3461,-2.8875,0.4125000000000005,-0.4124999999999996,50000,6406,0.12812
3462,-2.8875,0.4125000000000005,0.0,50000,6376,0.12752
3463,-2.8875,0.4125000000000005,0.4125000000000005,50000,6293,0.12586
3464,-2.8875,0.4125000000000005,0.8250000000000002,50000,6296,0.12592
3465,-2.8875,0.4125000000000005,1.2375000000000007,50000,6256,0.12512
3466,-2.8875,0.4125000000000005,1.6500000000000004,50000,6250,0.125
3467,-2.8875,0.4125000000000005,2.0625,50000,6220,0.1244
3468,-2.8875,0.4125000000000005,2.4750000000000005,50000,6213,0.12426
3469,-2.8875,0.4125000000000005,2.8875,50000,5979,0.11958
3470,-2.8875,0.4125000000000005,3.3,50000,5930,0.1186
3471,-2.8875,0.4125000000000005,3.712500000000001,50000,6087,0.12174
3472,-2.8875,0.4125000000000005,4.125000000000001,50000,5810,0.1162
3473,-2.8875,0.4125000000000005,4.5375000000000005,50000,5955,0.1191
3474,-2.8875,0.4125000000000005,4.95,50000,5995,0.1199
3475,-2.8875,0.8250000000000002,-4.95,50000,6021,0.12042
3476,-2.8875,0.8250000000000002,-4.5375000000000005,50000,5880,0.1176
3477,-2.8875,0.8250000000000002,-4.125,50000,5989,0.11978
3478,-2.8875,0.8250000000000002,-3.7125,50000,6102,0.12204
3479,-2.8875,0.8250000000000002,-3.3,50000,6042,0.12084
3480,-2.8875,0.8250000000000002,-2.8875,50000,6171,0.12342
3481,-2.8875,0.8250000000000002,-2.475,50000,6097,0.12194
3482,-2.8875,0.8250000000000002,-2.0625,50000,6203,0.12406
3483,-2.8875,0.8250000000000002,-1.65,50000,6286,0.12572
3484,-2.8875,0.8250000000000002,-1.2374999999999998,50000,6409,0.12818
3485,-2.8875,0.8250000000000002,-0.8250000000000002,50000,6477,0.12954
3486,-2.8875,0.8250000000000002,-0.4124999999999996,50000,6584,0.13168
3487,-2.8875,0.8250000000000002,0.0,50000,6467,0.12934
3488,-2.8875,0.8250000000000002,0.4125000000000005,50000,6480,0.1296
3489,-2.8875,0.8250000000000002,0.8250000000000002,50000,6462,0.12924
3490,-2.8875,0.8250000000000002,1.2375000000000007,50000,6418,0.12836
3491,-2.8875,0.8250000000000002,1.6500000000000004,50000,6428,0.12856
3492,-2.8875,0.8250000000000002,2.0625,50000,6295,0.1259
3493,-2.8875,0.8250000000000002,2.4750000000000005,50000,6200,0.124
3494,-2.8875,0.8250000000000002,2.8875,50000,6066,0.12132
3495,-2.8875,0.8250000000000002,3.3,50000,6035,0.1207
3496,-2.8875,0.8250000000000002,3.712500000000001,50000,5932,0.11864
3497,-2.8875,0.8250000000000002,4.125000000000001,50000,5976,0.11952
3498,-2.8875,0.8250000000000002,4.5375000000000005,50000,5958,0.11916
3499,-2.8875,0.8250000000000002,4.95,50000,6002,0.12004
3500,-2.8875,1.2375000000000007,-4.95,50000,5987,0.11974
3501,-2.8875,1.2375000000000007,-4.5375000000000005,50000,5876,0.11752
3502,-2.8875,1.2375000000000007,-4.125,50000,5916,0.11832
3503,-2.8875,1.2375000000000007,-3.7125,50000,6081,0.12162
3504,-2.8875,1.2375000000000007,-3.3,50000,6108,0.12216
3505,-2.8875,1.2375000000000007,-2.8875,50000,6265,0.1253
3506,-2.8875,1.2375000000000007,-2.475,50000,6186,0.12372
3507,-2.8875,1.2375000000000007,-2.0625,50000,6421,0.12842
3508,-2.8875,1.2375000000000007,-1.65,50000,6455,0.1291
3509,-2.8875,1.2375000000000007,-1.2374999999999998,50000,6368,0.12736
3510,-2.8875,1.2375000000000007,-0.8250000000000002,50000,6525,0.1305
3511,-2.8875,1.2375000000000007,-0.4124999999999996,50000,6629,0.13258
3512,-2.8875,1.2375000000000007,0.0,50000,6445,0.1289
3513,-2.8875,1.2375000000000007,0.4125000000000005,50000,6509,0.13018
3514,-2.8875,1.2375000000000007,0.8250000000000002,50000,6480,0.1296
3515,-2.8875,1.2375000000000007,1.2375000000000007,50000,6375,0.1275
3516,-2.8875,1.2375000000000007,1.6500000000000004,50000,6398,0.12796
3517,-2.8875,1.2375000000000007,2.0625,50000,6276,0.12552
3518,-2.8875,1.2375000000000007,2.4750000000000005,50000,6182,0.12364
3519,-2.8875,1.2375000000000007,2.8875,50000,6107,0.12214
3520,-2.8875,1.2375000000000007,3.3,50000,6050,0.121
3521,-2.8875,1.2375000000000007,3.712500000000001,50000,6040,0.1208
3522,-2.8875,1.2375000000000007,4.125000000000001,50000,5998,0.11996
3523,-2.8875,1.2375000000000007,4.5375000000000005,50000,5961,0.11922
3524,-2.8875,1.2375000000000007,4.95,50000,5986,0.11972
3525,-2.8875,1.6500000000000004,-4.95,50000,5937,0.11874
3526,-2.8875,1.6500000000000004,-4.5375000000000005,50000,5863,0.11726
3527,-2.8875,1.6500000000000004,-4.125,50000,6001,0.12002
3528,-2.8875,1.6500000000000004,-3.7125,50000,6015,0.1203
3529,-2.8875,1.6500000000000004,-3.3,50000,6117,0.12234
3530,-2.8875,1.6500000000000004,-2.8875,50000,6296,0.12592
3531,-2.8875,1.6500000000000004,-2.475,50000,6470,0.1294
3532,-2.8875,1.6500000000000004,-2.0625,50000,6458,0.12916
3533,-2.8875,1.6500000000000004,-1.65,50000,6367,0.12734
3534,-2.8875,1.6500000000000004,-1.2374999999999998,50000,6604,0.13208
3535,-2.8875,1.6500000000000004,-0.8250000000000002,50000,6634,0.13268
3536,-2.8875,1.6500000000000004,-0.4124999999999996,50000,6767,0.13534
3537,-2.8875,1.6500000000000004,0.0,50000,6740,0.1348
3538,-2.8875,1.6500000000000004,0.4125000000000005,50000,6614,0.13228
3539,-2.8875,1.6500000000000004,0.8250000000000002,50000,6754,0.13508
3540,-2.8875,1.6500000000000004,1.2375000000000007,50000,6629,0.13258
3541,-2.8875,1.6500000000000004,1.6500000000000004,50000,6553,0.13106
3542,-2.8875,1.6500000000000004,2.0625,50000,6383,0.12766
3543,-2.8875,1.6500000000000004,2.4750000000000005,50000,6377,0.12754
3544,-2.8875,1.6500000000000004,2.8875,50000,6223,0.12446
3545,-2.8875,1.6500000000000004,3.3,50000,6056,0.12112
3546,-2.8875,1.6500000000000004,3.712500000000001,50000,6079,0.12158
3547,-2.8875,1.6500000000000004,4.125000000000001,50000,5994,0.11988
3548,-2.8875,1.6500000000000004,4.5375000000000005,50000,5859,0.11718
3549,-2.8875,1.6500000000000004,4.95,50000,5897,0.11794
3550,-2.8875,2.0625,-4.95,50000,5801,0.11602
3551,-2.8875,2.0625,-4.5375000000000005,50000,5819,0.11638
3552,-2.8875,2.0625,-4.125,50000,5942,0.11884
3553,-2.8875,2.0625,-3.7125,50000,5983,0.11966
3554,-2.8875,2.0625,-3.3,50000,6230,0.1246
3555,-2.8875,2.0625,-2.8875,50000,6164,0.12328
3556,-2.8875,2.0625,-2.475,50000,6245,0.1249
3557,-2.8875,2.0625,-2.0625,50000,6592,0.13184
3558,-2.8875,2.0625,-1.65,50000,6726,0.13452
3559,-2.8875,2.0625,-1.2374999999999998,50000,6753,0.13506
3560,-2.8875,2.0625,-0.8250000000000002,50000,6748,0.13496
3561,-2.8875,2.0625,-0.4124999999999996,50000,7029,0.14058
3562,-2.8875,2.0625,0.0,50000,7003,0.14006
3563,-2.8875,2.0625,0.4125000000000005,50000,6852,0.13704
3564,-2.8875,2.0625,0.8250000000000002,50000,6853,0.13706
3565,-2.8875,2.0625,1.2375000000000007,50000,6582,0.13164
3566,-2.8875,2.0625,1.6500000000000004,50000,6668,0.13336
3567,-2.8875,2.0625,2.0625,50000,6380,0.1276
3568,-2.8875,2.0625,2.4750000000000005,50000,6334,0.12668
3569,-2.8875,2.0625,2.8875,50000,6203,0.12406
3570,-2.8875,2.0625,3.3,50000,5948,0.11896
3571,-2.8875,2.0625,3.712500000000001,50000,5897,0.11794
3572,-2.8875,2.0625,4.125000000000001,50000,5799,0.11598
3573,-2.8875,2.0625,4.5375000000000005,50000,5884,0.11768
3574,-2.8875,2.0625,4.95,50000,5931,0.11862
3575,-2.8875,2.4750000000000005,-4.95,50000,5695,0.1139
3576,-2.8875,2.4750000000000005,-4.5375000000000005,50000,5680,0.1136
3577,-2.8875,2.4750000000000005,-4.125,50000,5698,0.11396
3578,-2.8875,2.4750000000000005,-3.7125,50000,5802,0.11604
3579,-2.8875,2.4750000000000005,-3.3,50000,6038,0.12076
3580,-2.8875,2.4750000000000005,-2.8875,50000,6144,0.12288
3581,-2.8875,2.4750000000000005,-2.475,50000,6358,0.12716
3582,-2.8875,2.4750000000000005,-2.0625,50000,6666,0.13332
3583,-2.8875,2.4750000000000005,-1.65,50000,6806,0.13612
3584,-2.8875,2.4750000000000005,-1.2374999999999998,50000,6977,0.13954
3585,-2.8875,2.4750000000000005,-0.8250000000000002,50000,6974,0.13948
3586,-2.8875,2.4750000000000005,-0.4124999999999996,50000,7023,0.14046
3587,-2.8875,2.4750000000000005,0.0,50000,7079,0.14158
3588,-2.8875,2.4750000000000005,0.4125000000000005,50000,6940,0.1388
3589,-2.8875,2.4750000000000005,0.8250000000000002,50000,6983,0.13966
3590,-2.8875,2.4750000000000005,1.2375000000000007,50000,6822,0.13644
3591,-2.8875,2.4750000000000005,1.6500000000000004,50000,6767,0.13534
3592,-2.8875,2.4750000000000005,2.0625,50000,6579,0.13158
3593,-2.8875,2.4750000000000005,2.4750000000000005,50000,6413,0.12826
3594,-2.8875,2.4750000000000005,2.8875,50000,6202,0.12404
3595,-2.8875,2.4750000000000005,3.3,50000,6031,0.12062
3596,-2.8875,2.4750000000000005,3.712500000000001,50000,5891,0.11782
3597,-2.8875,2.4750000000000005,4.125000000000001,50000,5761,0.11522
3598,-2.8875,2.4750000000000005,4.5375000000000005,50000,5667,0.11334
3599,-2.8875,2.4750000000000005,4.95,50000,5703,0.11406
3600,-2.8875,2.8875,-4.95,50000,5469,0.10938
3601,-2.8875,2.8875,-4.5375000000000005,50000,5534,0.11068
3602,-2.8875,2.8875,-4.125,50000,5524,0.11048
3603,-2.8875,2.8875,-3.7125,50000,5766,0.11532
3604,-2.8875,2.8875,-3.3,50000,5847,0.11694
3605,-2.8875,2.8875,-2.8875,50000,6193,0.12386
3606,-2.8875,2.8875,-2.475,50000,6543,0.13086
3607,-2.8875,2.8875,-2.0625,50000,6731,0.13462
3608,-2.8875,2.8875,-1.65,50000,6893,0.13786
3609,-2.8875,2.8875,-1.2374999999999998,50000,7159,0.14318
3610,-2.8875,2.8875,-0.8250000000000002,50000,7214,0.14428
3611,-2.8875,2.8875,-0.4124999999999996,50000,7071,0.14142
3612,-2.8875,2.8875,0.0,50000,7327,0.14654
3613,-2.8875,2.8875,0.4125000000000005,50000,7278,0.14556
3614,-2.8875,2.8875,0.8250000000000002,50000,7188,0.14376
3615,-2.8875,2.8875,1.2375000000000007,50000,7170,0.1434
3616,-2.8875,2.8875,1.6500000000000004,50000,6827,0.13654
3617,-2.8875,2.8875,2.0625,50000,6714,0.13428
3618,-2.8875,2.8875,2.4750000000000005,50000,6393,0.12786
3619,-2.8875,2.8875,2.8875,50000,6220,0.1244
3620,-2.8875,2.8875,3.3,50000,5926,0.11852
3621,-2.8875,2.8875,3.712500000000001,50000,5739,0.11478
3622,-2.8875,2.8875,4.125000000000001,50000,5594,0.11188
3623,-2.8875,2.8875,4.5375000000000005,50000,5571,0.11142
3624,-2.8875,2.8875,4.95,50000,5489,0.10978
3625,-2.8875,3.3,-4.95,50000,5303,0.10606
3626,-2.8875,3.3,-4.5375000000000005,50000,5136,0.10272
3627,-2.8875,3.3,-4.125,50000,5392,0.10784
3628,-2.8875,3.3,-3.7125,50000,5514,0.11028
3629,-2.8875,3.3,-3.3,50000,5806,0.11612
3630,-2.8875,3.3,-2.8875,50000,6206,0.12412
3631,-2.8875,3.3,-2.475,50000,6579,0.13158
3632,-2.8875,3.3,-2.0625,50000,6866,0.13732
3633,-2.8875,3.3,-1.65,50000,7074,0.14148
3634,-2.8875,3.3,-1.2374999999999998,50000,7289,0.14578
3635,-2.8875,3.3,-0.8250000000000002,50000,7620,0.1524
3636,-2.8875,3.3,-0.4124999999999996,50000,7584,0.15168
3637,-2.8875,3.3,0.0,50000,7631,0.15262
3638,-2.8875,3.3,0.4125000000000005,50000,7543,0.15086
3639,-2.8875,3.3,0.8250000000000002,50000,7486,0.14972
3640,-2.8875,3.3,1.2375000000000007,50000,7192,0.14384
3641,-2.8875,3.3,1.6500000000000004,50000,7232,0.14464
3642,-2.8875,3.3,2.0625,50000,6849,0.13698
3643,-2.8875,3.3,2.4750000000000005,50000,6577,0.13154
3644,-2.8875,3.3,2.8875,50000,6276,0.12552
3645,-2.8875,3.3,3.3,50000,5810,0.1162
3646,-2.8875,3.3,3.712500000000001,50000,5447,0.10894
3647,-2.8875,3.3,4.125000000000001,50000,5283,0.10566
3648,-2.8875,3.3,4.5375000000000005,50000,5250,0.105
3649,-2.8875,3.3,4.95,50000,5263,0.10526
3650,-2.8875,3.712500000000001,-4.95,50000,4799,0.09598
3651,-2.8875,3.712500000000001,-4.5375000000000005,50000,4782,0.09564
3652,-2.8875,3.712500000000001,-4.125,50000,4818,0.09636
3653,-2.8875,3.712500000000001,-3.7125,50000,5219,0.10438
3654,-2.8875,3.712500000000001,-3.3,50000,5570,0.1114
3655,-2.8875,3.712500000000001,-2.8875,50000,6215,0.1243
3656,-2.8875,3.712500000000001,-2.475,50000,6742,0.13484
3657,-2.8875,3.712500000000001,-2.0625,50000,7078,0.14156
3658,-2.8875,3.712500000000001,-1.65,50000,7541,0.15082
3659,-2.8875,3.712500000000001,-1.2374999999999998,50000,7673,0.15346
3660,-2.8875,3.712500000000001,-0.8250000000000002,50000,7699,0.15398
3661,-2.8875,3.712500000000001,-0.4124999999999996,50000,7757,0.15514
3662,-2.8875,3.712500000000001,0.0,50000,7713,0.15426
3663,-2.8875,3.712500000000001,0.4125000000000005,50000,7831,0.15662
3664,-2.8875,3.712500000000001,0.8250000000000002,50000,7758,0.15516
3665,-2.8875,3.712500000000001,1.2375000000000007,50000,7646,0.15292
3666,-2.8875,3.712500000000001,1.6500000000000004,50000,7512,0.15024
3667,-2.8875,3.712500000000001,2.0625,50000,7122,0.14244
3668,-2.8875,3.712500000000001,2.4750000000000005,50000,6644,0.13288
3669,-2.8875,3.712500000000001,2.8875,50000,6098,0.12196
3670,-2.8875,3.712500000000001,3.3,50000,5716,0.11432
3671,-2.8875,3.712500000000001,3.712500000000001,50000,5234,0.10468
3672,-2.8875,3.712500000000001,4.125000000000001,50000,4947,0.09894
3673,-2.8875,3.712500000000001,4.5375000000000005,50000,4791,0.09582
3674,-2.8875,3.712500000000001,4.95,50000,4758,0.09516
3675,-2.8875,4.125000000000001,-4.95,50000,4251,0.08502
3676,-2.8875,4.125000000000001,-4.5375000000000005,50000,4311,0.08622
3677,-2.8875,4.125000000000001,-4.125,50000,4396,0.08792
3678,-2.8875,4.125000000000001,-3.7125,50000,4751,0.09502
3679,-2.8875,4.125000000000001,-3.3,50000,5352,0.10704
3680,-2.8875,4.125000000000001,-2.8875,50000,6217,0.12434
3681,-2.8875,4.125000000000001,-2.475,50000,7094,0.14188
3682,-2.8875,4.125000000000001,-2.0625,50000,7529,0.15058
3683,-2.8875,4.125000000000001,-1.65,50000,8014,0.16028
3684,-2.8875,4.125000000000001,-1.2374999999999998,50000,8176,0.16352
3685,-2.8875,4.125000000000001,-0.8250000000000002,50000,8262,0.16524
3686,-2.8875,4.125000000000001,-0.4124999999999996,50000,8196,0.16392
3687,-2.8875,4.125000000000001,0.0,50000,8117,0.16234
3688,-2.8875,4.125000000000001,0.4125000000000005,50000,8447,0.16894
3689,-2.8875,4.125000000000001,0.8250000000000002,50000,8243,0.16486
3690,-2.8875,4.125000000000001,1.2375000000000007,50000,8202,0.16404
3691,-2.8875,4.125000000000001,1.6500000000000004,50000,7969,0.15938
3692,-2.8875,4.125000000000001,2.0625,50000,7533,0.15066
3693,-2.8875,4.125000000000001,2.4750000000000005,50000,7225,0.1445
3694,-2.8875,4.125000000000001,2.8875,50000,6321,0.12642
3695,-2.8875,4.125000000000001,3.3,50000,5190,0.1038
3696,-2.8875,4.125000000000001,3.712500000000001,50000,4607,0.09214
3697,-2.8875,4.125000000000001,4.125000000000001,50000,4450,0.089
3698,-2.8875,4.125000000000001,4.5375000000000005,50000,4197,0.08394
3699,-2.8875,4.125000000000001,4.95,50000,4272,0.08544
3700,-2.8875,4.5375000000000005,-4.95,50000,3526,0.07052
3701,-2.8875,4.5375000000000005,-4.5375000000000005,50000,3463,0.06926
3702,-2.8875,4.5375000000000005,-4.125,50000,3575,0.0715
3703,-2.8875,4.5375000000000005,-3.7125,50000,3825,0.0765
3704,-2.8875,4.5375000000000005,-3.3,50000,4778,0.09556
3705,-2.8875,4.5375000000000005,-2.8875,50000,6579,0.13158
3706,-2.8875,4.5375000000000005,-2.475,50000,7829,0.15658
3707,-2.8875,4.5375000000000005,-2.0625,50000,8588,0.17176
3708,-2.8875,4.5375000000000005,-1.65,50000,8535,0.1707
3709,-2.8875,4.5375000000000005,-1.2374999999999998,50000,8849,0.17698
3710,-2.8875,4.5375000000000005,-0.8250000000000002,50000,9095,0.1819
3711,-2.8875,4.5375000000000005,-0.4124999999999996,50000,8975,0.1795
3712,-2.8875,4.5375000000000005,0.0,50000,8968,0.17936
3713,-2.8875,4.5375000000000005,0.4125000000000005,50000,8961,0.17922
3714,-2.8875,4.5375000000000005,0.8250000000000002,50000,8957,0.17914
3715,-2.8875,4.5375000000000005,1.2375000000000007,50000,8893,0.17786
3716,-2.8875,4.5375000000000005,1.6500000000000004,50000,8819,0.17638
3717,-2.8875,4.5375000000000005,2.0625,50000,8479,0.16958
3718,-2.8875,4.5375000000000005,2.4750000000000005,50000,7852,0.15704
3719,-2.8875,4.5375000000000005,2.8875,50000,6545,0.1309
3720,-2.8875,4.5375000000000005,3.3,50000,4840,0.0968
3721,-2.8875,4.5375000000000005,3.712500000000001,50000,3948,0.07896
3722,-2.8875,4.5375000000000005,4.125000000000001,50000,3527,0.07054
3723,-2.8875,4.5375000000000005,4.5375000000000005,50000,3411,0.06822
3724,-2.8875,4.5375000000000005,4.95,50000,3492,0.06984
3725,-2.8875,4.95,-4.95,50000,2467,0.04934
3726,-2.8875,4.95,-4.5375000000000005,50000,2531,0.05062
3727,-2.8875,4.95,-4.125,50000,2631,0.05262
3728,-2.8875,4.95,-3.7125,50000,2774,0.05548
3729,-2.8875,4.95,-3.3,50000,2986,0.05972
3730,-2.8875,4.95,-2.8875,50000,11498,0.22996
3731,-2.8875,4.95,-2.475,50000,12223,0.24446
3732,-2.8875,4.95,-2.0625,50000,12458,0.24916
3733,-2.8875,4.95,-1.65,50000,12572,0.25144
3734,-2.8875,4.95,-1.2374999999999998,50000,12679,0.25358
3735,-2.8875,4.95,-0.8250000000000002,50000,12653,0.25306
3736,-2.8875,4.95,-0.4124999999999996,50000,12531,0.25062
3737,-2.8875,4.95,0.0,50000,12612,0.25224
3738,-2.8875,4.95,0.4125000000000005,50000,12628,0.25256
3739,-2.8875,4.95,0.8250000000000002,50000,12623,0.25246
3740,-2.8875,4.95,1.2375000000000007,50000,12532,0.25064
3741,-2.8875,4.95,1.6500000000000004,50000,12600,0.252
3742,-2.8875,4.95,2.0625,50000,12520,0.2504
3743,-2.8875,4.95,2.4750000000000005,50000,12248,0.24496
3744,-2.8875,4.95,2.8875,50000,11572,0.23144
3745,-2.8875,4.95,3.3,50000,2990,0.0598
3746,-2.8875,4.95,3.712500000000001,50000,2704,0.05408
3747,-2.8875,4.95,4.125000000000001,50000,2589,0.05178
3748,-2.8875,4.95,4.5375000000000005,50000,2499,0.04998
3749,-2.8875,4.95,4.95,50000,2444,0.04888
3750,-2.475,-4.95,-4.95,50000,5684,0.11368
3751,-2.475,-4.95,-4.5375000000000005,50000,5634,0.11268
3752,-2.475,-4.95,-4.125,50000,5696,0.11392
3753,-2.475,-4.95,-3.7125,50000,5650,0.113
3754,-2.475,-4.95,-3.3,50000,5655,0.1131
3755,-2.475,-4.95,-2.8875,50000,5721,0.11442
3756,-2.475,-4.95,-2.475,50000,5834,0.11668
3757,-2.475,-4.95,-2.0625,50000,5723,0.11446
3758,-2.475,-4.95,-1.65,50000,5866,0.11732
3759,-2.475,-4.95,-1.2374999999999998,50000,5964,0.11928
3760,-2.475,-4.95,-0.8250000000000002,50000,5735,0.1147
3761,-2.475,-4.95,-0.4124999999999996,50000,5738,0.11476
3762,-2.475,-4.95,0.0,50000,5911,0.11822
3763,-2.475,-4.95,0.4125000000000005,50000,5754,0.11508
3764,-2.475,-4.95,0.8250000000000002,50000,6044,0.12088
3765,-2.475,-4.95,1.2375000000000007,50000,5950,0.119
3766,-2.475,-4.95,1.6500000000000004,50000,5895,0.1179
3767,-2.475,-4.95,2.0625,50000,5752,0.11504
3768,-2.475,-4.95,2.4750000000000005,50000,5693,0.11386
3769,-2.475,-4.95,2.8875,50000,5702,0.11404
3770,-2.475,-4.95,3.3,50000,5656,0.11312
3771,-2.475,-4.95,3.712500000000001,50000,5718,0.11436
3772,-2.475,-4.95,4.125000000000001,50000,5770,0.1154
3773,-2.475,-4.95,4.5375000000000005,50000,5591,0.11182
3774,-2.475,-4.95,4.95,50000,5601,0.11202
3775,-2.475,-4.5375000000000005,-4.95,50000,5619,0.11238
3776,-2.475,-4.5375000000000005,-4.5375000000000005,50000,5545,0.1109
3777,-2.475,-4.5375000000000005,-4.125,50000,5702,0.11404
3778,-2.475,-4.5375000000000005,-3.7125,50000,5654,0.11308
3779,-2.475,-4.5375000000000005,-3.3,50000,5729,0.11458
3780,-2.475,-4.5375000000000005,-2.8875,50000,5725,0.1145
3781,-2.475,-4.5375000000000005,-2.475,50000,5684,0.11368
3782,-2.475,-4.5375000000000005,-2.0625,50000,5692,0.11384
3783,-2.475,-4.5375000000000005,-1.65,50000,5783,0.11566
3784,-2.475,-4.5375000000000005,-1.2374999999999998,50000,5883,0.11766
3785,-2.475,-4.5375000000000005,-0.8250000000000002,50000,5769,0.11538
3786,-2.475,-4.5375000000000005,-0.4124999999999996,50000,5892,0.11784
3787,-2.475,-4.5375000000000005,0.0,50000,5796,0.11592
3788,-2.475,-4.5375000000000005,0.4125000000000005,50000,5903,0.11806
3789,-2.475,-4.5375000000000005,0.8250000000000002,50000,5890,0.1178
3790,-2.475,-4.5375000000000005,1.2375000000000007,50000,5915,0.1183
3791,-2.475,-4.5375000000000005,1.6500000000000004,50000,5739,0.11478
3792,-2.475,-4.5375000000000005,2.0625,50000,5874,0.11748
3793,-2.475,-4.5375000000000005,2.4750000000000005,50000,5719,0.11438
3794,-2.475,-4.5375000000000005,2.8875,50000,5805,0.1161
3795,-2.475,-4.5375000000000005,3.3,50000,5624,0.11248
3796,-2.475,-4.5375000000000005,3.712500000000001,50000,5735,0.1147
3797,-2.475,-4.5375000000000005,4.125000000000001,50000,5680,0.1136
3798,-2.475,-4.5375000000000005,4.5375000000000005,50000,5733,0.11466
3799,-2.475,-4.5375000000000005,4.95,50000,5595,0.1119
3800,-2.475,-4.125,-4.95,50000,5713,0.11426
3801,-2.475,-4.125,-4.5375000000000005,50000,5661,0.11322
3802,-2.475,-4.125,-4.125,50000,5696,0.11392
3803,-2.475,-4.125,-3.7125,50000,5639,0.11278
3804,-2.475,-4.125,-3.3,50000,5674,0.11348
3805,-2.475,-4.125,-2.8875,50000,5686,0.11372
3806,-2.475,-4.125,-2.475,50000,5796,0.11592
3807,-2.475,-4.125,-2.0625,50000,5748,0.11496
3808,-2.475,-4.125,-1.65,50000,5777,0.11554
3809,-2.475,-4.125,-1.2374999999999998,50000,5639,0.11278
3810,-2.475,-4.125,-0.8250000000000002,50000,5747,0.11494
3811,-2.475,-4.125,-0.4124999999999996,50000,5859,0.11718
3812,-2.475,-4.125,0.0,50000,5852,0.11704
3813,-2.475,-4.125,0.4125000000000005,50000,5920,0.1184
3814,-2.475,-4.125,0.8250000000000002,50000,5894,0.11788
3815,-2.475,-4.125,1.2375000000000007,50000,5724,0.11448
3816,-2.475,-4.125,1.6500000000000004,50000,5751,0.11502
3817,-2.475,-4.125,2.0625,50000,5722,0.11444
3818,-2.475,-4.125,2.4750000000000005,50000,5635,0.1127
3819,-2.475,-4.125,2.8875,50000,5651,0.11302
3820,-2.475,-4.125,3.3,50000,5689,0.11378
3821,-2.475,-4.125,3.712500000000001,50000,5548,0.11096
3822,-2.475,-4.125,4.125000000000001,50000,5740,0.1148
3823,-2.475,-4.125,4.5375000000000005,50000,5637,0.11274
3824,-2.475,-4.125,4.95,50000,5512,0.11024
3825,-2.475,-3.7125,-4.95,50000,5690,0.1138
3826,-2.475,-3.7125,-4.5375000000000005,50000,5694,0.11388
3827,-2.475,-3.7125,-4.125,50000,5723,0.11446
3828,-2.475,-3.7125,-3.7125,50000,5576,0.11152
3829,-2.475,-3.7125,-3.3,50000,5692,0.11384
3830,-2.475,-3.7125,-2.8875,50000,5711,0.11422
3831,-2.475,-3.7125,-2.475,50000,5719,0.11438
3832,-2.475,-3.7125,-2.0625,50000,5749,0.11498
3833,-2.475,-3.7125,-1.65,50000,5839,0.11678
3834,-2.475,-3.7125,-1.2374999999999998,50000,5838,0.11676
3835,-2.475,-3.7125,-0.8250000000000002,50000,5756,0.11512
3836,-2.475,-3.7125,-0.4124999999999996,50000,5775,0.1155
3837,-2.475,-3.7125,0.0,50000,5876,0.11752
3838,-2.475,-3.7125,0.4125000000000005,50000,5787,0.11574
3839,-2.475,-3.7125,0.8250000000000002,50000,5871,0.11742
3840,-2.475,-3.7125,1.2375000000000007,50000,5757,0.11514
3841,-2.475,-3.7125,1.6500000000000004,50000,5808,0.11616
3842,-2.475,-3.7125,2.0625,50000,5805,0.1161
3843,-2.475,-3.7125,2.4750000000000005,50000,5710,0.1142
3844,-2.475,-3.7125,2.8875,50000,5688,0.11376
3845,-2.475,-3.7125,3.3,50000,5694,0.11388
3846,-2.475,-3.7125,3.712500000000001,50000,5859,0.11718
3847,-2.475,-3.7125,4.125000000000001,50000,5739,0.11478
3848,-2.475,-3.7125,4.5375000000000005,50000,5826,0.11652
3849,-2.475,-3.7125,4.95,50000,5587,0.11174
3850,-2.475,-3.3,-4.95,50000,5660,0.1132
3851,-2.475,-3.3,-4.5375000000000005,50000,5701,0.11402
3852,-2.475,-3.3,-4.125,50000,5755,0.1151
3853,-2.475,-3.3,-3.7125,50000,5764,0.11528
3854,-2.475,-3.3,-3.3,50000,5688,0.11376
3855,-2.475,-3.3,-2.8875,50000,5702,0.11404
3856,-2.475,-3.3,-2.475,50000,5770,0.1154
3857,-2.475,-3.3,-2.0625,50000,5810,0.1162
3858,-2.475,-3.3,-1.65,50000,5837,0.11674
3859,-2.475,-3.3,-1.2374999999999998,50000,5955,0.1191
3860,-2.475,-3.3,-0.8250000000000002,50000,5930,0.1186
3861,-2.475,-3.3,-0.4124999999999996,50000,5790,0.1158
3862,-2.475,-3.3,0.0,50000,5881,0.11762
3863,-2.475,-3.3,0.4125000000000005,50000,5766,0.11532
3864,-2.475,-3.3,0.8250000000000002,50000,5767,0.11534
3865,-2.475,-3.3,1.2375000000000007,50000,5739,0.11478
3866,-2.475,-3.3,1.6500000000000004,50000,5857,0.11714
3867,-2.475,-3.3,2.0625,50000,5850,0.117
3868,-2.475,-3.3,2.4750000000000005,50000,5875,0.1175
3869,-2.475,-3.3,2.8875,50000,5830,0.1166
3870,-2.475,-3.3,3.3,50000,5785,0.1157
3871,-2.475,-3.3,3.712500000000001,50000,5832,0.11664
3872,-2.475,-3.3,4.125000000000001,50000,5616,0.11232
3873,-2.475,-3.3,4.5375000000000005,50000,5735,0.1147
3874,-2.475,-3.3,4.95,50000,5674,0.11348
3875,-2.475,-2.8875,-4.95,50000,5688,0.11376
3876,-2.475,-2.8875,-4.5375000000000005,50000,5597,0.11194
3877,-2.475,-2.8875,-4.125,50000,5682,0.11364
3878,-2.475,-2.8875,-3.7125,50000,5730,0.1146
3879,-2.475,-2.8875,-3.3,50000,5711,0.11422
3880,-2.475,-2.8875,-2.8875,50000,5811,0.11622
3881,-2.475,-2.8875,-2.475,50000,5863,0.11726
3882,-2.475,-2.8875,-2.0625,50000,5759,0.11518
3883,-2.475,-2.8875,-1.65,50000,5883,0.11766
3884,-2.475,-2.8875,-1.2374999999999998,50000,5973,0.11946
3885,-2.475,-2.8875,-0.8250000000000002,50000,5783,0.11566
3886,-2.475,-2.8875,-0.4124999999999996,50000,5841,0.11682
3887,-2.475,-2.8875,0.0,50000,5870,0.1174
3888,-2.475,-2.8875,0.4125000000000005,50000,5715,0.1143
3889,-2.475,-2.8875,0.8250000000000002,50000,5765,0.1153
3890,-2.475,-2.8875,1.2375000000000007,50000,5747,0.11494
3891,-2.475,-2.8875,1.6500000000000004,50000,5870,0.1174
3892,-2.475,-2.8875,2.0625,50000,5824,0.11648
3893,-2.475,-2.8875,2.4750000000000005,50000,5795,0.1159
3894,-2.475,-2.8875,2.8875,50000,5779,0.11558
3895,-2.475,-2.8875,3.3,50000,5783,0.11566
3896,-2.475,-2.8875,3.712500000000001,50000,5585,0.1117
3897,-2.475,-2.8875,4.125000000000001,50000,5701,0.11402
3898,-2.475,-2.8875,4.5375000000000005,50000,5559,0.11118
3899,-2.475,-2.8875,4.95,50000,5731,0.11462
3900,-2.475,-2.475,-4.95,50000,5746,0.11492
3901,-2.475,-2.475,-4.5375000000000005,50000,5746,0.11492
3902,-2.475,-2.475,-4.125,50000,5903,0.11806
3903,-2.475,-2.475,-3.7125,50000,5895,0.1179
3904,-2.475,-2.475,-3.3,50000,5817,0.11634
3905,-2.475,-2.475,-2.8875,50000,5893,0.11786
3906,-2.475,-2.475,-2.475,50000,5777,0.11554
3907,-2.475,-2.475,-2.0625,50000,5917,0.11834
3908,-2.475,-2.475,-1.65,50000,5923,0.11846
3909,-2.475,-2.475,-1.2374999999999998,50000,5847,0.11694
3910,-2.475,-2.475,-0.8250000000000002,50000,5874,0.11748
3911,-2.475,-2.475,-0.4124999999999996,50000,5850,0.117
3912,-2.475,-2.475,0.0,50000,5982,0.11964
3913,-2.475,-2.475,0.4125000000000005,50000,5789,0.11578
3914,-2.475,-2.475,0.8250000000000002,50000,5957,0.11914
3915,-2.475,-2.475,1.2375000000000007,50000,5819,0.11638
3916,-2.475,-2.475,1.6500000000000004,50000,5908,0.11816
3917,-2.475,-2.475,2.0625,50000,5894,0.11788
3918,-2.475,-2.475,2.4750000000000005,50000,5860,0.1172
3919,-2.475,-2.475,2.8875,50000,5831,0.11662
3920,-2.475,-2.475,3.3,50000,5715,0.1143
3921,-2.475,-2.475,3.712500000000001,50000,5693,0.11386
3922,-2.475,-2.475,4.125000000000001,50000,5845,0.1169
3923,-2.475,-2.475,4.5375000000000005,50000,5570,0.1114
3924,-2.475,-2.475,4.95,50000,5683,0.11366
3925,-2.475,-2.0625,-4.95,50000,5691,0.11382
3926,-2.475,-2.0625,-4.5375000000000005,50000,5775,0.1155
3927,-2.475,-2.0625,-4.125,50000,5884,0.11768
3928,-2.475,-2.0625,-3.7125,50000,5879,0.11758
3929,-2.475,-2.0625,-3.3,50000,5915,0.1183
3930,-2.475,-2.0625,-2.8875,50000,5732,0.11464
3931,-2.475,-2.0625,-2.475,50000,5819,0.11638
3932,-2.475,-2.0625,-2.0625,50000,5969,0.11938
3933,-2.475,-2.0625,-1.65,50000,5896,0.11792
3934,-2.475,-2.0625,-1.2374999999999998,50000,6000,0.12
3935,-2.475,-2.0625,-0.8250000000000002,50000,5961,0.11922
3936,-2.475,-2.0625,-0.4124999999999996,50000,5983,0.11966
3937,-2.475,-2.0625,0.0,50000,5920,0.1184
3938,-2.475,-2.0625,0.4125000000000005,50000,5932,0.11864
3939,-2.475,-2.0625,0.8250000000000002,50000,5916,0.11832
3940,-2.475,-2.0625,1.2375000000000007,50000,5874,0.11748
3941,-2.475,-2.0625,1.6500000000000004,50000,5928,0.11856
3942,-2.475,-2.0625,2.0625,50000,5954,0.11908
3943,-2.475,-2.0625,2.4750000000000005,50000,5766,0.11532
3944,-2.475,-2.0625,2.8875,50000,5898,0.11796
3945,-2.475,-2.0625,3.3,50000,5765,0.1153
3946,-2.475,-2.0625,3.712500000000001,50000,5784,0.11568
3947,-2.475,-2.0625,4.125000000000001,50000,5735,0.1147
3948,-2.475,-2.0625,4.5375000000000005,50000,5787,0.11574
3949,-2.475,-2.0625,4.95,50000,5838,0.11676
3950,-2.475,-1.65,-4.95,50000,5804,0.11608
3951,-2.475,-1.65,-4.5375000000000005,50000,5956,0.11912
3952,-2.475,-1.65,-4.125,50000,5701,0.11402
3953,-2.475,-1.65,-3.7125,50000,5700,0.114
3954,-2.475,-1.65,-3.3,50000,5910,0.1182
3955,-2.475,-1.65,-2.8875,50000,5772,0.11544
3956,-2.475,-1.65,-2.475,50000,5940,0.1188
3957,-2.475,-1.65,-2.0625,50000,5879,0.11758
3958,-2.475,-1.65,-1.65,50000,5834,0.11668
3959,-2.475,-1.65,-1.2374999999999998,50000,5821,0.11642
3960,-2.475,-1.65,-0.8250000000000002,50000,6018,0.12036
3961,-2.475,-1.65,-0.4124999999999996,50000,6127,0.12254
3962,-2.475,-1.65,0.0,50000,6048,0.12096
3963,-2.475,-1.65,0.4125000000000005,50000,5963,0.11926
3964,-2.475,-1.65,0.8250000000000002,50000,6094,0.12188
3965,-2.475,-1.65,1.2375000000000007,50000,6102,0.12204
3966,-2.475,-1.65,1.6500000000000004,50000,5875,0.1175
3967,-2.475,-1.65,2.0625,50000,5869,0.11738
3968,-2.475,-1.65,2.4750000000000005,50000,5985,0.1197
3969,-2.475,-1.65,2.8875,50000,5884,0.11768
3970,-2.475,-1.65,3.3,50000,5763,0.11526
3971,-2.475,-1.65,3.712500000000001,50000,5958,0.11916
3972,-2.475,-1.65,4.125000000000001,50000,5893,0.11786
3973,-2.475,-1.65,4.5375000000000005,50000,5795,0.1159
3974,-2.475,-1.65,4.95,50000,5772,0.11544
3975,-2.475,-1.2374999999999998,-4.95,50000,5911,0.11822
3976,-2.475,-1.2374999999999998,-4.5375000000000005,50000,5819,0.11638
3977,-2.475,-1.2374999999999998,-4.125,50000,6053,0.12106
3978,-2.475,-1.2374999999999998,-3.7125,50000,5980,0.1196
3979,-2.475,-1.2374999999999998,-3.3,50000,5921,0.11842
3980,-2.475,-1.2374999999999998,-2.8875,50000,5999,0.11998
3981,-2.475,-1.2374999999999998,-2.475,50000,6051,0.12102
3982,-2.475,-1.2374999999999998,-2.0625,50000,6026,0.12052
3983,-2.475,-1.2374999999999998,-1.65,50000,6125,0.1225
3984,-2.475,-1.2374999999999998,-1.2374999999999998,50000,6009,0.12018
3985,-2.475,-1.2374999999999998,-0.8250000000000002,50000,5994,0.11988
3986,-2.475,-1.2374999999999998,-0.4124999999999996,50000,5993,0.11986
3987,-2.475,-1.2374999999999998,0.0,50000,6023,0.12046
3988,-2.475,-1.2374999999999998,0.4125000000000005,50000,6135,0.1227
3989,-2.475,-1.2374999999999998,0.8250000000000002,50000,6060,0.1212
3990,-2.475,-1.2374999999999998,1.2375000000000007,50000,6080,0.1216
3991,-2.475,-1.2374999999999998,1.6500000000000004,50000,6105,0.1221
3992,-2.475,-1.2374999999999998,2.0625,50000,6008,0.12016
3993,-2.475,-1.2374999999999998,2.4750000000000005,50000,6003,0.12006
3994,-2.475,-1.2374999999999998,2.8875,50000,6011,0.12022
3995,-2.475,-1.2374999999999998,3.3,50000,5883,0.11766
3996,-2.475,-1.2374999999999998,3.712500000000001,50000,5860,0.1172
3997,-2.475,-1.2374999999999998,4.125000000000001,50000,5881,0.11762
3998,-2.475,-1.2374999999999998,4.5375000000000005,50000,5953,0.11906
3999,-2.475,-1.2374999999999998,4.95,50000,5824,0.11648
4000,-2.475,-0.8250000000000002,-4.95,50000,5898,0.11796
4001,-2.475,-0.8250000000000002,-4.5375000000000005,50000,5828,0.11656
4002,-2.475,-0.8250000000000002,-4.125,50000,5821,0.11642
4003,-2.475,-0.8250000000000002,-3.7125,50000,5960,0.1192
4004,-2.475,-0.8250000000000002,-3.3,50000,5982,0.11964
4005,-2.475,-0.8250000000000002,-2.8875,50000,6009,0.12018
4006,-2.475,-0.8250000000000002,-2.475,50000,5904,0.11808
4007,-2.475,-0.8250000000000002,-2.0625,50000,6014,0.12028
4008,-2.475,-0.8250000000000002,-1.65,50000,5984,0.11968
4009,-2.475,-0.8250000000000002,-1.2374999999999998,50000,6151,0.12302
4010,-2.475,-0.8250000000000002,-0.8250000000000002,50000,6108,0.12216
4011,-2.475,-0.8250000000000002,-0.4124999999999996,50000,6083,0.12166
4012,-2.475,-0.8250000000000002,0.0,50000,6072,0.12144
4013,-2.475,-0.8250000000000002,0.4125000000000005,50000,6031,0.12062
4014,-2.475,-0.8250000000000002,0.8250000000000002,50000,5999,0.11998
4015,-2.475,-0.8250000000000002,1.2375000000000007,50000,6015,0.1203
4016,-2.475,-0.8250000000000002,1.6500000000000004,50000,6040,0.1208
4017,-2.475,-0.8250000000000002,2.0625,50000,6120,0.1224
4018,-2.475,-0.8250000000000002,2.4750000000000005,50000,6019,0.12038
4019,-2.475,-0.8250000000000002,2.8875,50000,6111,0.12222
4020,-2.475,-0.8250000000000002,3.3,50000,5884,0.11768
4021,-2.475,-0.8250000000000002,3.712500000000001,50000,5913,0.11826
4022,-2.475,-0.8250000000000002,4.125000000000001,50000,5935,0.1187
4023,-2.475,-0.8250000000000002,4.5375000000000005,50000,5933,0.11866
4024,-2.475,-0.8250000000000002,4.95,50000,5946,0.11892
4025,-2.475,-0.4124999999999996,-4.95,50000,5867,0.11734
4026,-2.475,-0.4124999999999996,-4.5375000000000005,50000,5996,0.11992
4027,-2.475,-0.4124999999999996,-4.125,50000,6010,0.1202
4028,-2.475,-0.4124999999999996,-3.7125,50000,5944,0.11888
4029,-2.475,-0.4124999999999996,-3.3,50000,5993,0.11986
4030,-2.475,-0.4124999999999996,-2.8875,50000,6085,0.1217
4031,-2.475,-0.4124999999999996,-2.475,50000,6116,0.12232
4032,-2.475,-0.4124999999999996,-2.0625,50000,6070,0.1214
4033,-2.475,-0.4124999999999996,-1.65,50000,6165,0.1233
4034,-2.475,-0.4124999999999996,-1.2374999999999998,50000,6206,0.12412
4035,-2.475,-0.4124999999999996,-0.8250000000000002,50000,6096,0.12192
4036,-2.475,-0.4124999999999996,-0.4124999999999996,50000,6055,0.1211
4037,-2.475,-0.4124999999999996,0.0,50000,6207,0.12414
4038,-2.475,-0.4124999999999996,0.4125000000000005,50000,6226,0.12452
4039,-2.475,-0.4124999999999996,0.8250000000000002,50000,6186,0.12372
4040,-2.475,-0.4124999999999996,1.2375000000000007,50000,6230,0.1246
4041,-2.475,-0.4124999999999996,1.6500000000000004,50000,6242,0.12484
4042,-2.475,-0.4124999999999996,2.0625,50000,6180,0.1236
4043,-2.475,-0.4124999999999996,2.4750000000000005,50000,6136,0.12272
4044,-2.475,-0.4124999999999996,2.8875,50000,6025,0.1205
4045,-2.475,-0.4124999999999996,3.3,50000,6125,0.1225
4046,-2.475,-0.4124999999999996,3.712500000000001,50000,6025,0.1205
4047,-2.475,-0.4124999999999996,4.125000000000001,50000,6092,0.12184
4048,-2.475,-0.4124999999999996,4.5375000000000005,50000,5974,0.11948
4049,-2.475,-0.4124999999999996,4.95,50000,5895,0.1179
4050,-2.475,0.0,-4.95,50000,5954,0.11908
4051,-2.475,0.0,-4.5375000000000005,50000,5865,0.1173
4052,-2.475,0.0,-4.125,50000,6015,0.1203
4053,-2.475,0.0,-3.7125,50000,6120,0.1224
4054,-2.475,0.0,-3.3,50000,5988,0.11976
4055,-2.475,0.0,-2.8875,50000,6112,0.12224
4056,-2.475,0.0,-2.475,50000,6247,0.12494
4057,-2.475,0.0,-2.0625,50000,6275,0.1255
4058,-2.475,0.0,-1.65,50000,6314,0.12628
4059,-2.475,0.0,-1.2374999999999998,50000,6098,0.12196
4060,-2.475,0.0,-0.8250000000000002,50000,6285,0.1257
4061,-2.475,0.0,-0.4124999999999996,50000,6285,0.1257
4062,-2.475,0.0,0.0,50000,6362,0.12724
4063,-2.475,0.0,0.4125000000000005,50000,6295,0.1259
4064,-2.475,0.0,0.8250000000000002,50000,6289,0.12578
4065,-2.475,0.0,1.2375000000000007,50000,6264,0.12528
4066,-2.475,0.0,1.6500000000000004,50000,6336,0.12672
4067,-2.475,0.0,2.0625,50000,6159,0.12318
4068,-2.475,0.0,2.4750000000000005,50000,6223,0.12446
4069,-2.475,0.0,2.8875,50000,6085,0.1217
4070,-2.475,0.0,3.3,50000,5968,0.11936
4071,-2.475,0.0,3.712500000000001,50000,5937,0.11874
4072,-2.475,0.0,4.125000000000001,50000,5962,0.11924
4073,-2.475,0.0,4.5375000000000005,50000,5963,0.11926
4074,-2.475,0.0,4.95,50000,6052,0.12104
4075,-2.475,0.4125000000000005,-4.95,50000,5983,0.11966
4076,-2.475,0.4125000000000005,-4.5375000000000005,50000,6073,0.12146
4077,-2.475,0.4125000000000005,-4.125,50000,6106,0.12212
4078,-2.475,0.4125000000000005,-3.7125,50000,6023,0.12046
4079,-2.475,0.4125000000000005,-3.3,50000,6066,0.12132
4080,-2.475,0.4125000000000005,-2.8875,50000,6044,0.12088
4081,-2.475,0.4125000000000005,-2.475,50000,6155,0.1231
4082,-2.475,0.4125000000000005,-2.0625,50000,6154,0.12308
4083,-2.475,0.4125000000000005,-1.65,50000,6176,0.12352
4084,-2.475,0.4125000000000005,-1.2374999999999998,50000,6563,0.13126
4085,-2.475,0.4125000000000005,-0.8250000000000002,50000,6404,0.12808
4086,-2.475,0.4125000000000005,-0.4124999999999996,50000,6442,0.12884
4087,-2.475,0.4125000000000005,0.0,50000,6381,0.12762
4088,-2.475,0.4125000000000005,0.4125000000000005,50000,6310,0.1262
4089,-2.475,0.4125000000000005,0.8250000000000002,50000,6486,0.12972
4090,-2.475,0.4125000000000005,1.2375000000000007,50000,6420,0.1284
4091,-2.475,0.4125000000000005,1.6500000000000004,50000,6368,0.12736
4092,-2.475,0.4125000000000005,2.0625,50000,6319,0.12638
4093,-2.475,0.4125000000000005,2.4750000000000005,50000,6222,0.12444
4094,-2.475,0.4125000000000005,2.8875,50000,6162,0.12324
4095,-2.475,0.4125000000000005,3.3,50000,6071,0.12142
4096,-2.475,0.4125000000000005,3.712500000000001,50000,6010,0.1202
4097,-2.475,0.4125000000000005,4.125000000000001,50000,5973,0.11946
4098,-2.475,0.4125000000000005,4.5375000000000005,50000,6039,0.12078
4099,-2.475,0.4125000000000005,4.95,50000,5958,0.11916
4100,-2.475,0.8250000000000002,-4.95,50000,6054,0.12108
4101,-2.475,0.8250000000000002,-4.5375000000000005,50000,6174,0.12348
4102,-2.475,0.8250000000000002,-4.125,50000,6006,0.12012
4103,-2.475,0.8250000000000002,-3.7125,50000,6028,0.12056
4104,-2.475,0.8250000000000002,-3.3,50000,5999,0.11998
4105,-2.475,0.8250000000000002,-2.8875,50000,6059,0.12118
4106,-2.475,0.8250000000000002,-2.475,50000,6236,0.12472
4107,-2.475,0.8250000000000002,-2.0625,50000,6411,0.12822
4108,-2.475,0.8250000000000002,-1.65,50000,6415,0.1283
4109,-2.475,0.8250000000000002,-1.2374999999999998,50000,6384,0.12768
4110,-2.475,0.8250000000000002,-0.8250000000000002,50000,6636,0.13272
4111,-2.475,0.8250000000000002,-0.4124999999999996,50000,6652,0.13304
4112,-2.475,0.8250000000000002,0.0,50000,6669,0.13338
4113,-2.475,0.8250000000000002,0.4125000000000005,50000,6559,0.13118
4114,-2.475,0.8250000000000002,0.8250000000000002,50000,6554,0.13108
4115,-2.475,0.8250000000000002,1.2375000000000007,50000,6519,0.13038
4116,-2.475,0.8250000000000002,1.6500000000000004,50000,6415,0.1283
4117,-2.475,0.8250000000000002,2.0625,50000,6349,0.12698
4118,-2.475,0.8250000000000002,2.4750000000000005,50000,6237,0.12474
4119,-2.475,0.8250000000000002,2.8875,50000,6163,0.12326
4120,-2.475,0.8250000000000002,3.3,50000,6105,0.1221
4121,-2.475,0.8250000000000002,3.712500000000001,50000,6143,0.12286
4122,-2.475,0.8250000000000002,4.125000000000001,50000,5915,0.1183
4123,-2.475,0.8250000000000002,4.5375000000000005,50000,5888,0.11776
4124,-2.475,0.8250000000000002,4.95,50000,6057,0.12114
4125,-2.475,1.2375000000000007,-4.95,50000,5939,0.11878
4126,-2.475,1.2375000000000007,-4.5375000000000005,50000,6097,0.12194
4127,-2.475,1.2375000000000007,-4.125,50000,6182,0.12364
4128,-2.475,1.2375000000000007,-3.7125,50000,6109,0.12218
4129,-2.475,1.2375000000000007,-3.3,50000,6189,0.12378
4130,-2.475,1.2375000000000007,-2.8875,50000,6202,0.12404
4131,-2.475,1.2375000000000007,-2.475,50000,6343,0.12686
4132,-2.475,1.2375000000000007,-2.0625,50000,6521,0.13042
4133,-2.475,1.2375000000000007,-1.65,50000,6484,0.12968
4134,-2.475,1.2375000000000007,-1.2374999999999998,50000,6525,0.1305
4135,-2.475,1.2375000000000007,-0.8250000000000002,50000,6698,0.13396
4136,-2.475,1.2375000000000007,-0.4124999999999996,50000,6646,0.13292
4137,-2.475,1.2375000000000007,0.0,50000,6689,0.13378
4138,-2.475,1.2375000000000007,0.4125000000000005,50000,6782,0.13564
4139,-2.475,1.2375000000000007,0.8250000000000002,50000,6763,0.13526
4140,-2.475,1.2375000000000007,1.2375000000000007,50000,6580,0.1316
4141,-2.475,1.2375000000000007,1.6500000000000004,50000,6583,0.13166
4142,-2.475,1.2375000000000007,2.0625,50000,6439,0.12878
4143,-2.475,1.2375000000000007,2.4750000000000005,50000,6327,0.12654
4144,-2.475,1.2375000000000007,2.8875,50000,6298,0.12596
4145,-2.475,1.2375000000000007,3.3,50000,6244,0.12488
4146,-2.475,1.2375000000000007,3.712500000000001,50000,6028,0.12056
4147,-2.475,1.2375000000000007,4.125000000000001,50000,5998,0.11996
4148,-2.475,1.2375000000000007,4.5375000000000005,50000,6032,0.12064
4149,-2.475,1.2375000000000007,4.95,50000,6023,0.12046
4150,-2.475,1.6500000000000004,-4.95,50000,5951,0.11902
4151,-2.475,1.6500000000000004,-4.5375000000000005,50000,6049,0.12098
4152,-2.475,1.6500000000000004,-4.125,50000,5998,0.11996
4153,-2.475,1.6500000000000004,-3.7125,50000,5940,0.1188
4154,-2.475,1.6500000000000004,-3.3,50000,6212,0.12424
4155,-2.475,1.6500000000000004,-2.8875,50000,6359,0.12718
4156,-2.475,1.6500000000000004,-2.475,50000,6536,0.13072
4157,-2.475,1.6500000000000004,-2.0625,50000,6463,0.12926
4158,-2.475,1.6500000000000004,-1.65,50000,6615,0.1323
4159,-2.475,1.6500000000000004,-1.2374999999999998,50000,6714,0.13428
4160,-2.475,1.6500000000000004,-0.8250000000000002,50000,6852,0.13704
4161,-2.475,1.6500000000000004,-0.4124999999999996,50000,6918,0.13836
4162,-2.475,1.6500000000000004,0.0,50000,6931,0.13862
4163,-2.475,1.6500000000000004,0.4125000000000005,50000,6814,0.13628
4164,-2.475,1.6500000000000004,0.8250000000000002,50000,6825,0.1365
4165,-2.475,1.6500000000000004,1.2375000000000007,50000,6776,0.13552
4166,-2.475,1.6500000000000004,1.6500000000000004,50000,6726,0.13452
4167,-2.475,1.6500000000000004,2.0625,50000,6531,0.13062
4168,-2.475,1.6500000000000004,2.4750000000000005,50000,6397,0.12794
4169,-2.475,1.6500000000000004,2.8875,50000,6264,0.12528
4170,-2.475,1.6500000000000004,3.3,50000,6318,0.12636
4171,-2.475,1.6500000000000004,3.712500000000001,50000,6089,0.12178
4172,-2.475,1.6500000000000004,4.125000000000001,50000,6081,0.12162
4173,-2.475,1.6500000000000004,4.5375000000000005,50000,6017,0.12034
4174,-2.475,1.6500000000000004,4.95,50000,5971,0.11942
4175,-2.475,2.0625,-4.95,50000,5991,0.11982
4176,-2.475,2.0625,-4.5375000000000005,50000,5967,0.11934
4177,-2.475,2.0625,-4.125,50000,5878,0.11756
4178,-2.475,2.0625,-3.7125,50000,6075,0.1215
4179,-2.475,2.0625,-3.3,50000,6236,0.12472
4180,-2.475,2.0625,-2.8875,50000,6429,0.12858
4181,-2.475,2.0625,-2.475,50000,6487,0.12974
4182,-2.475,2.0625,-2.0625,50000,6689,0.13378
4183,-2.475,2.0625,-1.65,50000,6930,0.1386
4184,-2.475,2.0625,-1.2374999999999998,50000,6960,0.1392
4185,-2.475,2.0625,-0.8250000000000002,50000,7101,0.14202
4186,-2.475,2.0625,-0.4124999999999996,50000,7028,0.14056
4187,-2.475,2.0625,0.0,50000,7119,0.14238
4188,-2.475,2.0625,0.4125000000000005,50000,7023,0.14046
4189,-2.475,2.0625,0.8250000000000002,50000,7036,0.14072
4190,-2.475,2.0625,1.2375000000000007,50000,6956,0.13912
4191,-2.475,2.0625,1.6500000000000004,50000,6977,0.13954
4192,-2.475,2.0625,2.0625,50000,6701,0.13402
4193,-2.475,2.0625,2.4750000000000005,50000,6532,0.13064
4194,-2.475,2.0625,2.8875,50000,6244,0.12488
4195,-2.475,2.0625,3.3,50000,6164,0.12328
4196,-2.475,2.0625,3.712500000000001,50000,6224,0.12448
4197,-2.475,2.0625,4.125000000000001,50000,5940,0.1188
4198,-2.475,2.0625,4.5375000000000005,50000,5928,0.11856
4199,-2.475,2.0625,4.95,50000,5963,0.11926
4200,-2.475,2.4750000000000005,-4.95,50000,5757,0.11514
4201,-2.475,2.4750000000000005,-4.5375000000000005,50000,5770,0.1154
4202,-2.475,2.4750000000000005,-4.125,50000,5741,0.11482
4203,-2.475,2.4750000000000005,-3.7125,50000,6073,0.12146
4204,-2.475,2.4750000000000005,-3.3,50000,6260,0.1252
4205,-2.475,2.4750000000000005,-2.8875,50000,6351,0.12702
4206,-2.475,2.4750000000000005,-2.475,50000,6653,0.13306
4207,-2.475,2.4750000000000005,-2.0625,50000,6830,0.1366
4208,-2.475,2.4750000000000005,-1.65,50000,6877,0.13754
4209,-2.475,2.4750000000000005,-1.2374999999999998,50000,7265,0.1453
4210,-2.475,2.4750000000000005,-0.8250000000000002,50000,7308,0.14616
4211,-2.475,2.4750000000000005,-0.4124999999999996,50000,7428,0.14856
4212,-2.475,2.4750000000000005,0.0,50000,7287,0.14574
4213,-2.475,2.4750000000000005,0.4125000000000005,50000,7368,0.14736
4214,-2.475,2.4750000000000005,0.8250000000000002,50000,7204,0.14408
4215,-2.475,2.4750000000000005,1.2375000000000007,50000,7182,0.14364
4216,-2.475,2.4750000000000005,1.6500000000000004,50000,7033,0.14066
4217,-2.475,2.4750000000000005,2.0625,50000,6937,0.13874
4218,-2.475,2.4750000000000005,2.4750000000000005,50000,6510,0.1302
4219,-2.475,2.4750000000000005,2.8875,50000,6291,0.12582
4220,-2.475,2.4750000000000005,3.3,50000,6067,0.12134
4221,-2.475,2.4750000000000005,3.712500000000001,50000,5898,0.11796
4222,-2.475,2.4750000000000005,4.125000000000001,50000,5808,0.11616
4223,-2.475,2.4750000000000005,4.5375000000000005,50000,5803,0.11606
4224,-2.475,2.4750000000000005,4.95,50000,5854,0.11708
4225,-2.475,2.8875,-4.95,50000,5733,0.11466
4226,-2.475,2.8875,-4.5375000000000005,50000,5698,0.11396
4227,-2.475,2.8875,-4.125,50000,5900,0.118
4228,-2.475,2.8875,-3.7125,50000,5816,0.11632
4229,-2.475,2.8875,-3.3,50000,6127,0.12254
4230,-2.475,2.8875,-2.8875,50000,6526,0.13052
4231,-2.475,2.8875,-2.475,50000,6748,0.13496
4232,-2.475,2.8875,-2.0625,50000,6973,0.13946
4233,-2.475,2.8875,-1.65,50000,7292,0.14584
4234,-2.475,2.8875,-1.2374999999999998,50000,7468,0.14936
4235,-2.475,2.8875,-0.8250000000000002,50000,7643,0.15286
4236,-2.475,2.8875,-0.4124999999999996,50000,7762,0.15524
4237,-2.475,2.8875,0.0,50000,7721,0.15442
4238,-2.475,2.8875,0.4125000000000005,50000,7840,0.1568
4239,-2.475,2.8875,0.8250000000000002,50000,7635,0.1527
4240,-2.475,2.8875,1.2375000000000007,50000,7515,0.1503
4241,-2.475,2.8875,1.6500000000000004,50000,7170,0.1434
4242,-2.475,2.8875,2.0625,50000,7068,0.14136
4243,-2.475,2.8875,2.4750000000000005,50000,6742,0.13484
4244,-2.475,2.8875,2.8875,50000,6437,0.12874
4245,-2.475,2.8875,3.3,50000,6129,0.12258
4246,-2.475,2.8875,3.712500000000001,50000,6031,0.12062
4247,-2.475,2.8875,4.125000000000001,50000,5761,0.11522
4248,-2.475,2.8875,4.5375000000000005,50000,5638,0.11276
4249,-2.475,2.8875,4.95,50000,5679,0.11358
4250,-2.475,3.3,-4.95,50000,5378,0.10756
4251,-2.475,3.3,-4.5375000000000005,50000,5346,0.10692
4252,-2.475,3.3,-4.125,50000,5580,0.1116
4253,-2.475,3.3,-3.7125,50000,5695,0.1139
4254,-2.475,3.3,-3.3,50000,6033,0.12066
4255,-2.475,3.3,-2.8875,50000,6564,0.13128
4256,-2.475,3.3,-2.475,50000,7101,0.14202
4257,-2.475,3.3,-2.0625,50000,7396,0.14792
4258,-2.475,3.3,-1.65,50000,7788,0.15576
4259,-2.475,3.3,-1.2374999999999998,50000,7823,0.15646
4260,-2.475,3.3,-0.8250000000000002,50000,8017,0.16034
4261,-2.475,3.3,-0.4124999999999996,50000,8165,0.1633
4262,-2.475,3.3,0.0,50000,8141,0.16282
4263,-2.475,3.3,0.4125000000000005,50000,8125,0.1625
4264,-2.475,3.3,0.8250000000000002,50000,7992,0.15984
4265,-2.475,3.3,1.2375000000000007,50000,7896,0.15792
4266,-2.475,3.3,1.6500000000000004,50000,7685,0.1537
4267,-2.475,3.3,2.0625,50000,7359,0.14718
4268,-2.475,3.3,2.4750000000000005,50000,6993,0.13986
4269,-2.475,3.3,2.8875,50000,6541,0.13082
4270,-2.475,3.3,3.3,50000,6021,0.12042
4271,-2.475,3.3,3.712500000000001,50000,5669,0.11338
4272,-2.475,3.3,4.125000000000001,50000,5503,0.11006
4273,-2.475,3.3,4.5375000000000005,50000,5281,0.10562
4274,-2.475,3.3,4.95,50000,5407,0.10814
4275,-2.475,3.712500000000001,-4.95,50000,5021,0.10042
4276,-2.475,3.712500000000001,-4.5375000000000005,50000,4870,0.0974
4277,-2.475,3.712500000000001,-4.125,50000,5085,0.1017
4278,-2.475,3.712500000000001,-3.7125,50000,5356,0.10712
4279,-2.475,3.712500000000001,-3.3,50000,6106,0.12212
4280,-2.475,3.712500000000001,-2.8875,50000,6774,0.13548
4281,-2.475,3.712500000000001,-2.475,50000,7455,0.1491
4282,-2.475,3.712500000000001,-2.0625,50000,7865,0.1573
4283,-2.475,3.712500000000001,-1.65,50000,8253,0.16506
4284,-2.475,3.712500000000001,-1.2374999999999998,50000,8434,0.16868
4285,-2.475,3.712500000000001,-0.8250000000000002,50000,8665,0.1733
4286,-2.475,3.712500000000001,-0.4124999999999996,50000,8749,0.17498
4287,-2.475,3.712500000000001,0.0,50000,8778,0.17556
4288,-2.475,3.712500000000001,0.4125000000000005,50000,8782,0.17564
4289,-2.475,3.712500000000001,0.8250000000000002,50000,8589,0.17178
4290,-2.475,3.712500000000001,1.2375000000000007,50000,8625,0.1725
4291,-2.475,3.712500000000001,1.6500000000000004,50000,8290,0.1658
4292,-2.475,3.712500000000001,2.0625,50000,7891,0.15782
4293,-2.475,3.712500000000001,2.4750000000000005,50000,7265,0.1453
4294,-2.475,3.712500000000001,2.8875,50000,6718,0.13436
4295,-2.475,3.712500000000001,3.3,50000,5977,0.11954
4296,-2.475,3.712500000000001,3.712500000000001,50000,5422,0.10844
4297,-2.475,3.712500000000001,4.125000000000001,50000,5164,0.10328
4298,-2.475,3.712500000000001,4.5375000000000005,50000,5022,0.10044
4299,-2.475,3.712500000000001,4.95,50000,4948,0.09896
4300,-2.475,4.125000000000001,-4.95,50000,4444,0.08888
4301,-2.475,4.125000000000001,-4.5375000000000005,50000,4318,0.08636
4302,-2.475,4.125000000000001,-4.125,50000,4589,0.09178
4303,-2.475,4.125000000000001,-3.7125,50000,5049,0.10098
4304,-2.475,4.125000000000001,-3.3,50000,5893,0.11786
4305,-2.475,4.125000000000001,-2.8875,50000,7017,0.14034
4306,-2.475,4.125000000000001,-2.475,50000,8153,0.16306
4307,-2.475,4.125000000000001,-2.0625,50000,8854,0.17708
4308,-2.475,4.125000000000001,-1.65,50000,9339,0.18678
4309,-2.475,4.125000000000001,-1.2374999999999998,50000,9384,0.18768
4310,-2.475,4.125000000000001,-0.8250000000000002,50000,9464,0.18928
4311,-2.475,4.125000000000001,-0.4124999999999996,50000,9541,0.19082
4312,-2.475,4.125000000000001,0.0,50000,9478,0.18956
4313,-2.475,4.125000000000001,0.4125000000000005,50000,9522,0.19044
4314,-2.475,4.125000000000001,0.8250000000000002,50000,9605,0.1921
4315,-2.475,4.125000000000001,1.2375000000000007,50000,9470,0.1894
4316,-2.475,4.125000000000001,1.6500000000000004,50000,9156,0.18312
4317,-2.475,4.125000000000001,2.0625,50000,8777,0.17554
4318,-2.475,4.125000000000001,2.4750000000000005,50000,8257,0.16514
4319,-2.475,4.125000000000001,2.8875,50000,7055,0.1411
4320,-2.475,4.125000000000001,3.3,50000,5869,0.11738
4321,-2.475,4.125000000000001,3.712500000000001,50000,5101,0.10202
4322,-2.475,4.125000000000001,4.125000000000001,50000,4480,0.0896
4323,-2.475,4.125000000000001,4.5375000000000005,50000,4425,0.0885
4324,-2.475,4.125000000000001,4.95,50000,4336,0.08672
4325,-2.475,4.5375000000000005,-4.95,50000,3597,0.07194
4326,-2.475,4.5375000000000005,-4.5375000000000005,50000,3585,0.0717
4327,-2.475,4.5375000000000005,-4.125,50000,3570,0.0714
4328,-2.475,4.5375000000000005,-3.7125,50000,4189,0.08378
4329,-2.475,4.5375000000000005,-3.3,50000,5311,0.10622
4330,-2.475,4.5375000000000005,-2.8875,50000,7937,0.15874
4331,-2.475,4.5375000000000005,-2.475,50000,9900,0.198
4332,-2.475,4.5375000000000005,-2.0625,50000,10587,0.21174
4333,-2.475,4.5375000000000005,-1.65,50000,10803,0.21606
4334,-2.475,4.5375000000000005,-1.2374999999999998,50000,11109,0.22218
4335,-2.475,4.5375000000000005,-0.8250000000000002,50000,11065,0.2213
4336,-2.475,4.5375000000000005,-0.4124999999999996,50000,11107,0.22214
4337,-2.475,4.5375000000000005,0.0,50000,11013,0.22026
4338,-2.475,4.5375000000000005,0.4125000000000005,50000,11120,0.2224
4339,-2.475,4.5375000000000005,0.8250000000000002,50000,10942,0.21884
4340,-2.475,4.5375000000000005,1.2375000000000007,50000,11050,0.221
4341,-2.475,4.5375000000000005,1.6500000000000004,50000,10826,0.21652
4342,-2.475,4.5375000000000005,2.0625,50000,10572,0.21144
4343,-2.475,4.5375000000000005,2.4750000000000005,50000,9792,0.19584
4344,-2.475,4.5375000000000005,2.8875,50000,7979,0.15958
4345,-2.475,4.5375000000000005,3.3,50000,5459,0.10918
4346,-2.475,4.5375000000000005,3.712500000000001,50000,4118,0.08236
4347,-2.475,4.5375000000000005,4.125000000000001,50000,3769,0.07538
4348,-2.475,4.5375000000000005,4.5375000000000005,50000,3568,0.07136
4349,-2.475,4.5375000000000005,4.95,50000,3527,0.07054
4350,-2.475,4.95,-4.95,50000,2555,0.0511
4351,-2.475,4.95,-4.5375000000000005,50000,2563,0.05126
4352,-2.475,4.95,-4.125,50000,2662,0.05324
4353,-2.475,4.95,-3.7125,50000,2782,0.05564
4354,-2.475,4.95,-3.3,50000,3142,0.06284
4355,-2.475,4.95,-2.8875,50000,12394,0.24788
4356,-2.475,4.95,-2.475,50000,13535,0.2707
4357,-2.475,4.95,-2.0625,50000,13649,0.27298
4358,-2.475,4.95,-1.65,50000,13780,0.2756
4359,-2.475,4.95,-1.2374999999999998,50000,13846,0.27692
4360,-2.475,4.95,-0.8250000000000002,50000,13731,0.27462
4361,-2.475,4.95,-0.4124999999999996,50000,13760,0.2752
4362,-2.475,4.95,0.0,50000,13738,0.27476
4363,-2.475,4.95,0.4125000000000005,50000,13835,0.2767
4364,-2.475,4.95,0.8250000000000002,50000,13751,0.27502
4365,-2.475,4.95,1.2375000000000007,50000,13608,0.27216
4366,-2.475,4.95,1.6500000000000004,50000,13678,0.27356
4367,-2.475,4.95,2.0625,50000,13799,0.27598
4368,-2.475,4.95,2.4750000000000005,50000,13393,0.26786
4369,-2.475,4.95,2.8875,50000,12280,0.2456
4370,-2.475,4.95,3.3,50000,3159,0.06318
4371,-2.475,4.95,3.712500000000001,50000,2796,0.05592
4372,-2.475,4.95,4.125000000000001,50000,2641,0.05282
4373,-2.475,4.95,4.5375000000000005,50000,2575,0.0515
4374,-2.475,4.95,4.95,50000,2501,0.05002
4375,-2.0625,-4.95,-4.95,50000,5456,0.10912
4376,-2.0625,-4.95,-4.5375000000000005,50000,5668,0.11336
4377,-2.0625,-4.95,-4.125,50000,5746,0.11492
4378,-2.0625,-4.95,-3.7125,50000,5743,0.11486
4379,-2.0625,-4.95,-3.3,50000,5757,0.11514
4380,-2.0625,-4.95,-2.8875,50000,5778,0.11556
4381,-2.0625,-4.95,-2.475,50000,5815,0.1163
4382,-2.0625,-4.95,-2.0625,50000,5842,0.11684
4383,-2.0625,-4.95,-1.65,50000,5745,0.1149
4384,-2.0625,-4.95,-1.2374999999999998,50000,5783,0.11566
4385,-2.0625,-4.95,-0.8250000000000002,50000,5872,0.11744
4386,-2.0625,-4.95,-0.4124999999999996,50000,5963,0.11926
4387,-2.0625,-4.95,0.0,50000,5921,0.11842
4388,-2.0625,-4.95,0.4125000000000005,50000,5898,0.11796
4389,-2.0625,-4.95,0.8250000000000002,50000,6032,0.12064
4390,-2.0625,-4.95,1.2375000000000007,50000,5801,0.11602
4391,-2.0625,-4.95,1.6500000000000004,50000,5750,0.115
4392,-2.0625,-4.95,2.0625,50000,5833,0.11666
4393,-2.0625,-4.95,2.4750000000000005,50000,5849,0.11698
4394,-2.0625,-4.95,2.8875,50000,5781,0.11562
4395,-2.0625,-4.95,3.3,50000,5789,0.11578
4396,-2.0625,-4.95,3.712500000000001,50000,5572,0.11144
4397,-2.0625,-4.95,4.125000000000001,50000,5635,0.1127
4398,-2.0625,-4.95,4.5375000000000005,50000,5813,0.11626
4399,-2.0625,-4.95,4.95,50000,5577,0.11154
4400,-2.0625,-4.5375000000000005,-4.95,50000,5682,0.11364
4401,-2.0625,-4.5375000000000005,-4.5375000000000005,50000,5570,0.1114
4402,-2.0625,-4.5375000000000005,-4.125,50000,5718,0.11436
4403,-2.0625,-4.5375000000000005,-3.7125,50000,5668,0.11336
4404,-2.0625,-4.5375000000000005,-3.3,50000,5770,0.1154
4405,-2.0625,-4.5375000000000005,-2.8875,50000,5789,0.11578
4406,-2.0625,-4.5375000000000005,-2.475,50000,5754,0.11508
4407,-2.0625,-4.5375000000000005,-2.0625,50000,5780,0.1156
4408,-2.0625,-4.5375000000000005,-1.65,50000,5905,0.1181
4409,-2.0625,-4.5375000000000005,-1.2374999999999998,50000,5901,0.11802
4410,-2.0625,-4.5375000000000005,-0.8250000000000002,50000,5864,0.11728
4411,-2.0625,-4.5375000000000005,-0.4124999999999996,50000,5846,0.11692
4412,-2.0625,-4.5375000000000005,0.0,50000,5925,0.1185
4413,-2.0625,-4.5375000000000005,0.4125000000000005,50000,5875,0.1175
4414,-2.0625,-4.5375000000000005,0.8250000000000002,50000,5767,0.11534
4415,-2.0625,-4.5375000000000005,1.2375000000000007,50000,5736,0.11472
4416,-2.0625,-4.5375000000000005,1.6500000000000004,50000,5911,0.11822
4417,-2.0625,-4.5375000000000005,2.0625,50000,5808,0.11616
4418,-2.0625,-4.5375000000000005,2.4750000000000005,50000,5709,0.11418
4419,-2.0625,-4.5375000000000005,2.8875,50000,5844,0.11688
4420,-2.0625,-4.5375000000000005,3.3,50000,5812,0.11624
4421,-2.0625,-4.5375000000000005,3.712500000000001,50000,5721,0.11442
4422,-2.0625,-4.5375000000000005,4.125000000000001,50000,5634,0.11268
4423,-2.0625,-4.5375000000000005,4.5375000000000005,50000,5664,0.11328
4424,-2.0625,-4.5375000000000005,4.95,50000,5606,0.11212
4425,-2.0625,-4.125,-4.95,50000,5654,0.11308
4426,-2.0625,-4.125,-4.5375000000000005,50000,5565,0.1113
4427,-2.0625,-4.125,-4.125,50000,5742,0.11484
4428,-2.0625,-4.125,-3.7125,50000,5688,0.11376
4429,-2.0625,-4.125,-3.3,50000,5781,0.11562
4430,-2.0625,-4.125,-2.8875,50000,5706,0.11412
4431,-2.0625,-4.125,-2.475,50000,5734,0.11468
4432,-2.0625,-4.125,-2.0625,50000,5753,0.11506
4433,-2.0625,-4.125,-1.65,50000,5895,0.1179
4434,-2.0625,-4.125,-1.2374999999999998,50000,5769,0.11538
4435,-2.0625,-4.125,-0.8250000000000002,50000,5987,0.11974
4436,-2.0625,-4.125,-0.4124999999999996,50000,5739,0.11478
4437,-2.0625,-4.125,0.0,50000,5928,0.11856
4438,-2.0625,-4.125,0.4125000000000005,50000,5973,0.11946
4439,-2.0625,-4.125,0.8250000000000002,50000,5797,0.11594
4440,-2.0625,-4.125,1.2375000000000007,50000,5811,0.11622
4441,-2.0625,-4.125,1.6500000000000004,50000,5698,0.11396
4442,-2.0625,-4.125,2.0625,50000,5700,0.114
4443,-2.0625,-4.125,2.4750000000000005,50000,5806,0.11612
4444,-2.0625,-4.125,2.8875,50000,5705,0.1141
4445,-2.0625,-4.125,3.3,50000,5787,0.11574
4446,-2.0625,-4.125,3.712500000000001,50000,5796,0.11592
4447,-2.0625,-4.125,4.125000000000001,50000,5612,0.11224
4448,-2.0625,-4.125,4.5375000000000005,50000,5733,0.11466
4449,-2.0625,-4.125,4.95,50000,5712,0.11424
4450,-2.0625,-3.7125,-4.95,50000,5635,0.1127
4451,-2.0625,-3.7125,-4.5375000000000005,50000,5725,0.1145
4452,-2.0625,-3.7125,-4.125,50000,5611,0.11222
4453,-2.0625,-3.7125,-3.7125,50000,5598,0.11196
4454,-2.0625,-3.7125,-3.3,50000,5748,0.11496
4455,-2.0625,-3.7125,-2.8875,50000,5814,0.11628
4456,-2.0625,-3.7125,-2.475,50000,5832,0.11664
4457,-2.0625,-3.7125,-2.0625,50000,5778,0.11556
4458,-2.0625,-3.7125,-1.65,50000,5818,0.11636
4459,-2.0625,-3.7125,-1.2374999999999998,50000,5750,0.115
4460,-2.0625,-3.7125,-0.8250000000000002,50000,5847,0.11694
4461,-2.0625,-3.7125,-0.4124999999999996,50000,5842,0.11684
4462,-2.0625,-3.7125,0.0,50000,5828,0.11656
4463,-2.0625,-3.7125,0.4125000000000005,50000,5872,0.11744
4464,-2.0625,-3.7125,0.8250000000000002,50000,5892,0.11784
4465,-2.0625,-3.7125,1.2375000000000007,50000,5751,0.11502
4466,-2.0625,-3.7125,1.6500000000000004,50000,5990,0.1198
4467,-2.0625,-3.7125,2.0625,50000,5826,0.11652
4468,-2.0625,-3.7125,2.4750000000000005,50000,5754,0.11508
4469,-2.0625,-3.7125,2.8875,50000,5551,0.11102
4470,-2.0625,-3.7125,3.3,50000,5810,0.1162
4471,-2.0625,-3.7125,3.712500000000001,50000,5612,0.11224
4472,-2.0625,-3.7125,4.125000000000001,50000,5570,0.1114
4473,-2.0625,-3.7125,4.5375000000000005,50000,5748,0.11496
4474,-2.0625,-3.7125,4.95,50000,5694,0.11388
4475,-2.0625,-3.3,-4.95,50000,5693,0.11386
4476,-2.0625,-3.3,-4.5375000000000005,50000,5781,0.11562
4477,-2.0625,-3.3,-4.125,50000,5655,0.1131
4478,-2.0625,-3.3,-3.7125,50000,5913,0.11826
4479,-2.0625,-3.3,-3.3,50000,5806,0.11612
4480,-2.0625,-3.3,-2.8875,50000,5774,0.11548
4481,-2.0625,-3.3,-2.475,50000,5789,0.11578
4482,-2.0625,-3.3,-2.0625,50000,5835,0.1167
4483,-2.0625,-3.3,-1.65,50000,5907,0.11814
4484,-2.0625,-3.3,-1.2374999999999998,50000,5774,0.11548
4485,-2.0625,-3.3,-0.8250000000000002,50000,5817,0.11634
4486,-2.0625,-3.3,-0.4124999999999996,50000,5783,0.11566
4487,-2.0625,-3.3,0.0,50000,5916,0.11832
4488,-2.0625,-3.3,0.4125000000000005,50000,5913,0.11826
4489,-2.0625,-3.3,0.8250000000000002,50000,5789,0.11578
4490,-2.0625,-3.3,1.2375000000000007,50000,5873,0.11746
4491,-2.0625,-3.3,1.6500000000000004,50000,5810,0.1162
4492,-2.0625,-3.3,2.0625,50000,5636,0.11272
4493,-2.0625,-3.3,2.4750000000000005,50000,5893,0.11786
4494,-2.0625,-3.3,2.8875,50000,5887,0.11774
4495,-2.0625,-3.3,3.3,50000,5831,0.11662
4496,-2.0625,-3.3,3.712500000000001,50000,5651,0.11302
4497,-2.0625,-3.3,4.125000000000001,50000,5580,0.1116
4498,-2.0625,-3.3,4.5375000000000005,50000,5787,0.11574
4499,-2.0625,-3.3,4.95,50000,5792,0.11584
4500,-2.0625,-2.8875,-4.95,50000,5827,0.11654
4501,-2.0625,-2.8875,-4.5375000000000005,50000,5757,0.11514
4502,-2.0625,-2.8875,-4.125,50000,5699,0.11398
4503,-2.0625,-2.8875,-3.7125,50000,5660,0.1132
4504,-2.0625,-2.8875,-3.3,50000,5713,0.11426
4505,-2.0625,-2.8875,-2.8875,50000,5692,0.11384
4506,-2.0625,-2.8875,-2.475,50000,5932,0.11864
4507,-2.0625,-2.8875,-2.0625,50000,6048,0.12096
4508,-2.0625,-2.8875,-1.65,50000,5911,0.11822
4509,-2.0625,-2.8875,-1.2374999999999998,50000,5873,0.11746
4510,-2.0625,-2.8875,-0.8250000000000002,50000,5937,0.11874
4511,-2.0625,-2.8875,-0.4124999999999996,50000,5875,0.1175
4512,-2.0625,-2.8875,0.0,50000,5933,0.11866
4513,-2.0625,-2.8875,0.4125000000000005,50000,5982,0.11964
4514,-2.0625,-2.8875,0.8250000000000002,50000,5888,0.11776
4515,-2.0625,-2.8875,1.2375000000000007,50000,5892,0.11784
4516,-2.0625,-2.8875,1.6500000000000004,50000,5961,0.11922
4517,-2.0625,-2.8875,2.0625,50000,5946,0.11892
4518,-2.0625,-2.8875,2.4750000000000005,50000,5848,0.11696
4519,-2.0625,-2.8875,2.8875,50000,5980,0.1196
4520,-2.0625,-2.8875,3.3,50000,5798,0.11596
4521,-2.0625,-2.8875,3.712500000000001,50000,5704,0.11408
4522,-2.0625,-2.8875,4.125000000000001,50000,5813,0.11626
4523,-2.0625,-2.8875,4.5375000000000005,50000,5676,0.11352
4524,-2.0625,-2.8875,4.95,50000,5822,0.11644
4525,-2.0625,-2.475,-4.95,50000,5746,0.11492
4526,-2.0625,-2.475,-4.5375000000000005,50000,5782,0.11564
4527,-2.0625,-2.475,-4.125,50000,5679,0.11358
4528,-2.0625,-2.475,-3.7125,50000,5779,0.11558
4529,-2.0625,-2.475,-3.3,50000,5904,0.11808
4530,-2.0625,-2.475,-2.8875,50000,5865,0.1173
4531,-2.0625,-2.475,-2.475,50000,5821,0.11642
4532,-2.0625,-2.475,-2.0625,50000,5748,0.11496
4533,-2.0625,-2.475,-1.65,50000,5893,0.11786
4534,-2.0625,-2.475,-1.2374999999999998,50000,5890,0.1178
4535,-2.0625,-2.475,-0.8250000000000002,50000,6065,0.1213
4536,-2.0625,-2.475,-0.4124999999999996,50000,5907,0.11814
4537,-2.0625,-2.475,0.0,50000,5946,0.11892
4538,-2.0625,-2.475,0.4125000000000005,50000,5899,0.11798
4539,-2.0625,-2.475,0.8250000000000002,50000,5950,0.119
4540,-2.0625,-2.475,1.2375000000000007,50000,5944,0.11888
4541,-2.0625,-2.475,1.6500000000000004,50000,5957,0.11914
4542,-2.0625,-2.475,2.0625,50000,5945,0.1189
4543,-2.0625,-2.475,2.4750000000000005,50000,5961,0.11922
4544,-2.0625,-2.475,2.8875,50000,5969,0.11938
4545,-2.0625,-2.475,3.3,50000,5728,0.11456
4546,-2.0625,-2.475,3.712500000000001,50000,5952,0.11904
4547,-2.0625,-2.475,4.125000000000001,50000,5705,0.1141
4548,-2.0625,-2.475,4.5375000000000005,50000,5719,0.11438
4549,-2.0625,-2.475,4.95,50000,5795,0.1159
4550,-2.0625,-2.0625,-4.95,50000,5702,0.11404
4551,-2.0625,-2.0625,-4.5375000000000005,50000,5873,0.11746
4552,-2.0625,-2.0625,-4.125,50000,5780,0.1156
4553,-2.0625,-2.0625,-3.7125,50000,5722,0.11444
4554,-2.0625,-2.0625,-3.3,50000,5928,0.11856
4555,-2.0625,-2.0625,-2.8875,50000,5990,0.1198
4556,-2.0625,-2.0625,-2.475,50000,5886,0.11772
4557,-2.0625,-2.0625,-2.0625,50000,5970,0.1194
4558,-2.0625,-2.0625,-1.65,50000,5937,0.11874
4559,-2.0625,-2.0625,-1.2374999999999998,50000,5897,0.11794
4560,-2.0625,-2.0625,-0.8250000000000002,50000,5846,0.11692
4561,-2.0625,-2.0625,-0.4124999999999996,50000,5927,0.11854
4562,-2.0625,-2.0625,0.0,50000,5959,0.11918
4563,-2.0625,-2.0625,0.4125000000000005,50000,5982,0.11964
4564,-2.0625,-2.0625,0.8250000000000002,50000,5970,0.1194
4565,-2.0625,-2.0625,1.2375000000000007,50000,5943,0.11886
4566,-2.0625,-2.0625,1.6500000000000004,50000,5848,0.11696
4567,-2.0625,-2.0625,2.0625,50000,5842,0.11684
4568,-2.0625,-2.0625,2.4750000000000005,50000,5868,0.11736
4569,-2.0625,-2.0625,2.8875,50000,5829,0.11658
4570,-2.0625,-2.0625,3.3,50000,5975,0.1195
4571,-2.0625,-2.0625,3.712500000000001,50000,5812,0.11624
4572,-2.0625,-2.0625,4.125000000000001,50000,5884,0.11768
4573,-2.0625,-2.0625,4.5375000000000005,50000,5841,0.11682
4574,-2.0625,-2.0625,4.95,50000,5770,0.1154
4575,-2.0625,-1.65,-4.95,50000,5789,0.11578
4576,-2.0625,-1.65,-4.5375000000000005,50000,5963,0.11926
4577,-2.0625,-1.65,-4.125,50000,5826,0.11652
4578,-2.0625,-1.65,-3.7125,50000,5958,0.11916
4579,-2.0625,-1.65,-3.3,50000,5920,0.1184
4580,-2.0625,-1.65,-2.8875,50000,5979,0.11958
4581,-2.0625,-1.65,-2.475,50000,5897,0.11794
4582,-2.0625,-1.65,-2.0625,50000,5919,0.11838
4583,-2.0625,-1.65,-1.65,50000,5990,0.1198
4584,-2.0625,-1.65,-1.2374999999999998,50000,5906,0.11812
4585,-2.0625,-1.65,-0.8250000000000002,50000,5891,0.11782
4586,-2.0625,-1.65,-0.4124999999999996,50000,5950,0.119
4587,-2.0625,-1.65,0.0,50000,5975,0.1195
4588,-2.0625,-1.65,0.4125000000000005,50000,5878,0.11756
4589,-2.0625,-1.65,0.8250000000000002,50000,6079,0.12158
4590,-2.0625,-1.65,1.2375000000000007,50000,6087,0.12174
4591,-2.0625,-1.65,1.6500000000000004,50000,6029,0.12058
4592,-2.0625,-1.65,2.0625,50000,5924,0.11848
4593,-2.0625,-1.65,2.4750000000000005,50000,5849,0.11698
4594,-2.0625,-1.65,2.8875,50000,5916,0.11832
4595,-2.0625,-1.65,3.3,50000,5995,0.1199
4596,-2.0625,-1.65,3.712500000000001,50000,5927,0.11854
4597,-2.0625,-1.65,4.125000000000001,50000,5745,0.1149
4598,-2.0625,-1.65,4.5375000000000005,50000,5907,0.11814
4599,-2.0625,-1.65,4.95,50000,5808,0.11616
4600,-2.0625,-1.2374999999999998,-4.95,50000,5936,0.11872
4601,-2.0625,-1.2374999999999998,-4.5375000000000005,50000,5762,0.11524
4602,-2.0625,-1.2374999999999998,-4.125,50000,5947,0.11894
4603,-2.0625,-1.2374999999999998,-3.7125,50000,5850,0.117
4604,-2.0625,-1.2374999999999998,-3.3,50000,5948,0.11896
4605,-2.0625,-1.2374999999999998,-2.8875,50000,5954,0.11908
4606,-2.0625,-1.2374999999999998,-2.475,50000,6053,0.12106
4607,-2.0625,-1.2374999999999998,-2.0625,50000,6080,0.1216
4608,-2.0625,-1.2374999999999998,-1.65,50000,6003,0.12006
4609,-2.0625,-1.2374999999999998,-1.2374999999999998,50000,6246,0.12492
4610,-2.0625,-1.2374999999999998,-0.8250000000000002,50000,6067,0.12134
4611,-2.0625,-1.2374999999999998,-0.4124999999999996,50000,6075,0.1215
4612,-2.0625,-1.2374999999999998,0.0,50000,6117,0.12234
4613,-2.0625,-1.2374999999999998,0.4125000000000005,50000,6077,0.12154
4614,-2.0625,-1.2374999999999998,0.8250000000000002,50000,6077,0.12154
4615,-2.0625,-1.2374999999999998,1.2375000000000007,50000,6076,0.12152
4616,-2.0625,-1.2374999999999998,1.6500000000000004,50000,6130,0.1226
4617,-2.0625,-1.2374999999999998,2.0625,50000,6144,0.12288
4618,-2.0625,-1.2374999999999998,2.4750000000000005,50000,5999,0.11998
4619,-2.0625,-1.2374999999999998,2.8875,50000,5849,0.11698
4620,-2.0625,-1.2374999999999998,3.3,50000,5911,0.11822
4621,-2.0625,-1.2374999999999998,3.712500000000001,50000,5911,0.11822
4622,-2.0625,-1.2374999999999998,4.125000000000001,50000,5897,0.11794
4623,-2.0625,-1.2374999999999998,4.5375000000000005,50000,5830,0.1166
4624,-2.0625,-1.2374999999999998,4.95,50000,5945,0.1189
4625,-2.0625,-0.8250000000000002,-4.95,50000,6055,0.1211
4626,-2.0625,-0.8250000000000002,-4.5375000000000005,50000,5889,0.11778
4627,-2.0625,-0.8250000000000002,-4.125,50000,6020,0.1204
4628,-2.0625,-0.8250000000000002,-3.7125,50000,6081,0.12162
4629,-2.0625,-0.8250000000000002,-3.3,50000,6081,0.12162
4630,-2.0625,-0.8250000000000002,-2.8875,50000,5983,0.11966
4631,-2.0625,-0.8250000000000002,-2.475,50000,6189,0.12378
4632,-2.0625,-0.8250000000000002,-2.0625,50000,6078,0.12156
4633,-2.0625,-0.8250000000000002,-1.65,50000,6112,0.12224
4634,-2.0625,-0.8250000000000002,-1.2374999999999998,50000,6139,0.12278
4635,-2.0625,-0.8250000000000002,-0.8250000000000002,50000,6106,0.12212
4636,-2.0625,-0.8250000000000002,-0.4124999999999996,50000,6138,0.12276
4637,-2.0625,-0.8250000000000002,0.0,50000,6176,0.12352
4638,-2.0625,-0.8250000000000002,0.4125000000000005,50000,6282,0.12564
4639,-2.0625,-0.8250000000000002,0.8250000000000002,50000,6159,0.12318
4640,-2.0625,-0.8250000000000002,1.2375000000000007,50000,6218,0.12436
4641,-2.0625,-0.8250000000000002,1.6500000000000004,50000,6074,0.12148
4642,-2.0625,-0.8250000000000002,2.0625,50000,6079,0.12158
4643,-2.0625,-0.8250000000000002,2.4750000000000005,50000,5951,0.11902
4644,-2.0625,-0.8250000000000002,2.8875,50000,6031,0.12062
4645,-2.0625,-0.8250000000000002,3.3,50000,6111,0.12222
4646,-2.0625,-0.8250000000000002,3.712500000000001,50000,5894,0.11788
4647,-2.0625,-0.8250000000000002,4.125000000000001,50000,6051,0.12102
4648,-2.0625,-0.8250000000000002,4.5375000000000005,50000,5856,0.11712
4649,-2.0625,-0.8250000000000002,4.95,50000,6052,0.12104
4650,-2.0625,-0.4124999999999996,-4.95,50000,5989,0.11978
4651,-2.0625,-0.4124999999999996,-4.5375000000000005,50000,5902,0.11804
4652,-2.0625,-0.4124999999999996,-4.125,50000,6007,0.12014
4653,-2.0625,-0.4124999999999996,-3.7125,50000,5949,0.11898
4654,-2.0625,-0.4124999999999996,-3.3,50000,6003,0.12006
4655,-2.0625,-0.4124999999999996,-2.8875,50000,6084,0.12168
4656,-2.0625,-0.4124999999999996,-2.475,50000,6058,0.12116
4657,-2.0625,-0.4124999999999996,-2.0625,50000,6196,0.12392
4658,-2.0625,-0.4124999999999996,-1.65,50000,6191,0.12382
4659,-2.0625,-0.4124999999999996,-1.2374999999999998,50000,6271,0.12542
4660,-2.0625,-0.4124999999999996,-0.8250000000000002,50000,6361,0.12722
4661,-2.0625,-0.4124999999999996,-0.4124999999999996,50000,6258,0.12516
4662,-2.0625,-0.4124999999999996,0.0,50000,6303,0.12606
4663,-2.0625,-0.4124999999999996,0.4125000000000005,50000,6435,0.1287
4664,-2.0625,-0.4124999999999996,0.8250000000000002,50000,6246,0.12492
4665,-2.0625,-0.4124999999999996,1.2375000000000007,50000,6317,0.12634
4666,-2.0625,-0.4124999999999996,1.6500000000000004,50000,6132,0.12264
4667,-2.0625,-0.4124999999999996,2.0625,50000,6179,0.12358
4668,-2.0625,-0.4124999999999996,2.4750000000000005,50000,6138,0.12276
4669,-2.0625,-0.4124999999999996,2.8875,50000,5981,0.11962
4670,-2.0625,-0.4124999999999996,3.3,50000,6041,0.12082
4671,-2.0625,-0.4124999999999996,3.712500000000001,50000,6087,0.12174
4672,-2.0625,-0.4124999999999996,4.125000000000001,50000,5971,0.11942
4673,-2.0625,-0.4124999999999996,4.5375000000000005,50000,5812,0.11624
4674,-2.0625,-0.4124999999999996,4.95,50000,5963,0.11926
4675,-2.0625,0.0,-4.95,50000,6094,0.12188
4676,-2.0625,0.0,-4.5375000000000005,50000,6002,0.12004
4677,-2.0625,0.0,-4.125,50000,6123,0.12246
4678,-2.0625,0.0,-3.7125,50000,6107,0.12214
4679,-2.0625,0.0,-3.3,50000,6257,0.12514
4680,-2.0625,0.0,-2.8875,50000,6221,0.12442
4681,-2.0625,0.0,-2.475,50000,6111,0.12222
4682,-2.0625,0.0,-2.0625,50000,6296,0.12592
4683,-2.0625,0.0,-1.65,50000,6328,0.12656
4684,-2.0625,0.0,-1.2374999999999998,50000,6380,0.1276
4685,-2.0625,0.0,-0.8250000000000002,50000,6224,0.12448
4686,-2.0625,0.0,-0.4124999999999996,50000,6317,0.12634
4687,-2.0625,0.0,0.0,50000,6376,0.12752
4688,-2.0625,0.0,0.4125000000000005,50000,6458,0.12916
4689,-2.0625,0.0,0.8250000000000002,50000,6269,0.12538
4690,-2.0625,0.0,1.2375000000000007,50000,6225,0.1245
4691,-2.0625,0.0,1.6500000000000004,50000,6232,0.12464
4692,-2.0625,0.0,2.0625,50000,6098,0.12196
4693,-2.0625,0.0,2.4750000000000005,50000,6240,0.1248
4694,-2.0625,0.0,2.8875,50000,6191,0.12382
4695,-2.0625,0.0,3.3,50000,6085,0.1217
4696,-2.0625,0.0,3.712500000000001,50000,6121,0.12242
4697,-2.0625,0.0,4.125000000000001,50000,5995,0.1199
4698,-2.0625,0.0,4.5375000000000005,50000,5985,0.1197
4699,-2.0625,0.0,4.95,50000,6004,0.12008
4700,-2.0625,0.4125000000000005,-4.95,50000,6133,0.12266
4701,-2.0625,0.4125000000000005,-4.5375000000000005,50000,6110,0.1222
4702,-2.0625,0.4125000000000005,-4.125,50000,6062,0.12124
4703,-2.0625,0.4125000000000005,-3.7125,50000,6053,0.12106
4704,-2.0625,0.4125000000000005,-3.3,50000,6155,0.1231
4705,-2.0625,0.4125000000000005,-2.8875,50000,6243,0.12486
4706,-2.0625,0.4125000000000005,-2.475,50000,6202,0.12404
4707,-2.0625,0.4125000000000005,-2.0625,50000,6264,0.12528
4708,-2.0625,0.4125000000000005,-1.65,50000,6424,0.12848
4709,-2.0625,0.4125000000000005,-1.2374999999999998,50000,6470,0.1294
4710,-2.0625,0.4125000000000005,-0.8250000000000002,50000,6479,0.12958
4711,-2.0625,0.4125000000000005,-0.4124999999999996,50000,6502,0.13004
4712,-2.0625,0.4125000000000005,0.0,50000,6688,0.13376
4713,-2.0625,0.4125000000000005,0.4125000000000005,50000,6428,0.12856
4714,-2.0625,0.4125000000000005,0.8250000000000002,50000,6566,0.13132
4715,-2.0625,0.4125000000000005,1.2375000000000007,50000,6570,0.1314
4716,-2.0625,0.4125000000000005,1.6500000000000004,50000,6386,0.12772
4717,-2.0625,0.4125000000000005,2.0625,50000,6282,0.12564
4718,-2.0625,0.4125000000000005,2.4750000000000005,50000,6317,0.12634
4719,-2.0625,0.4125000000000005,2.8875,50000,6161,0.12322
4720,-2.0625,0.4125000000000005,3.3,50000,6219,0.12438
4721,-2.0625,0.4125000000000005,3.712500000000001,50000,6028,0.12056
4722,-2.0625,0.4125000000000005,4.125000000000001,50000,6108,0.12216
4723,-2.0625,0.4125000000000005,4.5375000000000005,50000,6140,0.1228
4724,-2.0625,0.4125000000000005,4.95,50000,6140,0.1228
4725,-2.0625,0.8250000000000002,-4.95,50000,6075,0.1215
4726,-2.0625,0.8250000000000002,-4.5375000000000005,50000,6143,0.12286
4727,-2.0625,0.8250000000000002,-4.125,50000,6228,0.12456
4728,-2.0625,0.8250000000000002,-3.7125,50000,6265,0.1253
4729,-2.0625,0.8250000000000002,-3.3,50000,6364,0.12728
4730,-2.0625,0.8250000000000002,-2.8875,50000,6350,0.127
4731,-2.0625,0.8250000000000002,-2.475,50000,6427,0.12854
4732,-2.0625,0.8250000000000002,-2.0625,50000,6476,0.12952
4733,-2.0625,0.8250000000000002,-1.65,50000,6491,0.12982
4734,-2.0625,0.8250000000000002,-1.2374999999999998,50000,6590,0.1318
4735,-2.0625,0.8250000000000002,-0.8250000000000002,50000,6593,0.13186
4736,-2.0625,0.8250000000000002,-0.4124999999999996,50000,6631,0.13262
4737,-2.0625,0.8250000000000002,0.0,50000,6587,0.13174
4738,-2.0625,0.8250000000000002,0.4125000000000005,50000,6633,0.13266
4739,-2.0625,0.8250000000000002,0.8250000000000002,50000,6586,0.13172
4740,-2.0625,0.8250000000000002,1.2375000000000007,50000,6525,0.1305
4741,-2.0625,0.8250000000000002,1.6500000000000004,50000,6561,0.13122
4742,-2.0625,0.8250000000000002,2.0625,50000,6381,0.12762
4743,-2.0625,0.8250000000000002,2.4750000000000005,50000,6391,0.12782
4744,-2.0625,0.8250000000000002,2.8875,50000,6226,0.12452
4745,-2.0625,0.8250000000000002,3.3,50000,6068,0.12136
4746,-2.0625,0.8250000000000002,3.712500000000001,50000,6082,0.12164
4747,-2.0625,0.8250000000000002,4.125000000000001,50000,6251,0.12502
4748,-2.0625,0.8250000000000002,4.5375000000000005,50000,6057,0.12114
4749,-2.0625,0.8250000000000002,4.95,50000,6017,0.12034
4750,-2.0625,1.2375000000000007,-4.95,50000,6125,0.1225
4751,-2.0625,1.2375000000000007,-4.5375000000000005,50000,6041,0.12082
4752,-2.0625,1.2375000000000007,-4.125,50000,6071,0.12142
4753,-2.0625,1.2375000000000007,-3.7125,50000,6147,0.12294
4754,-2.0625,1.2375000000000007,-3.3,50000,6337,0.12674
4755,-2.0625,1.2375000000000007,-2.8875,50000,6342,0.12684
4756,-2.0625,1.2375000000000007,-2.475,50000,6501,0.13002
4757,-2.0625,1.2375000000000007,-2.0625,50000,6533,0.13066
4758,-2.0625,1.2375000000000007,-1.65,50000,6690,0.1338
4759,-2.0625,1.2375000000000007,-1.2374999999999998,50000,6725,0.1345
4760,-2.0625,1.2375000000000007,-0.8250000000000002,50000,6728,0.13456
4761,-2.0625,1.2375000000000007,-0.4124999999999996,50000,6785,0.1357
4762,-2.0625,1.2375000000000007,0.0,50000,7049,0.14098
4763,-2.0625,1.2375000000000007,0.4125000000000005,50000,6834,0.13668
4764,-2.0625,1.2375000000000007,0.8250000000000002,50000,6727,0.13454
4765,-2.0625,1.2375000000000007,1.2375000000000007,50000,6681,0.13362
4766,-2.0625,1.2375000000000007,1.6500000000000004,50000,6728,0.13456
4767,-2.0625,1.2375000000000007,2.0625,50000,6621,0.13242
4768,-2.0625,1.2375000000000007,2.4750000000000005,50000,6457,0.12914
4769,-2.0625,1.2375000000000007,2.8875,50000,6241,0.12482
4770,-2.0625,1.2375000000000007,3.3,50000,6193,0.12386
4771,-2.0625,1.2375000000000007,3.712500000000001,50000,6196,0.12392
4772,-2.0625,1.2375000000000007,4.125000000000001,50000,6227,0.12454
4773,-2.0625,1.2375000000000007,4.5375000000000005,50000,6180,0.1236
4774,-2.0625,1.2375000000000007,4.95,50000,6151,0.12302
4775,-2.0625,1.6500000000000004,-4.95,50000,6081,0.12162
4776,-2.0625,1.6500000000000004,-4.5375000000000005,50000,5987,0.11974
4777,-2.0625,1.6500000000000004,-4.125,50000,6040,0.1208
4778,-2.0625,1.6500000000000004,-3.7125,50000,6200,0.124
4779,-2.0625,1.6500000000000004,-3.3,50000,6378,0.12756
4780,-2.0625,1.6500000000000004,-2.8875,50000,6365,0.1273
4781,-2.0625,1.6500000000000004,-2.475,50000,6439,0.12878
4782,-2.0625,1.6500000000000004,-2.0625,50000,6659,0.13318
4783,-2.0625,1.6500000000000004,-1.65,50000,6853,0.13706
4784,-2.0625,1.6500000000000004,-1.2374999999999998,50000,7020,0.1404
4785,-2.0625,1.6500000000000004,-0.8250000000000002,50000,6942,0.13884
4786,-2.0625,1.6500000000000004,-0.4124999999999996,50000,7192,0.14384
4787,-2.0625,1.6500000000000004,0.0,50000,7206,0.14412
4788,-2.0625,1.6500000000000004,0.4125000000000005,50000,7023,0.14046
4789,-2.0625,1.6500000000000004,0.8250000000000002,50000,6964,0.13928
4790,-2.0625,1.6500000000000004,1.2375000000000007,50000,6896,0.13792
4791,-2.0625,1.6500000000000004,1.6500000000000004,50000,6820,0.1364
4792,-2.0625,1.6500000000000004,2.0625,50000,6691,0.13382
4793,-2.0625,1.6500000000000004,2.4750000000000005,50000,6610,0.1322
4794,-2.0625,1.6500000000000004,2.8875,50000,6385,0.1277
4795,-2.0625,1.6500000000000004,3.3,50000,6195,0.1239
4796,-2.0625,1.6500000000000004,3.712500000000001,50000,6003,0.12006
4797,-2.0625,1.6500000000000004,4.125000000000001,50000,6198,0.12396
4798,-2.0625,1.6500000000000004,4.5375000000000005,50000,6115,0.1223
4799,-2.0625,1.6500000000000004,4.95,50000,6036,0.12072
4800,-2.0625,2.0625,-4.95,50000,5977,0.11954
4801,-2.0625,2.0625,-4.5375000000000005,50000,6005,0.1201
4802,-2.0625,2.0625,-4.125,50000,5928,0.11856
4803,-2.0625,2.0625,-3.7125,50000,6281,0.12562
4804,-2.0625,2.0625,-3.3,50000,6281,0.12562
4805,-2.0625,2.0625,-2.8875,50000,6585,0.1317
4806,-2.0625,2.0625,-2.475,50000,6846,0.13692
4807,-2.0625,2.0625,-2.0625,50000,6982,0.13964
4808,-2.0625,2.0625,-1.65,50000,7001,0.14002
4809,-2.0625,2.0625,-1.2374999999999998,50000,7302,0.14604
4810,-2.0625,2.0625,-0.8250000000000002,50000,7182,0.14364
4811,-2.0625,2.0625,-0.4124999999999996,50000,7440,0.1488
4812,-2.0625,2.0625,0.0,50000,7381,0.14762
4813,-2.0625,2.0625,0.4125000000000005,50000,7275,0.1455
4814,-2.0625,2.0625,0.8250000000000002,50000,7265,0.1453
4815,-2.0625,2.0625,1.2375000000000007,50000,7239,0.14478
4816,-2.0625,2.0625,1.6500000000000004,50000,7009,0.14018
4817,-2.0625,2.0625,2.0625,50000,7065,0.1413
4818,-2.0625,2.0625,2.4750000000000005,50000,6717,0.13434
4819,-2.0625,2.0625,2.8875,50000,6439,0.12878
4820,-2.0625,2.0625,3.3,50000,6323,0.12646
4821,-2.0625,2.0625,3.712500000000001,50000,6260,0.1252
4822,-2.0625,2.0625,4.125000000000001,50000,6056,0.12112
4823,-2.0625,2.0625,4.5375000000000005,50000,6075,0.1215
4824,-2.0625,2.0625,4.95,50000,6021,0.12042
4825,-2.0625,2.4750000000000005,-4.95,50000,5979,0.11958
4826,-2.0625,2.4750000000000005,-4.5375000000000005,50000,5958,0.11916
4827,-2.0625,2.4750000000000005,-4.125,50000,5970,0.1194
4828,-2.0625,2.4750000000000005,-3.7125,50000,6035,0.1207
4829,-2.0625,2.4750000000000005,-3.3,50000,6353,0.12706
4830,-2.0625,2.4750000000000005,-2.8875,50000,6495,0.1299
4831,-2.0625,2.4750000000000005,-2.475,50000,6970,0.1394
4832,-2.0625,2.4750000000000005,-2.0625,50000,7198,0.14396
4833,-2.0625,2.4750000000000005,-1.65,50000,7365,0.1473
4834,-2.0625,2.4750000000000005,-1.2374999999999998,50000,7567,0.15134
4835,-2.0625,2.4750000000000005,-0.8250000000000002,50000,7567,0.15134
4836,-2.0625,2.4750000000000005,-0.4124999999999996,50000,7602,0.15204
4837,-2.0625,2.4750000000000005,0.0,50000,7673,0.15346
4838,-2.0625,2.4750000000000005,0.4125000000000005,50000,7686,0.15372
4839,-2.0625,2.4750000000000005,0.8250000000000002,50000,7540,0.1508
4840,-2.0625,2.4750000000000005,1.2375000000000007,50000,7486,0.14972
4841,-2.0625,2.4750000000000005,1.6500000000000004,50000,7271,0.14542
4842,-2.0625,2.4750000000000005,2.0625,50000,7033,0.14066
4843,-2.0625,2.4750000000000005,2.4750000000000005,50000,6843,0.13686
4844,-2.0625,2.4750000000000005,2.8875,50000,6621,0.13242
4845,-2.0625,2.4750000000000005,3.3,50000,6456,0.12912
4846,-2.0625,2.4750000000000005,3.712500000000001,50000,6107,0.12214
4847,-2.0625,2.4750000000000005,4.125000000000001,50000,5954,0.11908
4848,-2.0625,2.4750000000000005,4.5375000000000005,50000,5870,0.1174
4849,-2.0625,2.4750000000000005,4.95,50000,5911,0.11822
4850,-2.0625,2.8875,-4.95,50000,5740,0.1148
4851,-2.0625,2.8875,-4.5375000000000005,50000,5757,0.11514
4852,-2.0625,2.8875,-4.125,50000,5852,0.11704
4853,-2.0625,2.8875,-3.7125,50000,5989,0.11978
4854,-2.0625,2.8875,-3.3,50000,6426,0.12852
4855,-2.0625,2.8875,-2.8875,50000,6722,0.13444
4856,-2.0625,2.8875,-2.475,50000,7187,0.14374
4857,-2.0625,2.8875,-2.0625,50000,7363,0.14726
4858,-2.0625,2.8875,-1.65,50000,7686,0.15372
4859,-2.0625,2.8875,-1.2374999999999998,50000,7933,0.15866
4860,-2.0625,2.8875,-0.8250000000000002,50000,8010,0.1602
4861,-2.0625,2.8875,-0.4124999999999996,50000,8060,0.1612
4862,-2.0625,2.8875,0.0,50000,8180,0.1636
4863,-2.0625,2.8875,0.4125000000000005,50000,8013,0.16026
4864,-2.0625,2.8875,0.8250000000000002,50000,8033,0.16066
4865,-2.0625,2.8875,1.2375000000000007,50000,7834,0.15668
4866,-2.0625,2.8875,1.6500000000000004,50000,7612,0.15224
4867,-2.0625,2.8875,2.0625,50000,7264,0.14528
4868,-2.0625,2.8875,2.4750000000000005,50000,6954,0.13908
4869,-2.0625,2.8875,2.8875,50000,6720,0.1344
4870,-2.0625,2.8875,3.3,50000,6402,0.12804
4871,-2.0625,2.8875,3.712500000000001,50000,6000,0.12
4872,-2.0625,2.8875,4.125000000000001,50000,5969,0.11938
4873,-2.0625,2.8875,4.5375000000000005,50000,5734,0.11468
4874,-2.0625,2.8875,4.95,50000,5803,0.11606
4875,-2.0625,3.3,-4.95,50000,5473,0.10946
4876,-2.0625,3.3,-4.5375000000000005,50000,5512,0.11024
4877,-2.0625,3.3,-4.125,50000,5563,0.11126
4878,-2.0625,3.3,-3.7125,50000,5920,0.1184
4879,-2.0625,3.3,-3.3,50000,6444,0.12888
4880,-2.0625,3.3,-2.8875,50000,6935,0.1387
4881,-2.0625,3.3,-2.475,50000,7335,0.1467
4882,-2.0625,3.3,-2.0625,50000,7881,0.15762
4883,-2.0625,3.3,-1.65,50000,8300,0.166
4884,-2.0625,3.3,-1.2374999999999998,50000,8443,0.16886
4885,-2.0625,3.3,-0.8250000000000002,50000,8521,0.17042
4886,-2.0625,3.3,-0.4124999999999996,50000,8531,0.17062
4887,-2.0625,3.3,0.0,50000,8701,0.17402
4888,-2.0625,3.3,0.4125000000000005,50000,8661,0.17322
4889,-2.0625,3.3,0.8250000000000002,50000,8610,0.1722
4890,-2.0625,3.3,1.2375000000000007,50000,8389,0.16778
4891,-2.0625,3.3,1.6500000000000004,50000,8343,0.16686
4892,-2.0625,3.3,2.0625,50000,7844,0.15688
4893,-2.0625,3.3,2.4750000000000005,50000,7513,0.15026
4894,-2.0625,3.3,2.8875,50000,6952,0.13904
4895,-2.0625,3.3,3.3,50000,6294,0.12588
4896,-2.0625,3.3,3.712500000000001,50000,5928,0.11856
4897,-2.0625,3.3,4.125000000000001,50000,5685,0.1137
4898,-2.0625,3.3,4.5375000000000005,50000,5517,0.11034
4899,-2.0625,3.3,4.95,50000,5468,0.10936
4900,-2.0625,3.712500000000001,-4.95,50000,5133,0.10266
4901,-2.0625,3.712500000000001,-4.5375000000000005,50000,5044,0.10088
4902,-2.0625,3.712500000000001,-4.125,50000,5292,0.10584
4903,-2.0625,3.712500000000001,-3.7125,50000,5573,0.11146
4904,-2.0625,3.712500000000001,-3.3,50000,6257,0.12514
4905,-2.0625,3.712500000000001,-2.8875,50000,7223,0.14446
4906,-2.0625,3.712500000000001,-2.475,50000,7782,0.15564
4907,-2.0625,3.712500000000001,-2.0625,50000,8569,0.17138
4908,-2.0625,3.712500000000001,-1.65,50000,8773,0.17546
4909,-2.0625,3.712500000000001,-1.2374999999999998,50000,9235,0.1847
4910,-2.0625,3.712500000000001,-0.8250000000000002,50000,9215,0.1843
4911,-2.0625,3.712500000000001,-0.4124999999999996,50000,9336,0.18672
4912,-2.0625,3.712500000000001,0.0,50000,9467,0.18934
4913,-2.0625,3.712500000000001,0.4125000000000005,50000,9494,0.18988
4914,-2.0625,3.712500000000001,0.8250000000000002,50000,9374,0.18748
4915,-2.0625,3.712500000000001,1.2375000000000007,50000,9178,0.18356
4916,-2.0625,3.712500000000001,1.6500000000000004,50000,8981,0.17962
4917,-2.0625,3.712500000000001,2.0625,50000,8593,0.17186
4918,-2.0625,3.712500000000001,2.4750000000000005,50000,8012,0.16024
4919,-2.0625,3.712500000000001,2.8875,50000,7101,0.14202
4920,-2.0625,3.712500000000001,3.3,50000,6253,0.12506
4921,-2.0625,3.712500000000001,3.712500000000001,50000,5658,0.11316
4922,-2.0625,3.712500000000001,4.125000000000001,50000,5282,0.10564
4923,-2.0625,3.712500000000001,4.5375000000000005,50000,5084,0.10168
4924,-2.0625,3.712500000000001,4.95,50000,5247,0.10494
4925,-2.0625,4.125000000000001,-4.95,50000,4522,0.09044
4926,-2.0625,4.125000000000001,-4.5375000000000005,50000,4498,0.08996
4927,-2.0625,4.125000000000001,-4.125,50000,4610,0.0922
4928,-2.0625,4.125000000000001,-3.7125,50000,5186,0.10372
4929,-2.0625,4.125000000000001,-3.3,50000,6217,0.12434
4930,-2.0625,4.125000000000001,-2.8875,50000,7447,0.14894
4931,-2.0625,4.125000000000001,-2.475,50000,8879,0.17758
4932,-2.0625,4.125000000000001,-2.0625,50000,9702,0.19404
4933,-2.0625,4.125000000000001,-1.65,50000,9930,0.1986
4934,-2.0625,4.125000000000001,-1.2374999999999998,50000,10417,0.20834
4935,-2.0625,4.125000000000001,-0.8250000000000002,50000,10358,0.20716
4936,-2.0625,4.125000000000001,-0.4124999999999996,50000,10580,0.2116
4937,-2.0625,4.125000000000001,0.0,50000,10454,0.20908
4938,-2.0625,4.125000000000001,0.4125000000000005,50000,10606,0.21212
4939,-2.0625,4.125000000000001,0.8250000000000002,50000,10462,0.20924
4940,-2.0625,4.125000000000001,1.2375000000000007,50000,10228,0.20456
4941,-2.0625,4.125000000000001,1.6500000000000004,50000,10098,0.20196
4942,-2.0625,4.125000000000001,2.0625,50000,9534,0.19068
4943,-2.0625,4.125000000000001,2.4750000000000005,50000,8881,0.17762
4944,-2.0625,4.125000000000001,2.8875,50000,7406,0.14812
4945,-2.0625,4.125000000000001,3.3,50000,6165,0.1233
4946,-2.0625,4.125000000000001,3.712500000000001,50000,5160,0.1032
4947,-2.0625,4.125000000000001,4.125000000000001,50000,4803,0.09606
4948,-2.0625,4.125000000000001,4.5375000000000005,50000,4476,0.08952
4949,-2.0625,4.125000000000001,4.95,50000,4364,0.08728
4950,-2.0625,4.5375000000000005,-4.95,50000,3793,0.07586
4951,-2.0625,4.5375000000000005,-4.5375000000000005,50000,3591,0.07182
4952,-2.0625,4.5375000000000005,-4.125,50000,3793,0.07586
4953,-2.0625,4.5375000000000005,-3.7125,50000,4495,0.0899
4954,-2.0625,4.5375000000000005,-3.3,50000,5825,0.1165
4955,-2.0625,4.5375000000000005,-2.8875,50000,8446,0.16892
4956,-2.0625,4.5375000000000005,-2.475,50000,10506,0.21012
4957,-2.0625,4.5375000000000005,-2.0625,50000,11285,0.2257
4958,-2.0625,4.5375000000000005,-1.65,50000,11845,0.2369
4959,-2.0625,4.5375000000000005,-1.2374999999999998,50000,11938,0.23876
4960,-2.0625,4.5375000000000005,-0.8250000000000002,50000,11953,0.23906
4961,-2.0625,4.5375000000000005,-0.4124999999999996,50000,12095,0.2419
4962,-2.0625,4.5375000000000005,0.0,50000,12117,0.24234
4963,-2.0625,4.5375000000000005,0.4125000000000005,50000,11886,0.23772
4964,-2.0625,4.5375000000000005,0.8250000000000002,50000,12044,0.24088
4965,-2.0625,4.5375000000000005,1.2375000000000007,50000,11869,0.23738
4966,-2.0625,4.5375000000000005,1.6500000000000004,50000,11647,0.23294
4967,-2.0625,4.5375000000000005,2.0625,50000,11410,0.2282
4968,-2.0625,4.5375000000000005,2.4750000000000005,50000,10366,0.20732
4969,-2.0625,4.5375000000000005,2.8875,50000,8500,0.17
4970,-2.0625,4.5375000000000005,3.3,50000,5643,0.11286
4971,-2.0625,4.5375000000000005,3.712500000000001,50000,4350,0.087
4972,-2.0625,4.5375000000000005,4.125000000000001,50000,3880,0.0776
4973,-2.0625,4.5375000000000005,4.5375000000000005,50000,3603,0.07206
4974,-2.0625,4.5375000000000005,4.95,50000,3704,0.07408
4975,-2.0625,4.95,-4.95,50000,2641,0.05282
4976,-2.0625,4.95,-4.5375000000000005,50000,2677,0.05354
4977,-2.0625,4.95,-4.125,50000,2713,0.05426
4978,-2.0625,4.95,-3.7125,50000,2796,0.05592
4979,-2.0625,4.95,-3.3,50000,3317,0.06634
4980,-2.0625,4.95,-2.8875,50000,12472,0.24944
4981,-2.0625,4.95,-2.475,50000,13850,0.277
4982,-2.0625,4.95,-2.0625,50000,13800,0.276
4983,-2.0625,4.95,-1.65,50000,13777,0.27554
4984,-2.0625,4.95,-1.2374999999999998,50000,13958,0.27916
4985,-2.0625,4.95,-0.8250000000000002,50000,13936,0.27872
4986,-2.0625,4.95,-0.4124999999999996,50000,13964,0.27928
4987,-2.0625,4.95,0.0,50000,13847,0.27694
4988,-2.0625,4.95,0.4125000000000005,50000,13948,0.27896
4989,-2.0625,4.95,0.8250000000000002,50000,13893,0.27786
4990,-2.0625,4.95,1.2375000000000007,50000,13817,0.27634
4991,-2.0625,4.95,1.6500000000000004,50000,13832,0.27664
4992,-2.0625,4.95,2.0625,50000,13915,0.2783
4993,-2.0625,4.95,2.4750000000000005,50000,13683,0.27366
4994,-2.0625,4.95,2.8875,50000,12495,0.2499
4995,-2.0625,4.95,3.3,50000,3133,0.06266
4996,-2.0625,4.95,3.712500000000001,50000,2766,0.05532
4997,-2.0625,4.95,4.125000000000001,50000,2744,0.05488
4998,-2.0625,4.95,4.5375000000000005,50000,2538,0.05076
4999,-2.0625,4.95,4.95,50000,2503,0.05006
5000,-1.65,-4.95,-4.95,50000,5599,0.11198
5001,-1.65,-4.95,-4.5375000000000005,50000,5685,0.1137
5002,-1.65,-4.95,-4.125,50000,5713,0.11426
5003,-1.65,-4.95,-3.7125,50000,5711,0.11422
5004,-1.65,-4.95,-3.3,50000,5673,0.11346
5005,-1.65,-4.95,-2.8875,50000,5766,0.11532
5006,-1.65,-4.95,-2.475,50000,5893,0.11786
5007,-1.65,-4.95,-2.0625,50000,5847,0.11694
5008,-1.65,-4.95,-1.65,50000,5640,0.1128
5009,-1.65,-4.95,-1.2374999999999998,50000,5932,0.11864
5010,-1.65,-4.95,-0.8250000000000002,50000,5884,0.11768
5011,-1.65,-4.95,-0.4124999999999996,50000,5905,0.1181
5012,-1.65,-4.95,0.0,50000,5836,0.11672
5013,-1.65,-4.95,0.4125000000000005,50000,5999,0.11998
5014,-1.65,-4.95,0.8250000000000002,50000,5913,0.11826
5015,-1.65,-4.95,1.2375000000000007,50000,5861,0.11722
5016,-1.65,-4.95,1.6500000000000004,50000,5712,0.11424
5017,-1.65,-4.95,2.0625,50000,5870,0.1174
5018,-1.65,-4.95,2.4750000000000005,50000,5729,0.11458
5019,-1.65,-4.95,2.8875,50000,5747,0.11494
5020,-1.65,-4.95,3.3,50000,5720,0.1144
5021,-1.65,-4.95,3.712500000000001,50000,5741,0.11482
5022,-1.65,-4.95,4.125000000000001,50000,5671,0.11342
5023,-1.65,-4.95,4.5375000000000005,50000,5688,0.11376
5024,-1.65,-4.95,4.95,50000,5642,0.11284
5025,-1.65,-4.5375000000000005,-4.95,50000,5531,0.11062
5026,-1.65,-4.5375000000000005,-4.5375000000000005,50000,5707,0.11414
5027,-1.65,-4.5375000000000005,-4.125,50000,5708,0.11416
5028,-1.65,-4.5375000000000005,-3.7125,50000,5816,0.11632
5029,-1.65,-4.5375000000000005,-3.3,50000,5734,0.11468
5030,-1.65,-4.5375000000000005,-2.8875,50000,5810,0.1162
5031,-1.65,-4.5375000000000005,-2.475,50000,5870,0.1174
5032,-1.65,-4.5375000000000005,-2.0625,50000,5759,0.11518
5033,-1.65,-4.5375000000000005,-1.65,50000,5734,0.11468
5034,-1.65,-4.5375000000000005,-1.2374999999999998,50000,5960,0.1192
5035,-1.65,-4.5375000000000005,-0.8250000000000002,50000,5820,0.1164
5036,-1.65,-4.5375000000000005,-0.4124999999999996,50000,5772,0.11544
5037,-1.65,-4.5375000000000005,0.0,50000,5832,0.11664
5038,-1.65,-4.5375000000000005,0.4125000000000005,50000,5951,0.11902
5039,-1.65,-4.5375000000000005,0.8250000000000002,50000,5861,0.11722
5040,-1.65,-4.5375000000000005,1.2375000000000007,50000,6040,0.1208
5041,-1.65,-4.5375000000000005,1.6500000000000004,50000,5842,0.11684
5042,-1.65,-4.5375000000000005,2.0625,50000,5703,0.11406
5043,-1.65,-4.5375000000000005,2.4750000000000005,50000,5885,0.1177
5044,-1.65,-4.5375000000000005,2.8875,50000,5922,0.11844
5045,-1.65,-4.5375000000000005,3.3,50000,5679,0.11358
5046,-1.65,-4.5375000000000005,3.712500000000001,50000,5822,0.11644
5047,-1.65,-4.5375000000000005,4.125000000000001,50000,5602,0.11204
5048,-1.65,-4.5375000000000005,4.5375000000000005,50000,5660,0.1132
5049,-1.65,-4.5375000000000005,4.95,50000,5661,0.11322
5050,-1.65,-4.125,-4.95,50000,5743,0.11486
5051,-1.65,-4.125,-4.5375000000000005,50000,5699,0.11398
5052,-1.65,-4.125,-4.125,50000,5675,0.1135
5053,-1.65,-4.125,-3.7125,50000,5684,0.11368
5054,-1.65,-4.125,-3.3,50000,5869,0.11738
5055,-1.65,-4.125,-2.8875,50000,5674,0.11348
5056,-1.65,-4.125,-2.475,50000,5846,0.11692
5057,-1.65,-4.125,-2.0625,50000,5830,0.1166
5058,-1.65,-4.125,-1.65,50000,5768,0.11536
5059,-1.65,-4.125,-1.2374999999999998,50000,5816,0.11632
5060,-1.65,-4.125,-0.8250000000000002,50000,5794,0.11588
5061,-1.65,-4.125,-0.4124999999999996,50000,5854,0.11708
5062,-1.65,-4.125,0.0,50000,5662,0.11324
5063,-1.65,-4.125,0.4125000000000005,50000,5953,0.11906
5064,-1.65,-4.125,0.8250000000000002,50000,5797,0.11594
5065,-1.65,-4.125,1.2375000000000007,50000,5730,0.1146
5066,-1.65,-4.125,1.6500000000000004,50000,5812,0.11624
5067,-1.65,-4.125,2.0625,50000,5735,0.1147
5068,-1.65,-4.125,2.4750000000000005,50000,5756,0.11512
5069,-1.65,-4.125,2.8875,50000,5816,0.11632
5070,-1.65,-4.125,3.3,50000,5652,0.11304
5071,-1.65,-4.125,3.712500000000001,50000,5766,0.11532
5072,-1.65,-4.125,4.125000000000001,50000,5751,0.11502
5073,-1.65,-4.125,4.5375000000000005,50000,5527,0.11054
5074,-1.65,-4.125,4.95,50000,5680,0.1136
5075,-1.65,-3.7125,-4.95,50000,5737,0.11474
5076,-1.65,-3.7125,-4.5375000000000005,50000,5689,0.11378
5077,-1.65,-3.7125,-4.125,50000,5523,0.11046
5078,-1.65,-3.7125,-3.7125,50000,5626,0.11252
5079,-1.65,-3.7125,-3.3,50000,5672,0.11344
5080,-1.65,-3.7125,-2.8875,50000,5846,0.11692
5081,-1.65,-3.7125,-2.475,50000,5915,0.1183
5082,-1.65,-3.7125,-2.0625,50000,5888,0.11776
5083,-1.65,-3.7125,-1.65,50000,5906,0.11812
5084,-1.65,-3.7125,-1.2374999999999998,50000,5873,0.11746
5085,-1.65,-3.7125,-0.8250000000000002,50000,5865,0.1173
5086,-1.65,-3.7125,-0.4124999999999996,50000,5979,0.11958
5087,-1.65,-3.7125,0.0,50000,5773,0.11546
5088,-1.65,-3.7125,0.4125000000000005,50000,5953,0.11906
5089,-1.65,-3.7125,0.8250000000000002,50000,5933,0.11866
5090,-1.65,-3.7125,1.2375000000000007,50000,5893,0.11786
5091,-1.65,-3.7125,1.6500000000000004,50000,5844,0.11688
5092,-1.65,-3.7125,2.0625,50000,5903,0.11806
5093,-1.65,-3.7125,2.4750000000000005,50000,5832,0.11664
5094,-1.65,-3.7125,2.8875,50000,5711,0.11422
5095,-1.65,-3.7125,3.3,50000,5743,0.11486
5096,-1.65,-3.7125,3.712500000000001,50000,5779,0.11558
5097,-1.65,-3.7125,4.125000000000001,50000,5719,0.11438
5098,-1.65,-3.7125,4.5375000000000005,50000,5649,0.11298
5099,-1.65,-3.7125,4.95,50000,5823,0.11646
5100,-1.65,-3.3,-4.95,50000,5679,0.11358
5101,-1.65,-3.3,-4.5375000000000005,50000,5718,0.11436
5102,-1.65,-3.3,-4.125,50000,5825,0.1165
5103,-1.65,-3.3,-3.7125,50000,5731,0.11462
5104,-1.65,-3.3,-3.3,50000,5664,0.11328
5105,-1.65,-3.3,-2.8875,50000,5835,0.1167
5106,-1.65,-3.3,-2.475,50000,5788,0.11576
5107,-1.65,-3.3,-2.0625,50000,5795,0.1159
5108,-1.65,-3.3,-1.65,50000,5806,0.11612
5109,-1.65,-3.3,-1.2374999999999998,50000,5773,0.11546
5110,-1.65,-3.3,-0.8250000000000002,50000,5891,0.11782
5111,-1.65,-3.3,-0.4124999999999996,50000,5929,0.11858
5112,-1.65,-3.3,0.0,50000,5850,0.117
5113,-1.65,-3.3,0.4125000000000005,50000,5836,0.11672
5114,-1.65,-3.3,0.8250000000000002,50000,5665,0.1133
5115,-1.65,-3.3,1.2375000000000007,50000,5728,0.11456
5116,-1.65,-3.3,1.6500000000000004,50000,5855,0.1171
5117,-1.65,-3.3,2.0625,50000,5695,0.1139
5118,-1.65,-3.3,2.4750000000000005,50000,5812,0.11624
5119,-1.65,-3.3,2.8875,50000,5677,0.11354
5120,-1.65,-3.3,3.3,50000,5867,0.11734
5121,-1.65,-3.3,3.712500000000001,50000,5746,0.11492
5122,-1.65,-3.3,4.125000000000001,50000,5758,0.11516
5123,-1.65,-3.3,4.5375000000000005,50000,5710,0.1142
5124,-1.65,-3.3,4.95,50000,5710,0.1142
5125,-1.65,-2.8875,-4.95,50000,5761,0.11522
5126,-1.65,-2.8875,-4.5375000000000005,50000,5607,0.11214
5127,-1.65,-2.8875,-4.125,50000,5797,0.11594
5128,-1.65,-2.8875,-3.7125,50000,5840,0.1168
5129,-1.65,-2.8875,-3.3,50000,5794,0.11588
5130,-1.65,-2.8875,-2.8875,50000,5838,0.11676
5131,-1.65,-2.8875,-2.475,50000,5869,0.11738
5132,-1.65,-2.8875,-2.0625,50000,5743,0.11486
5133,-1.65,-2.8875,-1.65,50000,5769,0.11538
5134,-1.65,-2.8875,-1.2374999999999998,50000,5906,0.11812
5135,-1.65,-2.8875,-0.8250000000000002,50000,5867,0.11734
5136,-1.65,-2.8875,-0.4124999999999996,50000,6004,0.12008
5137,-1.65,-2.8875,0.0,50000,5888,0.11776
5138,-1.65,-2.8875,0.4125000000000005,50000,5961,0.11922
5139,-1.65,-2.8875,0.8250000000000002,50000,5932,0.11864
5140,-1.65,-2.8875,1.2375000000000007,50000,5778,0.11556
5141,-1.65,-2.8875,1.6500000000000004,50000,5797,0.11594
5142,-1.65,-2.8875,2.0625,50000,5999,0.11998
5143,-1.65,-2.8875,2.4750000000000005,50000,5830,0.1166
5144,-1.65,-2.8875,2.8875,50000,5787,0.11574
5145,-1.65,-2.8875,3.3,50000,5852,0.11704
5146,-1.65,-2.8875,3.712500000000001,50000,5734,0.11468
5147,-1.65,-2.8875,4.125000000000001,50000,5750,0.115
5148,-1.65,-2.8875,4.5375000000000005,50000,5826,0.11652
5149,-1.65,-2.8875,4.95,50000,5751,0.11502
5150,-1.65,-2.475,-4.95,50000,5898,0.11796
5151,-1.65,-2.475,-4.5375000000000005,50000,5903,0.11806
5152,-1.65,-2.475,-4.125,50000,5728,0.11456
5153,-1.65,-2.475,-3.7125,50000,5939,0.11878
5154,-1.65,-2.475,-3.3,50000,5838,0.11676
5155,-1.65,-2.475,-2.8875,50000,5940,0.1188
5156,-1.65,-2.475,-2.475,50000,5952,0.11904
5157,-1.65,-2.475,-2.0625,50000,5918,0.11836
5158,-1.65,-2.475,-1.65,50000,5964,0.11928
5159,-1.65,-2.475,-1.2374999999999998,50000,5961,0.11922
5160,-1.65,-2.475,-0.8250000000000002,50000,5939,0.11878
5161,-1.65,-2.475,-0.4124999999999996,50000,5862,0.11724
5162,-1.65,-2.475,0.0,50000,5993,0.11986
5163,-1.65,-2.475,0.4125000000000005,50000,6090,0.1218
5164,-1.65,-2.475,0.8250000000000002,50000,5962,0.11924
5165,-1.65,-2.475,1.2375000000000007,50000,5867,0.11734
5166,-1.65,-2.475,1.6500000000000004,50000,5959,0.11918
5167,-1.65,-2.475,2.0625,50000,5839,0.11678
5168,-1.65,-2.475,2.4750000000000005,50000,5749,0.11498
5169,-1.65,-2.475,2.8875,50000,5804,0.11608
5170,-1.65,-2.475,3.3,50000,5840,0.1168
5171,-1.65,-2.475,3.712500000000001,50000,5767,0.11534
5172,-1.65,-2.475,4.125000000000001,50000,5858,0.11716
5173,-1.65,-2.475,4.5375000000000005,50000,5887,0.11774
5174,-1.65,-2.475,4.95,50000,5839,0.11678
5175,-1.65,-2.0625,-4.95,50000,5794,0.11588
5176,-1.65,-2.0625,-4.5375000000000005,50000,5890,0.1178
5177,-1.65,-2.0625,-4.125,50000,5883,0.11766
5178,-1.65,-2.0625,-3.7125,50000,5856,0.11712
5179,-1.65,-2.0625,-3.3,50000,5805,0.1161
5180,-1.65,-2.0625,-2.8875,50000,5902,0.11804
5181,-1.65,-2.0625,-2.475,50000,5907,0.11814
5182,-1.65,-2.0625,-2.0625,50000,5997,0.11994
5183,-1.65,-2.0625,-1.65,50000,5994,0.11988
5184,-1.65,-2.0625,-1.2374999999999998,50000,5944,0.11888
5185,-1.65,-2.0625,-0.8250000000000002,50000,5954,0.11908
5186,-1.65,-2.0625,-0.4124999999999996,50000,6151,0.12302
5187,-1.65,-2.0625,0.0,50000,6027,0.12054
5188,-1.65,-2.0625,0.4125000000000005,50000,6007,0.12014
5189,-1.65,-2.0625,0.8250000000000002,50000,6003,0.12006
5190,-1.65,-2.0625,1.2375000000000007,50000,5928,0.11856
5191,-1.65,-2.0625,1.6500000000000004,50000,6010,0.1202
5192,-1.65,-2.0625,2.0625,50000,5876,0.11752
5193,-1.65,-2.0625,2.4750000000000005,50000,5951,0.11902
5194,-1.65,-2.0625,2.8875,50000,5918,0.11836
5195,-1.65,-2.0625,3.3,50000,5832,0.11664
5196,-1.65,-2.0625,3.712500000000001,50000,5816,0.11632
5197,-1.65,-2.0625,4.125000000000001,50000,5763,0.11526
5198,-1.65,-2.0625,4.5375000000000005,50000,5894,0.11788
5199,-1.65,-2.0625,4.95,50000,5692,0.11384
5200,-1.65,-1.65,-4.95,50000,5846,0.11692
5201,-1.65,-1.65,-4.5375000000000005,50000,5806,0.11612
5202,-1.65,-1.65,-4.125,50000,5967,0.11934
5203,-1.65,-1.65,-3.7125,50000,5894,0.11788
5204,-1.65,-1.65,-3.3,50000,5881,0.11762
5205,-1.65,-1.65,-2.8875,50000,6025,0.1205
5206,-1.65,-1.65,-2.475,50000,5969,0.11938
5207,-1.65,-1.65,-2.0625,50000,6038,0.12076
5208,-1.65,-1.65,-1.65,50000,5962,0.11924
5209,-1.65,-1.65,-1.2374999999999998,50000,6002,0.12004
5210,-1.65,-1.65,-0.8250000000000002,50000,6157,0.12314
5211,-1.65,-1.65,-0.4124999999999996,50000,5970,0.1194
5212,-1.65,-1.65,0.0,50000,6152,0.12304
5213,-1.65,-1.65,0.4125000000000005,50000,5964,0.11928
5214,-1.65,-1.65,0.8250000000000002,50000,6049,0.12098
5215,-1.65,-1.65,1.2375000000000007,50000,6056,0.12112
5216,-1.65,-1.65,1.6500000000000004,50000,5915,0.1183
5217,-1.65,-1.65,2.0625,50000,5897,0.11794
5218,-1.65,-1.65,2.4750000000000005,50000,5942,0.11884
5219,-1.65,-1.65,2.8875,50000,5952,0.11904
5220,-1.65,-1.65,3.3,50000,5786,0.11572
5221,-1.65,-1.65,3.712500000000001,50000,5927,0.11854
5222,-1.65,-1.65,4.125000000000001,50000,5853,0.11706
5223,-1.65,-1.65,4.5375000000000005,50000,5964,0.11928
5224,-1.65,-1.65,4.95,50000,5937,0.11874
5225,-1.65,-1.2374999999999998,-4.95,50000,5938,0.11876
5226,-1.65,-1.2374999999999998,-4.5375000000000005,50000,5839,0.11678
5227,-1.65,-1.2374999999999998,-4.125,50000,5756,0.11512
5228,-1.65,-1.2374999999999998,-3.7125,50000,5932,0.11864
5229,-1.65,-1.2374999999999998,-3.3,50000,6039,0.12078
5230,-1.65,-1.2374999999999998,-2.8875,50000,5963,0.11926
5231,-1.65,-1.2374999999999998,-2.475,50000,5959,0.11918
5232,-1.65,-1.2374999999999998,-2.0625,50000,5971,0.11942
5233,-1.65,-1.2374999999999998,-1.65,50000,6148,0.12296
5234,-1.65,-1.2374999999999998,-1.2374999999999998,50000,6024,0.12048
5235,-1.65,-1.2374999999999998,-0.8250000000000002,50000,6092,0.12184
5236,-1.65,-1.2374999999999998,-0.4124999999999996,50000,6093,0.12186
5237,-1.65,-1.2374999999999998,0.0,50000,6074,0.12148
5238,-1.65,-1.2374999999999998,0.4125000000000005,50000,5945,0.1189
5239,-1.65,-1.2374999999999998,0.8250000000000002,50000,6085,0.1217
5240,-1.65,-1.2374999999999998,1.2375000000000007,50000,6060,0.1212
5241,-1.65,-1.2374999999999998,1.6500000000000004,50000,6087,0.12174
5242,-1.65,-1.2374999999999998,2.0625,50000,6064,0.12128
5243,-1.65,-1.2374999999999998,2.4750000000000005,50000,6054,0.12108
5244,-1.65,-1.2374999999999998,2.8875,50000,6021,0.12042
5245,-1.65,-1.2374999999999998,3.3,50000,6164,0.12328
5246,-1.65,-1.2374999999999998,3.712500000000001,50000,5975,0.1195
5247,-1.65,-1.2374999999999998,4.125000000000001,50000,6057,0.12114
5248,-1.65,-1.2374999999999998,4.5375000000000005,50000,5925,0.1185
5249,-1.65,-1.2374999999999998,4.95,50000,5927,0.11854
5250,-1.65,-0.8250000000000002,-4.95,50000,5888,0.11776
5251,-1.65,-0.8250000000000002,-4.5375000000000005,50000,5915,0.1183
5252,-1.65,-0.8250000000000002,-4.125,50000,5931,0.11862
5253,-1.65,-0.8250000000000002,-3.7125,50000,5975,0.1195
5254,-1.65,-0.8250000000000002,-3.3,50000,6049,0.12098
5255,-1.65,-0.8250000000000002,-2.8875,50000,5882,0.11764
5256,-1.65,-0.8250000000000002,-2.475,50000,6214,0.12428
5257,-1.65,-0.8250000000000002,-2.0625,50000,6152,0.12304
5258,-1.65,-0.8250000000000002,-1.65,50000,6169,0.12338
5259,-1.65,-0.8250000000000002,-1.2374999999999998,50000,6394,0.12788
5260,-1.65,-0.8250000000000002,-0.8250000000000002,50000,6325,0.1265
5261,-1.65,-0.8250000000000002,-0.4124999999999996,50000,6052,0.12104
5262,-1.65,-0.8250000000000002,0.0,50000,6193,0.12386
5263,-1.65,-0.8250000000000002,0.4125000000000005,50000,6120,0.1224
5264,-1.65,-0.8250000000000002,0.8250000000000002,50000,6298,0.12596
5265,-1.65,-0.8250000000000002,1.2375000000000007,50000,6150,0.123
5266,-1.65,-0.8250000000000002,1.6500000000000004,50000,6203,0.12406
5267,-1.65,-0.8250000000000002,2.0625,50000,6059,0.12118
5268,-1.65,-0.8250000000000002,2.4750000000000005,50000,6130,0.1226
5269,-1.65,-0.8250000000000002,2.8875,50000,5885,0.1177
5270,-1.65,-0.8250000000000002,3.3,50000,5957,0.11914
5271,-1.65,-0.8250000000000002,3.712500000000001,50000,6124,0.12248
5272,-1.65,-0.8250000000000002,4.125000000000001,50000,5960,0.1192
5273,-1.65,-0.8250000000000002,4.5375000000000005,50000,5948,0.11896
5274,-1.65,-0.8250000000000002,4.95,50000,5870,0.1174
5275,-1.65,-0.4124999999999996,-4.95,50000,5921,0.11842
5276,-1.65,-0.4124999999999996,-4.5375000000000005,50000,6029,0.12058
5277,-1.65,-0.4124999999999996,-4.125,50000,5927,0.11854
5278,-1.65,-0.4124999999999996,-3.7125,50000,6081,0.12162
5279,-1.65,-0.4124999999999996,-3.3,50000,6115,0.1223
5280,-1.65,-0.4124999999999996,-2.8875,50000,6101,0.12202
5281,-1.65,-0.4124999999999996,-2.475,50000,6296,0.12592
5282,-1.65,-0.4124999999999996,-2.0625,50000,6232,0.12464
5283,-1.65,-0.4124999999999996,-1.65,50000,6207,0.12414
5284,-1.65,-0.4124999999999996,-1.2374999999999998,50000,6357,0.12714
5285,-1.65,-0.4124999999999996,-0.8250000000000002,50000,6179,0.12358
5286,-1.65,-0.4124999999999996,-0.4124999999999996,50000,6225,0.1245
5287,-1.65,-0.4124999999999996,0.0,50000,6463,0.12926
5288,-1.65,-0.4124999999999996,0.4125000000000005,50000,6309,0.12618
5289,-1.65,-0.4124999999999996,0.8250000000000002,50000,6267,0.12534
5290,-1.65,-0.4124999999999996,1.2375000000000007,50000,6124,0.12248
5291,-1.65,-0.4124999999999996,1.6500000000000004,50000,6192,0.12384
5292,-1.65,-0.4124999999999996,2.0625,50000,6279,0.12558
5293,-1.65,-0.4124999999999996,2.4750000000000005,50000,6116,0.12232
5294,-1.65,-0.4124999999999996,2.8875,50000,6101,0.12202
5295,-1.65,-0.4124999999999996,3.3,50000,6174,0.12348
5296,-1.65,-0.4124999999999996,3.712500000000001,50000,5922,0.11844
5297,-1.65,-0.4124999999999996,4.125000000000001,50000,6001,0.12002
5298,-1.65,-0.4124999999999996,4.5375000000000005,50000,6099,0.12198
5299,-1.65,-0.4124999999999996,4.95,50000,6057,0.12114
5300,-1.65,0.0,-4.95,50000,6108,0.12216
5301,-1.65,0.0,-4.5375000000000005,50000,6131,0.12262
5302,-1.65,0.0,-4.125,50000,6008,0.12016
5303,-1.65,0.0,-3.7125,50000,6206,0.12412
5304,-1.65,0.0,-3.3,50000,6178,0.12356
5305,-1.65,0.0,-2.8875,50000,6082,0.12164
5306,-1.65,0.0,-2.475,50000,6364,0.12728
5307,-1.65,0.0,-2.0625,50000,6307,0.12614
5308,-1.65,0.0,-1.65,50000,6383,0.12766
5309,-1.65,0.0,-1.2374999999999998,50000,6314,0.12628
5310,-1.65,0.0,-0.8250000000000002,50000,6372,0.12744
5311,-1.65,0.0,-0.4124999999999996,50000,6345,0.1269
5312,-1.65,0.0,0.0,50000,6381,0.12762
5313,-1.65,0.0,0.4125000000000005,50000,6390,0.1278
5314,-1.65,0.0,0.8250000000000002,50000,6441,0.12882
5315,-1.65,0.0,1.2375000000000007,50000,6340,0.1268
5316,-1.65,0.0,1.6500000000000004,50000,6299,0.12598
5317,-1.65,0.0,2.0625,50000,6329,0.12658
5318,-1.65,0.0,2.4750000000000005,50000,6157,0.12314
5319,-1.65,0.0,2.8875,50000,6122,0.12244
5320,-1.65,0.0,3.3,50000,6158,0.12316
5321,-1.65,0.0,3.712500000000001,50000,6167,0.12334
5322,-1.65,0.0,4.125000000000001,50000,6061,0.12122
5323,-1.65,0.0,4.5375000000000005,50000,6097,0.12194
5324,-1.65,0.0,4.95,50000,5930,0.1186
5325,-1.65,0.4125000000000005,-4.95,50000,6075,0.1215
5326,-1.65,0.4125000000000005,-4.5375000000000005,50000,6247,0.12494
5327,-1.65,0.4125000000000005,-4.125,50000,6173,0.12346
5328,-1.65,0.4125000000000005,-3.7125,50000,6167,0.12334
5329,-1.65,0.4125000000000005,-3.3,50000,6200,0.124
5330,-1.65,0.4125000000000005,-2.8875,50000,6226,0.12452
5331,-1.65,0.4125000000000005,-2.475,50000,6338,0.12676
5332,-1.65,0.4125000000000005,-2.0625,50000,6354,0.12708
5333,-1.65,0.4125000000000005,-1.65,50000,6483,0.12966
5334,-1.65,0.4125000000000005,-1.2374999999999998,50000,6468,0.12936
5335,-1.65,0.4125000000000005,-0.8250000000000002,50000,6537,0.13074
5336,-1.65,0.4125000000000005,-0.4124999999999996,50000,6658,0.13316
5337,-1.65,0.4125000000000005,0.0,50000,6613,0.13226
5338,-1.65,0.4125000000000005,0.4125000000000005,50000,6474,0.12948
5339,-1.65,0.4125000000000005,0.8250000000000002,50000,6518,0.13036
5340,-1.65,0.4125000000000005,1.2375000000000007,50000,6440,0.1288
5341,-1.65,0.4125000000000005,1.6500000000000004,50000,6522,0.13044
5342,-1.65,0.4125000000000005,2.0625,50000,6528,0.13056
5343,-1.65,0.4125000000000005,2.4750000000000005,50000,6459,0.12918
5344,-1.65,0.4125000000000005,2.8875,50000,6328,0.12656
5345,-1.65,0.4125000000000005,3.3,50000,6204,0.12408
5346,-1.65,0.4125000000000005,3.712500000000001,50000,6140,0.1228
5347,-1.65,0.4125000000000005,4.125000000000001,50000,6002,0.12004
5348,-1.65,0.4125000000000005,4.5375000000000005,50000,5971,0.11942
5349,-1.65,0.4125000000000005,4.95,50000,6202,0.12404
5350,-1.65,0.8250000000000002,-4.95,50000,5992,0.11984
5351,-1.65,0.8250000000000002,-4.5375000000000005,50000,6205,0.1241
5352,-1.65,0.8250000000000002,-4.125,50000,5999,0.11998
5353,-1.65,0.8250000000000002,-3.7125,50000,6201,0.12402
5354,-1.65,0.8250000000000002,-3.3,50000,6028,0.12056
5355,-1.65,0.8250000000000002,-2.8875,50000,6206,0.12412
5356,-1.65,0.8250000000000002,-2.475,50000,6405,0.1281
5357,-1.65,0.8250000000000002,-2.0625,50000,6532,0.13064
5358,-1.65,0.8250000000000002,-1.65,50000,6513,0.13026
5359,-1.65,0.8250000000000002,-1.2374999999999998,50000,6704,0.13408
5360,-1.65,0.8250000000000002,-0.8250000000000002,50000,6599,0.13198
5361,-1.65,0.8250000000000002,-0.4124999999999996,50000,6630,0.1326
5362,-1.65,0.8250000000000002,0.0,50000,6797,0.13594
5363,-1.65,0.8250000000000002,0.4125000000000005,50000,6725,0.1345
5364,-1.65,0.8250000000000002,0.8250000000000002,50000,6701,0.13402
5365,-1.65,0.8250000000000002,1.2375000000000007,50000,6574,0.13148
5366,-1.65,0.8250000000000002,1.6500000000000004,50000,6519,0.13038
5367,-1.65,0.8250000000000002,2.0625,50000,6554,0.13108
5368,-1.65,0.8250000000000002,2.4750000000000005,50000,6349,0.12698
5369,-1.65,0.8250000000000002,2.8875,50000,6292,0.12584
5370,-1.65,0.8250000000000002,3.3,50000,6261,0.12522
5371,-1.65,0.8250000000000002,3.712500000000001,50000,6260,0.1252
5372,-1.65,0.8250000000000002,4.125000000000001,50000,6086,0.12172
5373,-1.65,0.8250000000000002,4.5375000000000005,50000,6270,0.1254
5374,-1.65,0.8250000000000002,4.95,50000,6000,0.12
5375,-1.65,1.2375000000000007,-4.95,50000,6241,0.12482
5376,-1.65,1.2375000000000007,-4.5375000000000005,50000,6245,0.1249
5377,-1.65,1.2375000000000007,-4.125,50000,6167,0.12334
5378,-1.65,1.2375000000000007,-3.7125,50000,6188,0.12376
5379,-1.65,1.2375000000000007,-3.3,50000,6357,0.12714
5380,-1.65,1.2375000000000007,-2.8875,50000,6246,0.12492
5381,-1.65,1.2375000000000007,-2.475,50000,6616,0.13232
5382,-1.65,1.2375000000000007,-2.0625,50000,6532,0.13064
5383,-1.65,1.2375000000000007,-1.65,50000,6781,0.13562
5384,-1.65,1.2375000000000007,-1.2374999999999998,50000,6796,0.13592
5385,-1.65,1.2375000000000007,-0.8250000000000002,50000,6871,0.13742
5386,-1.65,1.2375000000000007,-0.4124999999999996,50000,6956,0.13912
5387,-1.65,1.2375000000000007,0.0,50000,7011,0.14022
5388,-1.65,1.2375000000000007,0.4125000000000005,50000,6969,0.13938
5389,-1.65,1.2375000000000007,0.8250000000000002,50000,6814,0.13628
5390,-1.65,1.2375000000000007,1.2375000000000007,50000,6854,0.13708
5391,-1.65,1.2375000000000007,1.6500000000000004,50000,6821,0.13642
5392,-1.65,1.2375000000000007,2.0625,50000,6724,0.13448
5393,-1.65,1.2375000000000007,2.4750000000000005,50000,6420,0.1284
5394,-1.65,1.2375000000000007,2.8875,50000,6376,0.12752
5395,-1.65,1.2375000000000007,3.3,50000,6356,0.12712
5396,-1.65,1.2375000000000007,3.712500000000001,50000,6250,0.125
5397,-1.65,1.2375000000000007,4.125000000000001,50000,6157,0.12314
5398,-1.65,1.2375000000000007,4.5375000000000005,50000,6091,0.12182
5399,-1.65,1.2375000000000007,4.95,50000,6150,0.123
5400,-1.65,1.6500000000000004,-4.95,50000,6191,0.12382
5401,-1.65,1.6500000000000004,-4.5375000000000005,50000,6125,0.1225
5402,-1.65,1.6500000000000004,-4.125,50000,6208,0.12416
5403,-1.65,1.6500000000000004,-3.7125,50000,6214,0.12428
5404,-1.65,1.6500000000000004,-3.3,50000,6442,0.12884
5405,-1.65,1.6500000000000004,-2.8875,50000,6451,0.12902
5406,-1.65,1.6500000000000004,-2.475,50000,6690,0.1338
5407,-1.65,1.6500000000000004,-2.0625,50000,6866,0.13732
5408,-1.65,1.6500000000000004,-1.65,50000,6849,0.13698
5409,-1.65,1.6500000000000004,-1.2374999999999998,50000,7074,0.14148
5410,-1.65,1.6500000000000004,-0.8250000000000002,50000,7272,0.14544
5411,-1.65,1.6500000000000004,-0.4124999999999996,50000,7214,0.14428
5412,-1.65,1.6500000000000004,0.0,50000,7134,0.14268
5413,-1.65,1.6500000000000004,0.4125000000000005,50000,7244,0.14488
5414,-1.65,1.6500000000000004,0.8250000000000002,50000,7177,0.14354
5415,-1.65,1.6500000000000004,1.2375000000000007,50000,6908,0.13816
5416,-1.65,1.6500000000000004,1.6500000000000004,50000,6935,0.1387
5417,-1.65,1.6500000000000004,2.0625,50000,6841,0.13682
5418,-1.65,1.6500000000000004,2.4750000000000005,50000,6661,0.13322
5419,-1.65,1.6500000000000004,2.8875,50000,6527,0.13054
5420,-1.65,1.6500000000000004,3.3,50000,6453,0.12906
5421,-1.65,1.6500000000000004,3.712500000000001,50000,6234,0.12468
5422,-1.65,1.6500000000000004,4.125000000000001,50000,6191,0.12382
5423,-1.65,1.6500000000000004,4.5375000000000005,50000,6139,0.12278
5424,-1.65,1.6500000000000004,4.95,50000,6137,0.12274
5425,-1.65,2.0625,-4.95,50000,5973,0.11946
5426,-1.65,2.0625,-4.5375000000000005,50000,6217,0.12434
5427,-1.65,2.0625,-4.125,50000,6143,0.12286
5428,-1.65,2.0625,-3.7125,50000,6186,0.12372
5429,-1.65,2.0625,-3.3,50000,6418,0.12836
5430,-1.65,2.0625,-2.8875,50000,6786,0.13572
5431,-1.65,2.0625,-2.475,50000,6872,0.13744
5432,-1.65,2.0625,-2.0625,50000,7026,0.14052
5433,-1.65,2.0625,-1.65,50000,7235,0.1447
5434,-1.65,2.0625,-1.2374999999999998,50000,7330,0.1466
5435,-1.65,2.0625,-0.8250000000000002,50000,7462,0.14924
5436,-1.65,2.0625,-0.4124999999999996,50000,7545,0.1509
5437,-1.65,2.0625,0.0,50000,7522,0.15044
5438,-1.65,2.0625,0.4125000000000005,50000,7505,0.1501
5439,-1.65,2.0625,0.8250000000000002,50000,7566,0.15132
5440,-1.65,2.0625,1.2375000000000007,50000,7392,0.14784
5441,-1.65,2.0625,1.6500000000000004,50000,7179,0.14358
5442,-1.65,2.0625,2.0625,50000,6926,0.13852
5443,-1.65,2.0625,2.4750000000000005,50000,6877,0.13754
5444,-1.65,2.0625,2.8875,50000,6674,0.13348
5445,-1.65,2.0625,3.3,50000,6549,0.13098
5446,-1.65,2.0625,3.712500000000001,50000,6402,0.12804
5447,-1.65,2.0625,4.125000000000001,50000,6222,0.12444
5448,-1.65,2.0625,4.5375000000000005,50000,6144,0.12288
5449,-1.65,2.0625,4.95,50000,6106,0.12212
5450,-1.65,2.4750000000000005,-4.95,50000,6115,0.1223
5451,-1.65,2.4750000000000005,-4.5375000000000005,50000,6030,0.1206
5452,-1.65,2.4750000000000005,-4.125,50000,6193,0.12386
5453,-1.65,2.4750000000000005,-3.7125,50000,6213,0.12426
5454,-1.65,2.4750000000000005,-3.3,50000,6549,0.13098
5455,-1.65,2.4750000000000005,-2.8875,50000,6920,0.1384
5456,-1.65,2.4750000000000005,-2.475,50000,7184,0.14368
5457,-1.65,2.4750000000000005,-2.0625,50000,7216,0.14432
5458,-1.65,2.4750000000000005,-1.65,50000,7489,0.14978
5459,-1.65,2.4750000000000005,-1.2374999999999998,50000,7755,0.1551
5460,-1.65,2.4750000000000005,-0.8250000000000002,50000,7761,0.15522
5461,-1.65,2.4750000000000005,-0.4124999999999996,50000,8019,0.16038
5462,-1.65,2.4750000000000005,0.0,50000,7954,0.15908
5463,-1.65,2.4750000000000005,0.4125000000000005,50000,8020,0.1604
5464,-1.65,2.4750000000000005,0.8250000000000002,50000,7905,0.1581
5465,-1.65,2.4750000000000005,1.2375000000000007,50000,7722,0.15444
5466,-1.65,2.4750000000000005,1.6500000000000004,50000,7481,0.14962
5467,-1.65,2.4750000000000005,2.0625,50000,7221,0.14442
5468,-1.65,2.4750000000000005,2.4750000000000005,50000,7048,0.14096
5469,-1.65,2.4750000000000005,2.8875,50000,6863,0.13726
5470,-1.65,2.4750000000000005,3.3,50000,6566,0.13132
5471,-1.65,2.4750000000000005,3.712500000000001,50000,6245,0.1249
5472,-1.65,2.4750000000000005,4.125000000000001,50000,6239,0.12478
5473,-1.65,2.4750000000000005,4.5375000000000005,50000,6067,0.12134
5474,-1.65,2.4750000000000005,4.95,50000,5958,0.11916
5475,-1.65,2.8875,-4.95,50000,5958,0.11916
5476,-1.65,2.8875,-4.5375000000000005,50000,5825,0.1165
5477,-1.65,2.8875,-4.125,50000,5928,0.11856
5478,-1.65,2.8875,-3.7125,50000,6217,0.12434
5479,-1.65,2.8875,-3.3,50000,6521,0.13042
5480,-1.65,2.8875,-2.8875,50000,6937,0.13874
5481,-1.65,2.8875,-2.475,50000,7376,0.14752
5482,-1.65,2.8875,-2.0625,50000,7680,0.1536
5483,-1.65,2.8875,-1.65,50000,8004,0.16008
5484,-1.65,2.8875,-1.2374999999999998,50000,8107,0.16214
5485,-1.65,2.8875,-0.8250000000000002,50000,8330,0.1666
5486,-1.65,2.8875,-0.4124999999999996,50000,8285,0.1657
5487,-1.65,2.8875,0.0,50000,8450,0.169
5488,-1.65,2.8875,0.4125000000000005,50000,8179,0.16358
5489,-1.65,2.8875,0.8250000000000002,50000,8287,0.16574
5490,-1.65,2.8875,1.2375000000000007,50000,8196,0.16392
5491,-1.65,2.8875,1.6500000000000004,50000,8001,0.16002
5492,-1.65,2.8875,2.0625,50000,7611,0.15222
5493,-1.65,2.8875,2.4750000000000005,50000,7285,0.1457
5494,-1.65,2.8875,2.8875,50000,6921,0.13842
5495,-1.65,2.8875,3.3,50000,6516,0.13032
5496,-1.65,2.8875,3.712500000000001,50000,6245,0.1249
5497,-1.65,2.8875,4.125000000000001,50000,6025,0.1205
5498,-1.65,2.8875,4.5375000000000005,50000,5789,0.11578
5499,-1.65,2.8875,4.95,50000,5898,0.11796
5500,-1.65,3.3,-4.95,50000,5660,0.1132
5501,-1.65,3.3,-4.5375000000000005,50000,5565,0.1113
5502,-1.65,3.3,-4.125,50000,5817,0.11634
5503,-1.65,3.3,-3.7125,50000,6149,0.12298
5504,-1.65,3.3,-3.3,50000,6642,0.13284
5505,-1.65,3.3,-2.8875,50000,7097,0.14194
5506,-1.65,3.3,-2.475,50000,7731,0.15462
5507,-1.65,3.3,-2.0625,50000,8173,0.16346
5508,-1.65,3.3,-1.65,50000,8484,0.16968
5509,-1.65,3.3,-1.2374999999999998,50000,8695,0.1739
5510,-1.65,3.3,-0.8250000000000002,50000,8927,0.17854
5511,-1.65,3.3,-0.4124999999999996,50000,9052,0.18104
5512,-1.65,3.3,0.0,50000,9143,0.18286
5513,-1.65,3.3,0.4125000000000005,50000,9024,0.18048
5514,-1.65,3.3,0.8250000000000002,50000,8858,0.17716
5515,-1.65,3.3,1.2375000000000007,50000,8885,0.1777
5516,-1.65,3.3,1.6500000000000004,50000,8646,0.17292
5517,-1.65,3.3,2.0625,50000,8274,0.16548
5518,-1.65,3.3,2.4750000000000005,50000,7722,0.15444
5519,-1.65,3.3,2.8875,50000,7077,0.14154
5520,-1.65,3.3,3.3,50000,6643,0.13286
5521,-1.65,3.3,3.712500000000001,50000,6190,0.1238
5522,-1.65,3.3,4.125000000000001,50000,5893,0.11786
5523,-1.65,3.3,4.5375000000000005,50000,5667,0.11334
5524,-1.65,3.3,4.95,50000,5684,0.11368
5525,-1.65,3.712500000000001,-4.95,50000,5213,0.10426
5526,-1.65,3.712500000000001,-4.5375000000000005,50000,5246,0.10492
5527,-1.65,3.712500000000001,-4.125,50000,5406,0.10812
5528,-1.65,3.712500000000001,-3.7125,50000,5836,0.11672
5529,-1.65,3.712500000000001,-3.3,50000,6402,0.12804
5530,-1.65,3.712500000000001,-2.8875,50000,7420,0.1484
5531,-1.65,3.712500000000001,-2.475,50000,8237,0.16474
5532,-1.65,3.712500000000001,-2.0625,50000,8993,0.17986
5533,-1.65,3.712500000000001,-1.65,50000,9341,0.18682
5534,-1.65,3.712500000000001,-1.2374999999999998,50000,9506,0.19012
5535,-1.65,3.712500000000001,-0.8250000000000002,50000,9995,0.1999
5536,-1.65,3.712500000000001,-0.4124999999999996,50000,9813,0.19626
5537,-1.65,3.712500000000001,0.0,50000,10103,0.20206
5538,-1.65,3.712500000000001,0.4125000000000005,50000,9958,0.19916
5539,-1.65,3.712500000000001,0.8250000000000002,50000,9812,0.19624
5540,-1.65,3.712500000000001,1.2375000000000007,50000,9770,0.1954
5541,-1.65,3.712500000000001,1.6500000000000004,50000,9224,0.18448
5542,-1.65,3.712500000000001,2.0625,50000,8789,0.17578
5543,-1.65,3.712500000000001,2.4750000000000005,50000,8309,0.16618
5544,-1.65,3.712500000000001,2.8875,50000,7394,0.14788
5545,-1.65,3.712500000000001,3.3,50000,6526,0.13052
5546,-1.65,3.712500000000001,3.712500000000001,50000,5815,0.1163
5547,-1.65,3.712500000000001,4.125000000000001,50000,5473,0.10946
5548,-1.65,3.712500000000001,4.5375000000000005,50000,5295,0.1059
5549,-1.65,3.712500000000001,4.95,50000,5221,0.10442
5550,-1.65,4.125000000000001,-4.95,50000,4512,0.09024
5551,-1.65,4.125000000000001,-4.5375000000000005,50000,4612,0.09224
5552,-1.65,4.125000000000001,-4.125,50000,4826,0.09652
5553,-1.65,4.125000000000001,-3.7125,50000,5376,0.10752
5554,-1.65,4.125000000000001,-3.3,50000,6355,0.1271
5555,-1.65,4.125000000000001,-2.8875,50000,7915,0.1583
5556,-1.65,4.125000000000001,-2.475,50000,9199,0.18398
5557,-1.65,4.125000000000001,-2.0625,50000,9917,0.19834
5558,-1.65,4.125000000000001,-1.65,50000,10470,0.2094
5559,-1.65,4.125000000000001,-1.2374999999999998,50000,10781,0.21562
5560,-1.65,4.125000000000001,-0.8250000000000002,50000,11045,0.2209
5561,-1.65,4.125000000000001,-0.4124999999999996,50000,11073,0.22146
5562,-1.65,4.125000000000001,0.0,50000,11058,0.22116
5563,-1.65,4.125000000000001,0.4125000000000005,50000,10988,0.21976
5564,-1.65,4.125000000000001,0.8250000000000002,50000,10911,0.21822
5565,-1.65,4.125000000000001,1.2375000000000007,50000,10807,0.21614
5566,-1.65,4.125000000000001,1.6500000000000004,50000,10507,0.21014
5567,-1.65,4.125000000000001,2.0625,50000,9995,0.1999
5568,-1.65,4.125000000000001,2.4750000000000005,50000,9315,0.1863
5569,-1.65,4.125000000000001,2.8875,50000,7845,0.1569
5570,-1.65,4.125000000000001,3.3,50000,6405,0.1281
5571,-1.65,4.125000000000001,3.712500000000001,50000,5442,0.10884
5572,-1.65,4.125000000000001,4.125000000000001,50000,4905,0.0981
5573,-1.65,4.125000000000001,4.5375000000000005,50000,4560,0.0912
5574,-1.65,4.125000000000001,4.95,50000,4583,0.09166
5575,-1.65,4.5375000000000005,-4.95,50000,3742,0.07484
5576,-1.65,4.5375000000000005,-4.5375000000000005,50000,3617,0.07234
5577,-1.65,4.5375000000000005,-4.125,50000,3891,0.07782
5578,-1.65,4.5375000000000005,-3.7125,50000,4478,0.08956
5579,-1.65,4.5375000000000005,-3.3,50000,5850,0.117
5580,-1.65,4.5375000000000005,-2.8875,50000,8695,0.1739
5581,-1.65,4.5375000000000005,-2.475,50000,10923,0.21846
5582,-1.65,4.5375000000000005,-2.0625,50000,11678,0.23356
5583,-1.65,4.5375000000000005,-1.65,50000,12054,0.24108
5584,-1.65,4.5375000000000005,-1.2374999999999998,50000,12225,0.2445
5585,-1.65,4.5375000000000005,-0.8250000000000002,50000,12346,0.24692
5586,-1.65,4.5375000000000005,-0.4124999999999996,50000,12446,0.24892
5587,-1.65,4.5375000000000005,0.0,50000,12349,0.24698
5588,-1.65,4.5375000000000005,0.4125000000000005,50000,12270,0.2454
5589,-1.65,4.5375000000000005,0.8250000000000002,50000,12218,0.24436
5590,-1.65,4.5375000000000005,1.2375000000000007,50000,12378,0.24756
5591,-1.65,4.5375000000000005,1.6500000000000004,50000,12131,0.24262
5592,-1.65,4.5375000000000005,2.0625,50000,11669,0.23338
5593,-1.65,4.5375000000000005,2.4750000000000005,50000,10788,0.21576
5594,-1.65,4.5375000000000005,2.8875,50000,8705,0.1741
5595,-1.65,4.5375000000000005,3.3,50000,5942,0.11884
5596,-1.65,4.5375000000000005,3.712500000000001,50000,4437,0.08874
5597,-1.65,4.5375000000000005,4.125000000000001,50000,3936,0.07872
5598,-1.65,4.5375000000000005,4.5375000000000005,50000,3618,0.07236
5599,-1.65,4.5375000000000005,4.95,50000,3782,0.07564
5600,-1.65,4.95,-4.95,50000,2660,0.0532
5601,-1.65,4.95,-4.5375000000000005,50000,2534,0.05068
5602,-1.65,4.95,-4.125,50000,2834,0.05668
5603,-1.65,4.95,-3.7125,50000,2946,0.05892
5604,-1.65,4.95,-3.3,50000,3299,0.06598
5605,-1.65,4.95,-2.8875,50000,12538,0.25076
5606,-1.65,4.95,-2.475,50000,13878,0.27756
5607,-1.65,4.95,-2.0625,50000,13801,0.27602
5608,-1.65,4.95,-1.65,50000,14057,0.28114
5609,-1.65,4.95,-1.2374999999999998,50000,13743,0.27486
5610,-1.65,4.95,-0.8250000000000002,50000,13939,0.27878
5611,-1.65,4.95,-0.4124999999999996,50000,14017,0.28034
5612,-1.65,4.95,0.0,50000,13981,0.27962
5613,-1.65,4.95,0.4125000000000005,50000,13993,0.27986
5614,-1.65,4.95,0.8250000000000002,50000,13852,0.27704
5615,-1.65,4.95,1.2375000000000007,50000,14036,0.28072
5616,-1.65,4.95,1.6500000000000004,50000,13958,0.27916
5617,-1.65,4.95,2.0625,50000,14026,0.28052
5618,-1.65,4.95,2.4750000000000005,50000,13720,0.2744
5619,-1.65,4.95,2.8875,50000,12562,0.25124
5620,-1.65,4.95,3.3,50000,3253,0.06506
5621,-1.65,4.95,3.712500000000001,50000,2923,0.05846
5622,-1.65,4.95,4.125000000000001,50000,2814,0.05628
5623,-1.65,4.95,4.5375000000000005,50000,2592,0.05184
5624,-1.65,4.95,4.95,50000,2638,0.05276
5625,-1.2374999999999998,-4.95,-4.95,50000,5545,0.1109
5626,-1.2374999999999998,-4.95,-4.5375000000000005,50000,5941,0.11882
5627,-1.2374999999999998,-4.95,-4.125,50000,5688,0.11376
5628,-1.2374999999999998,-4.95,-3.7125,50000,5777,0.11554
5629,-1.2374999999999998,-4.95,-3.3,50000,5800,0.116
5630,-1.2374999999999998,-4.95,-2.8875,50000,5830,0.1166
5631,-1.2374999999999998,-4.95,-2.475,50000,5879,0.11758
5632,-1.2374999999999998,-4.95,-2.0625,50000,5830,0.1166
5633,-1.2374999999999998,-4.95,-1.65,50000,5951,0.11902
5634,-1.2374999999999998,-4.95,-1.2374999999999998,50000,5920,0.1184
5635,-1.2374999999999998,-4.95,-0.8250000000000002,50000,5933,0.11866
5636,-1.2374999999999998,-4.95,-0.4124999999999996,50000,6075,0.1215
5637,-1.2374999999999998,-4.95,0.0,50000,5942,0.11884
5638,-1.2374999999999998,-4.95,0.4125000000000005,50000,5976,0.11952
5639,-1.2374999999999998,-4.95,0.8250000000000002,50000,5839,0.11678
5640,-1.2374999999999998,-4.95,1.2375000000000007,50000,5992,0.11984
5641,-1.2374999999999998,-4.95,1.6500000000000004,50000,5770,0.1154
5642,-1.2374999999999998,-4.95,2.0625,50000,5912,0.11824
5643,-1.2374999999999998,-4.95,2.4750000000000005,50000,5925,0.1185
5644,-1.2374999999999998,-4.95,2.8875,50000,5774,0.11548
5645,-1.2374999999999998,-4.95,3.3,50000,5766,0.11532
5646,-1.2374999999999998,-4.95,3.712500000000001,50000,5842,0.11684
5647,-1.2374999999999998,-4.95,4.125000000000001,50000,5715,0.1143
5648,-1.2374999999999998,-4.95,4.5375000000000005,50000,5797,0.11594
5649,-1.2374999999999998,-4.95,4.95,50000,5601,0.11202
5650,-1.2374999999999998,-4.5375000000000005,-4.95,50000,5598,0.11196
5651,-1.2374999999999998,-4.5375000000000005,-4.5375000000000005,50000,5630,0.1126
5652,-1.2374999999999998,-4.5375000000000005,-4.125,50000,5725,0.1145
5653,-1.2374999999999998,-4.5375000000000005,-3.7125,50000,5802,0.11604
5654,-1.2374999999999998,-4.5375000000000005,-3.3,50000,5846,0.11692
5655,-1.2374999999999998,-4.5375000000000005,-2.8875,50000,5881,0.11762
5656,-1.2374999999999998,-4.5375000000000005,-2.475,50000,5712,0.11424
5657,-1.2374999999999998,-4.5375000000000005,-2.0625,50000,5851,0.11702
5658,-1.2374999999999998,-4.5375000000000005,-1.65,50000,5777,0.11554
5659,-1.2374999999999998,-4.5375000000000005,-1.2374999999999998,50000,5829,0.11658
5660,-1.2374999999999998,-4.5375000000000005,-0.8250000000000002,50000,5849,0.11698
5661,-1.2374999999999998,-4.5375000000000005,-0.4124999999999996,50000,5945,0.1189
5662,-1.2374999999999998,-4.5375000000000005,0.0,50000,5817,0.11634
5663,-1.2374999999999998,-4.5375000000000005,0.4125000000000005,50000,5836,0.11672
5664,-1.2374999999999998,-4.5375000000000005,0.8250000000000002,50000,6032,0.12064
5665,-1.2374999999999998,-4.5375000000000005,1.2375000000000007,50000,5942,0.11884
5666,-1.2374999999999998,-4.5375000000000005,1.6500000000000004,50000,5790,0.1158
5667,-1.2374999999999998,-4.5375000000000005,2.0625,50000,5770,0.1154
5668,-1.2374999999999998,-4.5375000000000005,2.4750000000000005,50000,5815,0.1163
5669,-1.2374999999999998,-4.5375000000000005,2.8875,50000,5755,0.1151
5670,-1.2374999999999998,-4.5375000000000005,3.3,50000,5890,0.1178
5671,-1.2374999999999998,-4.5375000000000005,3.712500000000001,50000,5742,0.11484
5672,-1.2374999999999998,-4.5375000000000005,4.125000000000001,50000,5752,0.11504
5673,-1.2374999999999998,-4.5375000000000005,4.5375000000000005,50000,5715,0.1143
5674,-1.2374999999999998,-4.5375000000000005,4.95,50000,5605,0.1121
5675,-1.2374999999999998,-4.125,-4.95,50000,5588,0.11176
5676,-1.2374999999999998,-4.125,-4.5375000000000005,50000,5627,0.11254
5677,-1.2374999999999998,-4.125,-4.125,50000,5644,0.11288
5678,-1.2374999999999998,-4.125,-3.7125,50000,5701,0.11402
5679,-1.2374999999999998,-4.125,-3.3,50000,5746,0.11492
5680,-1.2374999999999998,-4.125,-2.8875,50000,5814,0.11628
5681,-1.2374999999999998,-4.125,-2.475,50000,5783,0.11566
5682,-1.2374999999999998,-4.125,-2.0625,50000,5761,0.11522
5683,-1.2374999999999998,-4.125,-1.65,50000,5762,0.11524
5684,-1.2374999999999998,-4.125,-1.2374999999999998,50000,5863,0.11726
5685,-1.2374999999999998,-4.125,-0.8250000000000002,50000,5733,0.11466
5686,-1.2374999999999998,-4.125,-0.4124999999999996,50000,5932,0.11864
5687,-1.2374999999999998,-4.125,0.0,50000,5900,0.118
5688,-1.2374999999999998,-4.125,0.4125000000000005,50000,5760,0.1152
5689,-1.2374999999999998,-4.125,0.8250000000000002,50000,5952,0.11904
5690,-1.2374999999999998,-4.125,1.2375000000000007,50000,5772,0.11544
5691,-1.2374999999999998,-4.125,1.6500000000000004,50000,5789,0.11578
5692,-1.2374999999999998,-4.125,2.0625,50000,5761,0.11522
5693,-1.2374999999999998,-4.125,2.4750000000000005,50000,5834,0.11668
5694,-1.2374999999999998,-4.125,2.8875,50000,5785,0.1157
5695,-1.2374999999999998,-4.125,3.3,50000,5704,0.11408
5696,-1.2374999999999998,-4.125,3.712500000000001,50000,5647,0.11294
5697,-1.2374999999999998,-4.125,4.125000000000001,50000,5714,0.11428
5698,-1.2374999999999998,-4.125,4.5375000000000005,50000,5824,0.11648
5699,-1.2374999999999998,-4.125,4.95,50000,5629,0.11258
5700,-1.2374999999999998,-3.7125,-4.95,50000,5657,0.11314
5701,-1.2374999999999998,-3.7125,-4.5375000000000005,50000,5817,0.11634
5702,-1.2374999999999998,-3.7125,-4.125,50000,5718,0.11436
5703,-1.2374999999999998,-3.7125,-3.7125,50000,5713,0.11426
5704,-1.2374999999999998,-3.7125,-3.3,50000,5730,0.1146
5705,-1.2374999999999998,-3.7125,-2.8875,50000,5763,0.11526
5706,-1.2374999999999998,-3.7125,-2.475,50000,5802,0.11604
5707,-1.2374999999999998,-3.7125,-2.0625,50000,5905,0.1181
5708,-1.2374999999999998,-3.7125,-1.65,50000,5868,0.11736
5709,-1.2374999999999998,-3.7125,-1.2374999999999998,50000,5726,0.11452
5710,-1.2374999999999998,-3.7125,-0.8250000000000002,50000,5924,0.11848
5711,-1.2374999999999998,-3.7125,-0.4124999999999996,50000,5871,0.11742
5712,-1.2374999999999998,-3.7125,0.0,50000,5800,0.116
5713,-1.2374999999999998,-3.7125,0.4125000000000005,50000,6029,0.12058
5714,-1.2374999999999998,-3.7125,0.8250000000000002,50000,5847,0.11694
5715,-1.2374999999999998,-3.7125,1.2375000000000007,50000,5900,0.118
5716,-1.2374999999999998,-3.7125,1.6500000000000004,50000,5921,0.11842
5717,-1.2374999999999998,-3.7125,2.0625,50000,5849,0.11698
5718,-1.2374999999999998,-3.7125,2.4750000000000005,50000,5789,0.11578
5719,-1.2374999999999998,-3.7125,2.8875,50000,5785,0.1157
5720,-1.2374999999999998,-3.7125,3.3,50000,5665,0.1133
5721,-1.2374999999999998,-3.7125,3.712500000000001,50000,5793,0.11586
5722,-1.2374999999999998,-3.7125,4.125000000000001,50000,5802,0.11604
5723,-1.2374999999999998,-3.7125,4.5375000000000005,50000,5721,0.11442
5724,-1.2374999999999998,-3.7125,4.95,50000,5829,0.11658
5725,-1.2374999999999998,-3.3,-4.95,50000,5739,0.11478
5726,-1.2374999999999998,-3.3,-4.5375000000000005,50000,5811,0.11622
5727,-1.2374999999999998,-3.3,-4.125,50000,5755,0.1151
5728,-1.2374999999999998,-3.3,-3.7125,50000,5882,0.11764
5729,-1.2374999999999998,-3.3,-3.3,50000,5732,0.11464
5730,-1.2374999999999998,-3.3,-2.8875,50000,5856,0.11712
5731,-1.2374999999999998,-3.3,-2.475,50000,5866,0.11732
5732,-1.2374999999999998,-3.3,-2.0625,50000,5812,0.11624
5733,-1.2374999999999998,-3.3,-1.65,50000,5933,0.11866
5734,-1.2374999999999998,-3.3,-1.2374999999999998,50000,5857,0.11714
5735,-1.2374999999999998,-3.3,-0.8250000000000002,50000,5759,0.11518
5736,-1.2374999999999998,-3.3,-0.4124999999999996,50000,5979,0.11958
5737,-1.2374999999999998,-3.3,0.0,50000,5943,0.11886
5738,-1.2374999999999998,-3.3,0.4125000000000005,50000,5907,0.11814
5739,-1.2374999999999998,-3.3,0.8250000000000002,50000,5959,0.11918
5740,-1.2374999999999998,-3.3,1.2375000000000007,50000,5909,0.11818
5741,-1.2374999999999998,-3.3,1.6500000000000004,50000,5845,0.1169
5742,-1.2374999999999998,-3.3,2.0625,50000,5909,0.11818
5743,-1.2374999999999998,-3.3,2.4750000000000005,50000,5819,0.11638
5744,-1.2374999999999998,-3.3,2.8875,50000,5882,0.11764
5745,-1.2374999999999998,-3.3,3.3,50000,5774,0.11548
5746,-1.2374999999999998,-3.3,3.712500000000001,50000,5752,0.11504
5747,-1.2374999999999998,-3.3,4.125000000000001,50000,5738,0.11476
5748,-1.2374999999999998,-3.3,4.5375000000000005,50000,5705,0.1141
5749,-1.2374999999999998,-3.3,4.95,50000,5772,0.11544
5750,-1.2374999999999998,-2.8875,-4.95,50000,6013,0.12026
5751,-1.2374999999999998,-2.8875,-4.5375000000000005,50000,5793,0.11586
5752,-1.2374999999999998,-2.8875,-4.125,50000,5651,0.11302
5753,-1.2374999999999998,-2.8875,-3.7125,50000,5821,0.11642
5754,-1.2374999999999998,-2.8875,-3.3,50000,5777,0.11554
5755,-1.2374999999999998,-2.8875,-2.8875,50000,5888,0.11776
5756,-1.2374999999999998,-2.8875,-2.475,50000,5814,0.11628
5757,-1.2374999999999998,-2.8875,-2.0625,50000,5841,0.11682
5758,-1.2374999999999998,-2.8875,-1.65,50000,5971,0.11942
5759,-1.2374999999999998,-2.8875,-1.2374999999999998,50000,5981,0.11962
5760,-1.2374999999999998,-2.8875,-0.8250000000000002,50000,5864,0.11728
5761,-1.2374999999999998,-2.8875,-0.4124999999999996,50000,5885,0.1177
5762,-1.2374999999999998,-2.8875,0.0,50000,5920,0.1184
5763,-1.2374999999999998,-2.8875,0.4125000000000005,50000,5904,0.11808
5764,-1.2374999999999998,-2.8875,0.8250000000000002,50000,5948,0.11896
5765,-1.2374999999999998,-2.8875,1.2375000000000007,50000,5938,0.11876
5766,-1.2374999999999998,-2.8875,1.6500000000000004,50000,5878,0.11756
5767,-1.2374999999999998,-2.8875,2.0625,50000,5851,0.11702
5768,-1.2374999999999998,-2.8875,2.4750000000000005,50000,5874,0.11748
5769,-1.2374999999999998,-2.8875,2.8875,50000,5868,0.11736
5770,-1.2374999999999998,-2.8875,3.3,50000,5713,0.11426
5771,-1.2374999999999998,-2.8875,3.712500000000001,50000,5766,0.11532
5772,-1.2374999999999998,-2.8875,4.125000000000001,50000,5803,0.11606
5773,-1.2374999999999998,-2.8875,4.5375000000000005,50000,5826,0.11652
5774,-1.2374999999999998,-2.8875,4.95,50000,5567,0.11134
5775,-1.2374999999999998,-2.475,-4.95,50000,5801,0.11602
5776,-1.2374999999999998,-2.475,-4.5375000000000005,50000,5824,0.11648
5777,-1.2374999999999998,-2.475,-4.125,50000,5842,0.11684
5778,-1.2374999999999998,-2.475,-3.7125,50000,5854,0.11708
5779,-1.2374999999999998,-2.475,-3.3,50000,5956,0.11912
5780,-1.2374999999999998,-2.475,-2.8875,50000,5952,0.11904
5781,-1.2374999999999998,-2.475,-2.475,50000,5917,0.11834
5782,-1.2374999999999998,-2.475,-2.0625,50000,5917,0.11834
5783,-1.2374999999999998,-2.475,-1.65,50000,5918,0.11836
5784,-1.2374999999999998,-2.475,-1.2374999999999998,50000,5903,0.11806
5785,-1.2374999999999998,-2.475,-0.8250000000000002,50000,6101,0.12202
5786,-1.2374999999999998,-2.475,-0.4124999999999996,50000,5806,0.11612
5787,-1.2374999999999998,-2.475,0.0,50000,6020,0.1204
5788,-1.2374999999999998,-2.475,0.4125000000000005,50000,5943,0.11886
5789,-1.2374999999999998,-2.475,0.8250000000000002,50000,6025,0.1205
5790,-1.2374999999999998,-2.475,1.2375000000000007,50000,5922,0.11844
5791,-1.2374999999999998,-2.475,1.6500000000000004,50000,5946,0.11892
5792,-1.2374999999999998,-2.475,2.0625,50000,5937,0.11874
5793,-1.2374999999999998,-2.475,2.4750000000000005,50000,5972,0.11944
5794,-1.2374999999999998,-2.475,2.8875,50000,5940,0.1188
5795,-1.2374999999999998,-2.475,3.3,50000,5786,0.11572
5796,-1.2374999999999998,-2.475,3.712500000000001,50000,5786,0.11572
5797,-1.2374999999999998,-2.475,4.125000000000001,50000,5804,0.11608
5798,-1.2374999999999998,-2.475,4.5375000000000005,50000,5895,0.1179
5799,-1.2374999999999998,-2.475,4.95,50000,5753,0.11506
5800,-1.2374999999999998,-2.0625,-4.95,50000,5834,0.11668
5801,-1.2374999999999998,-2.0625,-4.5375000000000005,50000,5702,0.11404
5802,-1.2374999999999998,-2.0625,-4.125,50000,5882,0.11764
5803,-1.2374999999999998,-2.0625,-3.7125,50000,5930,0.1186
5804,-1.2374999999999998,-2.0625,-3.3,50000,5831,0.11662
5805,-1.2374999999999998,-2.0625,-2.8875,50000,5828,0.11656
5806,-1.2374999999999998,-2.0625,-2.475,50000,6093,0.12186
5807,-1.2374999999999998,-2.0625,-2.0625,50000,5801,0.11602
5808,-1.2374999999999998,-2.0625,-1.65,50000,6091,0.12182
5809,-1.2374999999999998,-2.0625,-1.2374999999999998,50000,5914,0.11828
5810,-1.2374999999999998,-2.0625,-0.8250000000000002,50000,5945,0.1189
5811,-1.2374999999999998,-2.0625,-0.4124999999999996,50000,6015,0.1203
5812,-1.2374999999999998,-2.0625,0.0,50000,6039,0.12078
5813,-1.2374999999999998,-2.0625,0.4125000000000005,50000,6053,0.12106
5814,-1.2374999999999998,-2.0625,0.8250000000000002,50000,6060,0.1212
5815,-1.2374999999999998,-2.0625,1.2375000000000007,50000,6001,0.12002
5816,-1.2374999999999998,-2.0625,1.6500000000000004,50000,5993,0.11986
5817,-1.2374999999999998,-2.0625,2.0625,50000,5919,0.11838
5818,-1.2374999999999998,-2.0625,2.4750000000000005,50000,5935,0.1187
5819,-1.2374999999999998,-2.0625,2.8875,50000,6063,0.12126
5820,-1.2374999999999998,-2.0625,3.3,50000,5743,0.11486
5821,-1.2374999999999998,-2.0625,3.712500000000001,50000,5877,0.11754
5822,-1.2374999999999998,-2.0625,4.125000000000001,50000,5810,0.1162
5823,-1.2374999999999998,-2.0625,4.5375000000000005,50000,5894,0.11788
5824,-1.2374999999999998,-2.0625,4.95,50000,5854,0.11708
5825,-1.2374999999999998,-1.65,-4.95,50000,5890,0.1178
5826,-1.2374999999999998,-1.65,-4.5375000000000005,50000,5851,0.11702
5827,-1.2374999999999998,-1.65,-4.125,50000,5906,0.11812
5828,-1.2374999999999998,-1.65,-3.7125,50000,6049,0.12098
5829,-1.2374999999999998,-1.65,-3.3,50000,6001,0.12002
5830,-1.2374999999999998,-1.65,-2.8875,50000,6015,0.1203
5831,-1.2374999999999998,-1.65,-2.475,50000,5992,0.11984
5832,-1.2374999999999998,-1.65,-2.0625,50000,5910,0.1182
5833,-1.2374999999999998,-1.65,-1.65,50000,6063,0.12126
5834,-1.2374999999999998,-1.65,-1.2374999999999998,50000,5990,0.1198
5835,-1.2374999999999998,-1.65,-0.8250000000000002,50000,6029,0.12058
5836,-1.2374999999999998,-1.65,-0.4124999999999996,50000,6090,0.1218
5837,-1.2374999999999998,-1.65,0.0,50000,6090,0.1218
5838,-1.2374999999999998,-1.65,0.4125000000000005,50000,6173,0.12346
5839,-1.2374999999999998,-1.65,0.8250000000000002,50000,6085,0.1217
5840,-1.2374999999999998,-1.65,1.2375000000000007,50000,6075,0.1215
5841,-1.2374999999999998,-1.65,1.6500000000000004,50000,6080,0.1216
5842,-1.2374999999999998,-1.65,2.0625,50000,6136,0.12272
5843,-1.2374999999999998,-1.65,2.4750000000000005,50000,5970,0.1194
5844,-1.2374999999999998,-1.65,2.8875,50000,6018,0.12036
5845,-1.2374999999999998,-1.65,3.3,50000,5832,0.11664
5846,-1.2374999999999998,-1.65,3.712500000000001,50000,5792,0.11584
5847,-1.2374999999999998,-1.65,4.125000000000001,50000,5980,0.1196
5848,-1.2374999999999998,-1.65,4.5375000000000005,50000,5868,0.11736
5849,-1.2374999999999998,-1.65,4.95,50000,5894,0.11788
5850,-1.2374999999999998,-1.2374999999999998,-4.95,50000,5996,0.11992
5851,-1.2374999999999998,-1.2374999999999998,-4.5375000000000005,50000,5818,0.11636
5852,-1.2374999999999998,-1.2374999999999998,-4.125,50000,5956,0.11912
5853,-1.2374999999999998,-1.2374999999999998,-3.7125,50000,5938,0.11876
5854,-1.2374999999999998,-1.2374999999999998,-3.3,50000,6090,0.1218
5855,-1.2374999999999998,-1.2374999999999998,-2.8875,50000,5947,0.11894
5856,-1.2374999999999998,-1.2374999999999998,-2.475,50000,6089,0.12178
5857,-1.2374999999999998,-1.2374999999999998,-2.0625,50000,6040,0.1208
5858,-1.2374999999999998,-1.2374999999999998,-1.65,50000,6053,0.12106
5859,-1.2374999999999998,-1.2374999999999998,-1.2374999999999998,50000,6208,0.12416
5860,-1.2374999999999998,-1.2374999999999998,-0.8250000000000002,50000,5888,0.11776
5861,-1.2374999999999998,-1.2374999999999998,-0.4124999999999996,50000,6101,0.12202
5862,-1.2374999999999998,-1.2374999999999998,0.0,50000,6178,0.12356
5863,-1.2374999999999998,-1.2374999999999998,0.4125000000000005,50000,6215,0.1243
5864,-1.2374999999999998,-1.2374999999999998,0.8250000000000002,50000,6073,0.12146
5865,-1.2374999999999998,-1.2374999999999998,1.2375000000000007,50000,6041,0.12082
5866,-1.2374999999999998,-1.2374999999999998,1.6500000000000004,50000,6074,0.12148
5867,-1.2374999999999998,-1.2374999999999998,2.0625,50000,6108,0.12216
5868,-1.2374999999999998,-1.2374999999999998,2.4750000000000005,50000,6054,0.12108
5869,-1.2374999999999998,-1.2374999999999998,2.8875,50000,6039,0.12078
5870,-1.2374999999999998,-1.2374999999999998,3.3,50000,5922,0.11844
5871,-1.2374999999999998,-1.2374999999999998,3.712500000000001,50000,5989,0.11978
5872,-1.2374999999999998,-1.2374999999999998,4.125000000000001,50000,5958,0.11916
5873,-1.2374999999999998,-1.2374999999999998,4.5375000000000005,50000,5876,0.11752
5874,-1.2374999999999998,-1.2374999999999998,4.95,50000,5913,0.11826
5875,-1.2374999999999998,-0.8250000000000002,-4.95,50000,5895,0.1179
5876,-1.2374999999999998,-0.8250000000000002,-4.5375000000000005,50000,5990,0.1198
5877,-1.2374999999999998,-0.8250000000000002,-4.125,50000,5827,0.11654
5878,-1.2374999999999998,-0.8250000000000002,-3.7125,50000,5973,0.11946
5879,-1.2374999999999998,-0.8250000000000002,-3.3,50000,5857,0.11714
5880,-1.2374999999999998,-0.8250000000000002,-2.8875,50000,6073,0.12146
5881,-1.2374999999999998,-0.8250000000000002,-2.475,50000,6035,0.1207
5882,-1.2374999999999998,-0.8250000000000002,-2.0625,50000,6075,0.1215
5883,-1.2374999999999998,-0.8250000000000002,-1.65,50000,6088,0.12176
5884,-1.2374999999999998,-0.8250000000000002,-1.2374999999999998,50000,6036,0.12072
5885,-1.2374999999999998,-0.8250000000000002,-0.8250000000000002,50000,6145,0.1229
5886,-1.2374999999999998,-0.8250000000000002,-0.4124999999999996,50000,6205,0.1241
5887,-1.2374999999999998,-0.8250000000000002,0.0,50000,6160,0.1232
5888,-1.2374999999999998,-0.8250000000000002,0.4125000000000005,50000,6173,0.12346
5889,-1.2374999999999998,-0.8250000000000002,0.8250000000000002,50000,6162,0.12324
5890,-1.2374999999999998,-0.8250000000000002,1.2375000000000007,50000,6102,0.12204
5891,-1.2374999999999998,-0.8250000000000002,1.6500000000000004,50000,6119,0.12238
5892,-1.2374999999999998,-0.8250000000000002,2.0625,50000,6161,0.12322
5893,-1.2374999999999998,-0.8250000000000002,2.4750000000000005,50000,6273,0.12546
5894,-1.2374999999999998,-0.8250000000000002,2.8875,50000,6027,0.12054
5895,-1.2374999999999998,-0.8250000000000002,3.3,50000,5944,0.11888
5896,-1.2374999999999998,-0.8250000000000002,3.712500000000001,50000,5986,0.11972
5897,-1.2374999999999998,-0.8250000000000002,4.125000000000001,50000,6105,0.1221
5898,-1.2374999999999998,-0.8250000000000002,4.5375000000000005,50000,6083,0.12166
5899,-1.2374999999999998,-0.8250000000000002,4.95,50000,6062,0.12124
5900,-1.2374999999999998,-0.4124999999999996,-4.95,50000,5948,0.11896
5901,-1.2374999999999998,-0.4124999999999996,-4.5375000000000005,50000,6111,0.12222
5902,-1.2374999999999998,-0.4124999999999996,-4.125,50000,5998,0.11996
5903,-1.2374999999999998,-0.4124999999999996,-3.7125,50000,6092,0.12184
5904,-1.2374999999999998,-0.4124999999999996,-3.3,50000,6031,0.12062
5905,-1.2374999999999998,-0.4124999999999996,-2.8875,50000,6105,0.1221
5906,-1.2374999999999998,-0.4124999999999996,-2.475,50000,6127,0.12254
5907,-1.2374999999999998,-0.4124999999999996,-2.0625,50000,6095,0.1219
5908,-1.2374999999999998,-0.4124999999999996,-1.65,50000,6181,0.12362
5909,-1.2374999999999998,-0.4124999999999996,-1.2374999999999998,50000,6269,0.12538
5910,-1.2374999999999998,-0.4124999999999996,-0.8250000000000002,50000,6313,0.12626
5911,-1.2374999999999998,-0.4124999999999996,-0.4124999999999996,50000,6378,0.12756
5912,-1.2374999999999998,-0.4124999999999996,0.0,50000,6457,0.12914
5913,-1.2374999999999998,-0.4124999999999996,0.4125000000000005,50000,6343,0.12686
5914,-1.2374999999999998,-0.4124999999999996,0.8250000000000002,50000,6056,0.12112
5915,-1.2374999999999998,-0.4124999999999996,1.2375000000000007,50000,6295,0.1259
5916,-1.2374999999999998,-0.4124999999999996,1.6500000000000004,50000,6290,0.1258
5917,-1.2374999999999998,-0.4124999999999996,2.0625,50000,6109,0.12218
5918,-1.2374999999999998,-0.4124999999999996,2.4750000000000005,50000,6268,0.12536
5919,-1.2374999999999998,-0.4124999999999996,2.8875,50000,6259,0.12518
5920,-1.2374999999999998,-0.4124999999999996,3.3,50000,6130,0.1226
5921,-1.2374999999999998,-0.4124999999999996,3.712500000000001,50000,6110,0.1222
5922,-1.2374999999999998,-0.4124999999999996,4.125000000000001,50000,6070,0.1214
5923,-1.2374999999999998,-0.4124999999999996,4.5375000000000005,50000,6234,0.12468
5924,-1.2374999999999998,-0.4124999999999996,4.95,50000,5984,0.11968
5925,-1.2374999999999998,0.0,-4.95,50000,6049,0.12098
5926,-1.2374999999999998,0.0,-4.5375000000000005,50000,6019,0.12038
5927,-1.2374999999999998,0.0,-4.125,50000,6161,0.12322
5928,-1.2374999999999998,0.0,-3.7125,50000,6122,0.12244
5929,-1.2374999999999998,0.0,-3.3,50000,6124,0.12248
5930,-1.2374999999999998,0.0,-2.8875,50000,6336,0.12672
5931,-1.2374999999999998,0.0,-2.475,50000,6259,0.12518
5932,-1.2374999999999998,0.0,-2.0625,50000,6471,0.12942
5933,-1.2374999999999998,0.0,-1.65,50000,6356,0.12712
5934,-1.2374999999999998,0.0,-1.2374999999999998,50000,6426,0.12852
5935,-1.2374999999999998,0.0,-0.8250000000000002,50000,6407,0.12814
5936,-1.2374999999999998,0.0,-0.4124999999999996,50000,6403,0.12806
5937,-1.2374999999999998,0.0,0.0,50000,6253,0.12506
5938,-1.2374999999999998,0.0,0.4125000000000005,50000,6520,0.1304
5939,-1.2374999999999998,0.0,0.8250000000000002,50000,6385,0.1277
5940,-1.2374999999999998,0.0,1.2375000000000007,50000,6391,0.12782
5941,-1.2374999999999998,0.0,1.6500000000000004,50000,6419,0.12838
5942,-1.2374999999999998,0.0,2.0625,50000,6285,0.1257
5943,-1.2374999999999998,0.0,2.4750000000000005,50000,6133,0.12266
5944,-1.2374999999999998,0.0,2.8875,50000,6282,0.12564
5945,-1.2374999999999998,0.0,3.3,50000,6111,0.12222
5946,-1.2374999999999998,0.0,3.712500000000001,50000,6187,0.12374
5947,-1.2374999999999998,0.0,4.125000000000001,50000,5950,0.119
5948,-1.2374999999999998,0.0,4.5375000000000005,50000,6213,0.12426
5949,-1.2374999999999998,0.0,4.95,50000,5979,0.11958
5950,-1.2374999999999998,0.4125000000000005,-4.95,50000,6185,0.1237
5951,-1.2374999999999998,0.4125000000000005,-4.5375000000000005,50000,6116,0.12232
5952,-1.2374999999999998,0.4125000000000005,-4.125,50000,6304,0.12608
5953,-1.2374999999999998,0.4125000000000005,-3.7125,50000,6199,0.12398
5954,-1.2374999999999998,0.4125000000000005,-3.3,50000,6364,0.12728
5955,-1.2374999999999998,0.4125000000000005,-2.8875,50000,6350,0.127
5956,-1.2374999999999998,0.4125000000000005,-2.475,50000,6322,0.12644
5957,-1.2374999999999998,0.4125000000000005,-2.0625,50000,6499,0.12998
5958,-1.2374999999999998,0.4125000000000005,-1.65,50000,6384,0.12768
5959,-1.2374999999999998,0.4125000000000005,-1.2374999999999998,50000,6617,0.13234
5960,-1.2374999999999998,0.4125000000000005,-0.8250000000000002,50000,6753,0.13506
5961,-1.2374999999999998,0.4125000000000005,-0.4124999999999996,50000,6645,0.1329
5962,-1.2374999999999998,0.4125000000000005,0.0,50000,6418,0.12836
5963,-1.2374999999999998,0.4125000000000005,0.4125000000000005,50000,6635,0.1327
5964,-1.2374999999999998,0.4125000000000005,0.8250000000000002,50000,6601,0.13202
5965,-1.2374999999999998,0.4125000000000005,1.2375000000000007,50000,6609,0.13218
5966,-1.2374999999999998,0.4125000000000005,1.6500000000000004,50000,6434,0.12868
5967,-1.2374999999999998,0.4125000000000005,2.0625,50000,6507,0.13014
5968,-1.2374999999999998,0.4125000000000005,2.4750000000000005,50000,6441,0.12882
5969,-1.2374999999999998,0.4125000000000005,2.8875,50000,6200,0.124
5970,-1.2374999999999998,0.4125000000000005,3.3,50000,6276,0.12552
5971,-1.2374999999999998,0.4125000000000005,3.712500000000001,50000,6278,0.12556
5972,-1.2374999999999998,0.4125000000000005,4.125000000000001,50000,6146,0.12292
5973,-1.2374999999999998,0.4125000000000005,4.5375000000000005,50000,6202,0.12404
5974,-1.2374999999999998,0.4125000000000005,4.95,50000,6042,0.12084
5975,-1.2374999999999998,0.8250000000000002,-4.95,50000,6215,0.1243
5976,-1.2374999999999998,0.8250000000000002,-4.5375000000000005,50000,6119,0.12238
5977,-1.2374999999999998,0.8250000000000002,-4.125,50000,6224,0.12448
5978,-1.2374999999999998,0.8250000000000002,-3.7125,50000,6184,0.12368
5979,-1.2374999999999998,0.8250000000000002,-3.3,50000,6357,0.12714
5980,-1.2374999999999998,0.8250000000000002,-2.8875,50000,6406,0.12812
5981,-1.2374999999999998,0.8250000000000002,-2.475,50000,6511,0.13022
5982,-1.2374999999999998,0.8250000000000002,-2.0625,50000,6539,0.13078
5983,-1.2374999999999998,0.8250000000000002,-1.65,50000,6475,0.1295
5984,-1.2374999999999998,0.8250000000000002,-1.2374999999999998,50000,6713,0.13426
5985,-1.2374999999999998,0.8250000000000002,-0.8250000000000002,50000,6790,0.1358
5986,-1.2374999999999998,0.8250000000000002,-0.4124999999999996,50000,6739,0.13478
5987,-1.2374999999999998,0.8250000000000002,0.0,50000,6871,0.13742
5988,-1.2374999999999998,0.8250000000000002,0.4125000000000005,50000,6718,0.13436
5989,-1.2374999999999998,0.8250000000000002,0.8250000000000002,50000,6704,0.13408
5990,-1.2374999999999998,0.8250000000000002,1.2375000000000007,50000,6701,0.13402
5991,-1.2374999999999998,0.8250000000000002,1.6500000000000004,50000,6683,0.13366
5992,-1.2374999999999998,0.8250000000000002,2.0625,50000,6540,0.1308
5993,-1.2374999999999998,0.8250000000000002,2.4750000000000005,50000,6668,0.13336
5994,-1.2374999999999998,0.8250000000000002,2.8875,50000,6269,0.12538
5995,-1.2374999999999998,0.8250000000000002,3.3,50000,6343,0.12686
5996,-1.2374999999999998,0.8250000000000002,3.712500000000001,50000,6236,0.12472
5997,-1.2374999999999998,0.8250000000000002,4.125000000000001,50000,6247,0.12494
5998,-1.2374999999999998,0.8250000000000002,4.5375000000000005,50000,6195,0.1239
5999,-1.2374999999999998,0.8250000000000002,4.95,50000,6184,0.12368
6000,-1.2374999999999998,1.2375000000000007,-4.95,50000,6145,0.1229
6001,-1.2374999999999998,1.2375000000000007,-4.5375000000000005,50000,6125,0.1225
6002,-1.2374999999999998,1.2375000000000007,-4.125,50000,6323,0.12646
6003,-1.2374999999999998,1.2375000000000007,-3.7125,50000,6348,0.12696
6004,-1.2374999999999998,1.2375000000000007,-3.3,50000,6365,0.1273
6005,-1.2374999999999998,1.2375000000000007,-2.8875,50000,6567,0.13134
6006,-1.2374999999999998,1.2375000000000007,-2.475,50000,6664,0.13328
6007,-1.2374999999999998,1.2375000000000007,-2.0625,50000,6646,0.13292
6008,-1.2374999999999998,1.2375000000000007,-1.65,50000,6859,0.13718
6009,-1.2374999999999998,1.2375000000000007,-1.2374999999999998,50000,6845,0.1369
6010,-1.2374999999999998,1.2375000000000007,-0.8250000000000002,50000,7104,0.14208
6011,-1.2374999999999998,1.2375000000000007,-0.4124999999999996,50000,7041,0.14082
6012,-1.2374999999999998,1.2375000000000007,0.0,50000,7077,0.14154
6013,-1.2374999999999998,1.2375000000000007,0.4125000000000005,50000,6886,0.13772
6014,-1.2374999999999998,1.2375000000000007,0.8250000000000002,50000,7047,0.14094
6015,-1.2374999999999998,1.2375000000000007,1.2375000000000007,50000,6854,0.13708
6016,-1.2374999999999998,1.2375000000000007,1.6500000000000004,50000,6709,0.13418
6017,-1.2374999999999998,1.2375000000000007,2.0625,50000,6729,0.13458
6018,-1.2374999999999998,1.2375000000000007,2.4750000000000005,50000,6739,0.13478
6019,-1.2374999999999998,1.2375000000000007,2.8875,50000,6427,0.12854
6020,-1.2374999999999998,1.2375000000000007,3.3,50000,6439,0.12878
6021,-1.2374999999999998,1.2375000000000007,3.712500000000001,50000,6320,0.1264
6022,-1.2374999999999998,1.2375000000000007,4.125000000000001,50000,6200,0.124
6023,-1.2374999999999998,1.2375000000000007,4.5375000000000005,50000,6204,0.12408
6024,-1.2374999999999998,1.2375000000000007,4.95,50000,6329,0.12658
6025,-1.2374999999999998,1.6500000000000004,-4.95,50000,6349,0.12698
6026,-1.2374999999999998,1.6500000000000004,-4.5375000000000005,50000,6374,0.12748
6027,-1.2374999999999998,1.6500000000000004,-4.125,50000,6322,0.12644
6028,-1.2374999999999998,1.6500000000000004,-3.7125,50000,6391,0.12782
6029,-1.2374999999999998,1.6500000000000004,-3.3,50000,6569,0.13138
6030,-1.2374999999999998,1.6500000000000004,-2.8875,50000,6679,0.13358
6031,-1.2374999999999998,1.6500000000000004,-2.475,50000,6723,0.13446
6032,-1.2374999999999998,1.6500000000000004,-2.0625,50000,6963,0.13926
6033,-1.2374999999999998,1.6500000000000004,-1.65,50000,7135,0.1427
6034,-1.2374999999999998,1.6500000000000004,-1.2374999999999998,50000,7158,0.14316
6035,-1.2374999999999998,1.6500000000000004,-0.8250000000000002,50000,7226,0.14452
6036,-1.2374999999999998,1.6500000000000004,-0.4124999999999996,50000,7412,0.14824
6037,-1.2374999999999998,1.6500000000000004,0.0,50000,7276,0.14552
6038,-1.2374999999999998,1.6500000000000004,0.4125000000000005,50000,7332,0.14664
6039,-1.2374999999999998,1.6500000000000004,0.8250000000000002,50000,7243,0.14486
6040,-1.2374999999999998,1.6500000000000004,1.2375000000000007,50000,7194,0.14388
6041,-1.2374999999999998,1.6500000000000004,1.6500000000000004,50000,7126,0.14252
6042,-1.2374999999999998,1.6500000000000004,2.0625,50000,6834,0.13668
6043,-1.2374999999999998,1.6500000000000004,2.4750000000000005,50000,6663,0.13326
6044,-1.2374999999999998,1.6500000000000004,2.8875,50000,6640,0.1328
6045,-1.2374999999999998,1.6500000000000004,3.3,50000,6414,0.12828
6046,-1.2374999999999998,1.6500000000000004,3.712500000000001,50000,6377,0.12754
6047,-1.2374999999999998,1.6500000000000004,4.125000000000001,50000,6288,0.12576
6048,-1.2374999999999998,1.6500000000000004,4.5375000000000005,50000,6229,0.12458
6049,-1.2374999999999998,1.6500000000000004,4.95,50000,6393,0.12786
6050,-1.2374999999999998,2.0625,-4.95,50000,6318,0.12636
6051,-1.2374999999999998,2.0625,-4.5375000000000005,50000,6306,0.12612
6052,-1.2374999999999998,2.0625,-4.125,50000,6230,0.1246
6053,-1.2374999999999998,2.0625,-3.7125,50000,6428,0.12856
6054,-1.2374999999999998,2.0625,-3.3,50000,6547,0.13094
6055,-1.2374999999999998,2.0625,-2.8875,50000,6681,0.13362
6056,-1.2374999999999998,2.0625,-2.475,50000,6870,0.1374
6057,-1.2374999999999998,2.0625,-2.0625,50000,7115,0.1423
6058,-1.2374999999999998,2.0625,-1.65,50000,7204,0.14408
6059,-1.2374999999999998,2.0625,-1.2374999999999998,50000,7443,0.14886
6060,-1.2374999999999998,2.0625,-0.8250000000000002,50000,7751,0.15502
6061,-1.2374999999999998,2.0625,-0.4124999999999996,50000,7715,0.1543
6062,-1.2374999999999998,2.0625,0.0,50000,7745,0.1549
6063,-1.2374999999999998,2.0625,0.4125000000000005,50000,7629,0.15258
6064,-1.2374999999999998,2.0625,0.8250000000000002,50000,7607,0.15214
6065,-1.2374999999999998,2.0625,1.2375000000000007,50000,7526,0.15052
6066,-1.2374999999999998,2.0625,1.6500000000000004,50000,7191,0.14382
6067,-1.2374999999999998,2.0625,2.0625,50000,7090,0.1418
6068,-1.2374999999999998,2.0625,2.4750000000000005,50000,6896,0.13792
6069,-1.2374999999999998,2.0625,2.8875,50000,6881,0.13762
6070,-1.2374999999999998,2.0625,3.3,50000,6562,0.13124
6071,-1.2374999999999998,2.0625,3.712500000000001,50000,6327,0.12654
6072,-1.2374999999999998,2.0625,4.125000000000001,50000,6298,0.12596
6073,-1.2374999999999998,2.0625,4.5375000000000005,50000,6211,0.12422
6074,-1.2374999999999998,2.0625,4.95,50000,6230,0.1246
6075,-1.2374999999999998,2.4750000000000005,-4.95,50000,6156,0.12312
6076,-1.2374999999999998,2.4750000000000005,-4.5375000000000005,50000,6091,0.12182
6077,-1.2374999999999998,2.4750000000000005,-4.125,50000,6140,0.1228
6078,-1.2374999999999998,2.4750000000000005,-3.7125,50000,6366,0.12732
6079,-1.2374999999999998,2.4750000000000005,-3.3,50000,6630,0.1326
6080,-1.2374999999999998,2.4750000000000005,-2.8875,50000,6911,0.13822
6081,-1.2374999999999998,2.4750000000000005,-2.475,50000,7196,0.14392
6082,-1.2374999999999998,2.4750000000000005,-2.0625,50000,7448,0.14896
6083,-1.2374999999999998,2.4750000000000005,-1.65,50000,7876,0.15752
6084,-1.2374999999999998,2.4750000000000005,-1.2374999999999998,50000,7775,0.1555
6085,-1.2374999999999998,2.4750000000000005,-0.8250000000000002,50000,8035,0.1607
6086,-1.2374999999999998,2.4750000000000005,-0.4124999999999996,50000,8335,0.1667
6087,-1.2374999999999998,2.4750000000000005,0.0,50000,8093,0.16186
6088,-1.2374999999999998,2.4750000000000005,0.4125000000000005,50000,8205,0.1641
6089,-1.2374999999999998,2.4750000000000005,0.8250000000000002,50000,8050,0.161
6090,-1.2374999999999998,2.4750000000000005,1.2375000000000007,50000,7929,0.15858
6091,-1.2374999999999998,2.4750000000000005,1.6500000000000004,50000,7689,0.15378
6092,-1.2374999999999998,2.4750000000000005,2.0625,50000,7461,0.14922
6093,-1.2374999999999998,2.4750000000000005,2.4750000000000005,50000,7271,0.14542
6094,-1.2374999999999998,2.4750000000000005,2.8875,50000,6953,0.13906
6095,-1.2374999999999998,2.4750000000000005,3.3,50000,6640,0.1328
6096,-1.2374999999999998,2.4750000000000005,3.712500000000001,50000,6337,0.12674
6097,-1.2374999999999998,2.4750000000000005,4.125000000000001,50000,6200,0.124
6098,-1.2374999999999998,2.4750000000000005,4.5375000000000005,50000,6138,0.12276
6099,-1.2374999999999998,2.4750000000000005,4.95,50000,6237,0.12474
6100,-1.2374999999999998,2.8875,-4.95,50000,6076,0.12152
6101,-1.2374999999999998,2.8875,-4.5375000000000005,50000,5996,0.11992
6102,-1.2374999999999998,2.8875,-4.125,50000,6125,0.1225
6103,-1.2374999999999998,2.8875,-3.7125,50000,6400,0.128
6104,-1.2374999999999998,2.8875,-3.3,50000,6655,0.1331
6105,-1.2374999999999998,2.8875,-2.8875,50000,7066,0.14132
6106,-1.2374999999999998,2.8875,-2.475,50000,7584,0.15168
6107,-1.2374999999999998,2.8875,-2.0625,50000,8015,0.1603
6108,-1.2374999999999998,2.8875,-1.65,50000,8216,0.16432
6109,-1.2374999999999998,2.8875,-1.2374999999999998,50000,8562,0.17124
6110,-1.2374999999999998,2.8875,-0.8250000000000002,50000,8683,0.17366
6111,-1.2374999999999998,2.8875,-0.4124999999999996,50000,8709,0.17418
6112,-1.2374999999999998,2.8875,0.0,50000,8573,0.17146
6113,-1.2374999999999998,2.8875,0.4125000000000005,50000,8615,0.1723
6114,-1.2374999999999998,2.8875,0.8250000000000002,50000,8650,0.173
6115,-1.2374999999999998,2.8875,1.2375000000000007,50000,8524,0.17048
6116,-1.2374999999999998,2.8875,1.6500000000000004,50000,8274,0.16548
6117,-1.2374999999999998,2.8875,2.0625,50000,7877,0.15754
6118,-1.2374999999999998,2.8875,2.4750000000000005,50000,7491,0.14982
6119,-1.2374999999999998,2.8875,2.8875,50000,7022,0.14044
6120,-1.2374999999999998,2.8875,3.3,50000,6688,0.13376
6121,-1.2374999999999998,2.8875,3.712500000000001,50000,6447,0.12894
6122,-1.2374999999999998,2.8875,4.125000000000001,50000,5972,0.11944
6123,-1.2374999999999998,2.8875,4.5375000000000005,50000,5996,0.11992
6124,-1.2374999999999998,2.8875,4.95,50000,6073,0.12146
6125,-1.2374999999999998,3.3,-4.95,50000,5723,0.11446
6126,-1.2374999999999998,3.3,-4.5375000000000005,50000,5774,0.11548
6127,-1.2374999999999998,3.3,-4.125,50000,5964,0.11928
6128,-1.2374999999999998,3.3,-3.7125,50000,6137,0.12274
6129,-1.2374999999999998,3.3,-3.3,50000,6528,0.13056
6130,-1.2374999999999998,3.3,-2.8875,50000,7412,0.14824
6131,-1.2374999999999998,3.3,-2.475,50000,7880,0.1576
6132,-1.2374999999999998,3.3,-2.0625,50000,8456,0.16912
6133,-1.2374999999999998,3.3,-1.65,50000,8752,0.17504
6134,-1.2374999999999998,3.3,-1.2374999999999998,50000,8977,0.17954
6135,-1.2374999999999998,3.3,-0.8250000000000002,50000,9253,0.18506
6136,-1.2374999999999998,3.3,-0.4124999999999996,50000,9388,0.18776
6137,-1.2374999999999998,3.3,0.0,50000,9488,0.18976
6138,-1.2374999999999998,3.3,0.4125000000000005,50000,9422,0.18844
6139,-1.2374999999999998,3.3,0.8250000000000002,50000,9216,0.18432
6140,-1.2374999999999998,3.3,1.2375000000000007,50000,9066,0.18132
6141,-1.2374999999999998,3.3,1.6500000000000004,50000,8981,0.17962
6142,-1.2374999999999998,3.3,2.0625,50000,8333,0.16666
6143,-1.2374999999999998,3.3,2.4750000000000005,50000,7887,0.15774
6144,-1.2374999999999998,3.3,2.8875,50000,7150,0.143
6145,-1.2374999999999998,3.3,3.3,50000,6752,0.13504
6146,-1.2374999999999998,3.3,3.712500000000001,50000,6307,0.12614
6147,-1.2374999999999998,3.3,4.125000000000001,50000,5883,0.11766
6148,-1.2374999999999998,3.3,4.5375000000000005,50000,5624,0.11248
6149,-1.2374999999999998,3.3,4.95,50000,5771,0.11542
6150,-1.2374999999999998,3.712500000000001,-4.95,50000,5413,0.10826
6151,-1.2374999999999998,3.712500000000001,-4.5375000000000005,50000,5241,0.10482
6152,-1.2374999999999998,3.712500000000001,-4.125,50000,5597,0.11194
6153,-1.2374999999999998,3.712500000000001,-3.7125,50000,5865,0.1173
6154,-1.2374999999999998,3.712500000000001,-3.3,50000,6710,0.1342
6155,-1.2374999999999998,3.712500000000001,-2.8875,50000,7740,0.1548
6156,-1.2374999999999998,3.712500000000001,-2.475,50000,8582,0.17164
6157,-1.2374999999999998,3.712500000000001,-2.0625,50000,9160,0.1832
6158,-1.2374999999999998,3.712500000000001,-1.65,50000,9647,0.19294
6159,-1.2374999999999998,3.712500000000001,-1.2374999999999998,50000,9849,0.19698
6160,-1.2374999999999998,3.712500000000001,-0.8250000000000002,50000,10229,0.20458
6161,-1.2374999999999998,3.712500000000001,-0.4124999999999996,50000,10155,0.2031
6162,-1.2374999999999998,3.712500000000001,0.0,50000,10392,0.20784
6163,-1.2374999999999998,3.712500000000001,0.4125000000000005,50000,10294,0.20588
6164,-1.2374999999999998,3.712500000000001,0.8250000000000002,50000,10123,0.20246
6165,-1.2374999999999998,3.712500000000001,1.2375000000000007,50000,9790,0.1958
6166,-1.2374999999999998,3.712500000000001,1.6500000000000004,50000,9554,0.19108
6167,-1.2374999999999998,3.712500000000001,2.0625,50000,9165,0.1833
6168,-1.2374999999999998,3.712500000000001,2.4750000000000005,50000,8604,0.17208
6169,-1.2374999999999998,3.712500000000001,2.8875,50000,7510,0.1502
6170,-1.2374999999999998,3.712500000000001,3.3,50000,6878,0.13756
6171,-1.2374999999999998,3.712500000000001,3.712500000000001,50000,5906,0.11812
6172,-1.2374999999999998,3.712500000000001,4.125000000000001,50000,5529,0.11058
6173,-1.2374999999999998,3.712500000000001,4.5375000000000005,50000,5263,0.10526
6174,-1.2374999999999998,3.712500000000001,4.95,50000,5412,0.10824
6175,-1.2374999999999998,4.125000000000001,-4.95,50000,4723,0.09446
6176,-1.2374999999999998,4.125000000000001,-4.5375000000000005,50000,4758,0.09516
6177,-1.2374999999999998,4.125000000000001,-4.125,50000,4919,0.09838
6178,-1.2374999999999998,4.125000000000001,-3.7125,50000,5447,0.10894
6179,-1.2374999999999998,4.125000000000001,-3.3,50000,6636,0.13272
6180,-1.2374999999999998,4.125000000000001,-2.8875,50000,8035,0.1607
6181,-1.2374999999999998,4.125000000000001,-2.475,50000,9451,0.18902
6182,-1.2374999999999998,4.125000000000001,-2.0625,50000,10262,0.20524
6183,-1.2374999999999998,4.125000000000001,-1.65,50000,10983,0.21966
6184,-1.2374999999999998,4.125000000000001,-1.2374999999999998,50000,11007,0.22014
6185,-1.2374999999999998,4.125000000000001,-0.8250000000000002,50000,11208,0.22416
6186,-1.2374999999999998,4.125000000000001,-0.4124999999999996,50000,11378,0.22756
6187,-1.2374999999999998,4.125000000000001,0.0,50000,11446,0.22892
6188,-1.2374999999999998,4.125000000000001,0.4125000000000005,50000,11309,0.22618
6189,-1.2374999999999998,4.125000000000001,0.8250000000000002,50000,11121,0.22242
6190,-1.2374999999999998,4.125000000000001,1.2375000000000007,50000,11023,0.22046
6191,-1.2374999999999998,4.125000000000001,1.6500000000000004,50000,10681,0.21362
6192,-1.2374999999999998,4.125000000000001,2.0625,50000,10236,0.20472
6193,-1.2374999999999998,4.125000000000001,2.4750000000000005,50000,9410,0.1882
6194,-1.2374999999999998,4.125000000000001,2.8875,50000,8107,0.16214
6195,-1.2374999999999998,4.125000000000001,3.3,50000,6667,0.13334
6196,-1.2374999999999998,4.125000000000001,3.712500000000001,50000,5381,0.10762
6197,-1.2374999999999998,4.125000000000001,4.125000000000001,50000,4890,0.0978
6198,-1.2374999999999998,4.125000000000001,4.5375000000000005,50000,4562,0.09124
6199,-1.2374999999999998,4.125000000000001,4.95,50000,4652,0.09304
6200,-1.2374999999999998,4.5375000000000005,-4.95,50000,3872,0.07744
6201,-1.2374999999999998,4.5375000000000005,-4.5375000000000005,50000,3742,0.07484
6202,-1.2374999999999998,4.5375000000000005,-4.125,50000,3932,0.07864
6203,-1.2374999999999998,4.5375000000000005,-3.7125,50000,4557,0.09114
6204,-1.2374999999999998,4.5375000000000005,-3.3,50000,6038,0.12076
6205,-1.2374999999999998,4.5375000000000005,-2.8875,50000,8759,0.17518
6206,-1.2374999999999998,4.5375000000000005,-2.475,50000,11032,0.22064
6207,-1.2374999999999998,4.5375000000000005,-2.0625,50000,12054,0.24108
6208,-1.2374999999999998,4.5375000000000005,-1.65,50000,12432,0.24864
6209,-1.2374999999999998,4.5375000000000005,-1.2374999999999998,50000,12565,0.2513
6210,-1.2374999999999998,4.5375000000000005,-0.8250000000000002,50000,12781,0.25562
6211,-1.2374999999999998,4.5375000000000005,-0.4124999999999996,50000,12641,0.25282
6212,-1.2374999999999998,4.5375000000000005,0.0,50000,12702,0.25404
6213,-1.2374999999999998,4.5375000000000005,0.4125000000000005,50000,12644,0.25288
6214,-1.2374999999999998,4.5375000000000005,0.8250000000000002,50000,12696,0.25392
6215,-1.2374999999999998,4.5375000000000005,1.2375000000000007,50000,12486,0.24972
6216,-1.2374999999999998,4.5375000000000005,1.6500000000000004,50000,12299,0.24598
6217,-1.2374999999999998,4.5375000000000005,2.0625,50000,11785,0.2357
6218,-1.2374999999999998,4.5375000000000005,2.4750000000000005,50000,10881,0.21762
6219,-1.2374999999999998,4.5375000000000005,2.8875,50000,8981,0.17962
6220,-1.2374999999999998,4.5375000000000005,3.3,50000,5887,0.11774
6221,-1.2374999999999998,4.5375000000000005,3.712500000000001,50000,4469,0.08938
6222,-1.2374999999999998,4.5375000000000005,4.125000000000001,50000,3975,0.0795
6223,-1.2374999999999998,4.5375000000000005,4.5375000000000005,50000,3758,0.07516
6224,-1.2374999999999998,4.5375000000000005,4.95,50000,3766,0.07532
6225,-1.2374999999999998,4.95,-4.95,50000,2547,0.05094
6226,-1.2374999999999998,4.95,-4.5375000000000005,50000,2615,0.0523
6227,-1.2374999999999998,4.95,-4.125,50000,2766,0.05532
6228,-1.2374999999999998,4.95,-3.7125,50000,2981,0.05962
6229,-1.2374999999999998,4.95,-3.3,50000,3267,0.06534
6230,-1.2374999999999998,4.95,-2.8875,50000,12651,0.25302
6231,-1.2374999999999998,4.95,-2.475,50000,13969,0.27938
6232,-1.2374999999999998,4.95,-2.0625,50000,13968,0.27936
6233,-1.2374999999999998,4.95,-1.65,50000,14025,0.2805
6234,-1.2374999999999998,4.95,-1.2374999999999998,50000,13851,0.27702
6235,-1.2374999999999998,4.95,-0.8250000000000002,50000,13872,0.27744
6236,-1.2374999999999998,4.95,-0.4124999999999996,50000,14275,0.2855
6237,-1.2374999999999998,4.95,0.0,50000,13992,0.27984
6238,-1.2374999999999998,4.95,0.4125000000000005,50000,14111,0.28222
6239,-1.2374999999999998,4.95,0.8250000000000002,50000,14012,0.28024
6240,-1.2374999999999998,4.95,1.2375000000000007,50000,13879,0.27758
6241,-1.2374999999999998,4.95,1.6500000000000004,50000,13973,0.27946
6242,-1.2374999999999998,4.95,2.0625,50000,13968,0.27936
6243,-1.2374999999999998,4.95,2.4750000000000005,50000,13789,0.27578
6244,-1.2374999999999998,4.95,2.8875,50000,12573,0.25146
6245,-1.2374999999999998,4.95,3.3,50000,3259,0.06518
6246,-1.2374999999999998,4.95,3.712500000000001,50000,2927,0.05854
6247,-1.2374999999999998,4.95,4.125000000000001,50000,2739,0.05478
6248,-1.2374999999999998,4.95,4.5375000000000005,50000,2712,0.05424
6249,-1.2374999999999998,4.95,4.95,50000,2610,0.0522
6250,-0.8250000000000002,-4.95,-4.95,50000,5764,0.11528
6251,-0.8250000000000002,-4.95,-4.5375000000000005,50000,5713,0.11426
6252,-0.8250000000000002,-4.95,-4.125,50000,5738,0.11476
6253,-0.8250000000000002,-4.95,-3.7125,50000,5708,0.11416
6254,-0.8250000000000002,-4.95,-3.3,50000,5707,0.11414
6255,-0.8250000000000002,-4.95,-2.8875,50000,5705,0.1141
6256,-0.8250000000000002,-4.95,-2.475,50000,5890,0.1178
6257,-0.8250000000000002,-4.95,-2.0625,50000,5910,0.1182
6258,-0.8250000000000002,-4.95,-1.65,50000,5837,0.11674
6259,-0.8250000000000002,-4.95,-1.2374999999999998,50000,6022,0.12044
6260,-0.8250000000000002,-4.95,-0.8250000000000002,50000,5929,0.11858
6261,-0.8250000000000002,-4.95,-0.4124999999999996,50000,5932,0.11864
6262,-0.8250000000000002,-4.95,0.0,50000,5922,0.11844
6263,-0.8250000000000002,-4.95,0.4125000000000005,50000,5901,0.11802
6264,-0.8250000000000002,-4.95,0.8250000000000002,50000,5972,0.11944
6265,-0.8250000000000002,-4.95,1.2375000000000007,50000,5959,0.11918
6266,-0.8250000000000002,-4.95,1.6500000000000004,50000,5857,0.11714
6267,-0.8250000000000002,-4.95,2.0625,50000,5781,0.11562
6268,-0.8250000000000002,-4.95,2.4750000000000005,50000,5797,0.11594
6269,-0.8250000000000002,-4.95,2.8875,50000,5826,0.11652
6270,-0.8250000000000002,-4.95,3.3,50000,5818,0.11636
6271,-0.8250000000000002,-4.95,3.712500000000001,50000,5751,0.11502
6272,-0.8250000000000002,-4.95,4.125000000000001,50000,5766,0.11532
6273,-0.8250000000000002,-4.95,4.5375000000000005,50000,5732,0.11464
6274,-0.8250000000000002,-4.95,4.95,50000,5690,0.1138
6275,-0.8250000000000002,-4.5375000000000005,-4.95,50000,5581,0.11162
6276,-0.8250000000000002,-4.5375000000000005,-4.5375000000000005,50000,5685,0.1137
6277,-0.8250000000000002,-4.5375000000000005,-4.125,50000,5819,0.11638
6278,-0.8250000000000002,-4.5375000000000005,-3.7125,50000,5591,0.11182
6279,-0.8250000000000002,-4.5375000000000005,-3.3,50000,5875,0.1175
6280,-0.8250000000000002,-4.5375000000000005,-2.8875,50000,5749,0.11498
6281,-0.8250000000000002,-4.5375000000000005,-2.475,50000,5771,0.11542
6282,-0.8250000000000002,-4.5375000000000005,-2.0625,50000,5905,0.1181
6283,-0.8250000000000002,-4.5375000000000005,-1.65,50000,5959,0.11918
6284,-0.8250000000000002,-4.5375000000000005,-1.2374999999999998,50000,5881,0.11762
6285,-0.8250000000000002,-4.5375000000000005,-0.8250000000000002,50000,5929,0.11858
6286,-0.8250000000000002,-4.5375000000000005,-0.4124999999999996,50000,5952,0.11904
6287,-0.8250000000000002,-4.5375000000000005,0.0,50000,5913,0.11826
6288,-0.8250000000000002,-4.5375000000000005,0.4125000000000005,50000,5915,0.1183
6289,-0.8250000000000002,-4.5375000000000005,0.8250000000000002,50000,5951,0.11902
6290,-0.8250000000000002,-4.5375000000000005,1.2375000000000007,50000,5960,0.1192
6291,-0.8250000000000002,-4.5375000000000005,1.6500000000000004,50000,5919,0.11838
6292,-0.8250000000000002,-4.5375000000000005,2.0625,50000,5847,0.11694
6293,-0.8250000000000002,-4.5375000000000005,2.4750000000000005,50000,5685,0.1137
6294,-0.8250000000000002,-4.5375000000000005,2.8875,50000,5828,0.11656
6295,-0.8250000000000002,-4.5375000000000005,3.3,50000,5660,0.1132
6296,-0.8250000000000002,-4.5375000000000005,3.712500000000001,50000,5807,0.11614
6297,-0.8250000000000002,-4.5375000000000005,4.125000000000001,50000,5832,0.11664
6298,-0.8250000000000002,-4.5375000000000005,4.5375000000000005,50000,5628,0.11256
6299,-0.8250000000000002,-4.5375000000000005,4.95,50000,5691,0.11382
6300,-0.8250000000000002,-4.125,-4.95,50000,5714,0.11428
6301,-0.8250000000000002,-4.125,-4.5375000000000005,50000,5742,0.11484
6302,-0.8250000000000002,-4.125,-4.125,50000,5677,0.11354
6303,-0.8250000000000002,-4.125,-3.7125,50000,5782,0.11564
6304,-0.8250000000000002,-4.125,-3.3,50000,5646,0.11292
6305,-0.8250000000000002,-4.125,-2.8875,50000,5802,0.11604
6306,-0.8250000000000002,-4.125,-2.475,50000,5769,0.11538
6307,-0.8250000000000002,-4.125,-2.0625,50000,5820,0.1164
6308,-0.8250000000000002,-4.125,-1.65,50000,5881,0.11762
6309,-0.8250000000000002,-4.125,-1.2374999999999998,50000,5923,0.11846
6310,-0.8250000000000002,-4.125,-0.8250000000000002,50000,5788,0.11576
6311,-0.8250000000000002,-4.125,-0.4124999999999996,50000,5988,0.11976
6312,-0.8250000000000002,-4.125,0.0,50000,5916,0.11832
6313,-0.8250000000000002,-4.125,0.4125000000000005,50000,5930,0.1186
6314,-0.8250000000000002,-4.125,0.8250000000000002,50000,5857,0.11714
6315,-0.8250000000000002,-4.125,1.2375000000000007,50000,6026,0.12052
6316,-0.8250000000000002,-4.125,1.6500000000000004,50000,5831,0.11662
6317,-0.8250000000000002,-4.125,2.0625,50000,5793,0.11586
6318,-0.8250000000000002,-4.125,2.4750000000000005,50000,5822,0.11644
6319,-0.8250000000000002,-4.125,2.8875,50000,5764,0.11528
6320,-0.8250000000000002,-4.125,3.3,50000,5683,0.11366
6321,-0.8250000000000002,-4.125,3.712500000000001,50000,5728,0.11456
6322,-0.8250000000000002,-4.125,4.125000000000001,50000,5699,0.11398
6323,-0.8250000000000002,-4.125,4.5375000000000005,50000,5656,0.11312
6324,-0.8250000000000002,-4.125,4.95,50000,5698,0.11396
6325,-0.8250000000000002,-3.7125,-4.95,50000,5671,0.11342
6326,-0.8250000000000002,-3.7125,-4.5375000000000005,50000,5630,0.1126
6327,-0.8250000000000002,-3.7125,-4.125,50000,5863,0.11726
6328,-0.8250000000000002,-3.7125,-3.7125,50000,5730,0.1146
6329,-0.8250000000000002,-3.7125,-3.3,50000,5793,0.11586
6330,-0.8250000000000002,-3.7125,-2.8875,50000,5749,0.11498
6331,-0.8250000000000002,-3.7125,-2.475,50000,5837,0.11674
6332,-0.8250000000000002,-3.7125,-2.0625,50000,5912,0.11824
6333,-0.8250000000000002,-3.7125,-1.65,50000,5825,0.1165
6334,-0.8250000000000002,-3.7125,-1.2374999999999998,50000,5808,0.11616
6335,-0.8250000000000002,-3.7125,-0.8250000000000002,50000,5815,0.1163
6336,-0.8250000000000002,-3.7125,-0.4124999999999996,50000,5817,0.11634
6337,-0.8250000000000002,-3.7125,0.0,50000,5865,0.1173
6338,-0.8250000000000002,-3.7125,0.4125000000000005,50000,5850,0.117
6339,-0.8250000000000002,-3.7125,0.8250000000000002,50000,5871,0.11742
6340,-0.8250000000000002,-3.7125,1.2375000000000007,50000,5871,0.11742
6341,-0.8250000000000002,-3.7125,1.6500000000000004,50000,5759,0.11518
6342,-0.8250000000000002,-3.7125,2.0625,50000,5765,0.1153
6343,-0.8250000000000002,-3.7125,2.4750000000000005,50000,5827,0.11654
6344,-0.8250000000000002,-3.7125,2.8875,50000,5818,0.11636
6345,-0.8250000000000002,-3.7125,3.3,50000,5929,0.11858
6346,-0.8250000000000002,-3.7125,3.712500000000001,50000,5673,0.11346
6347,-0.8250000000000002,-3.7125,4.125000000000001,50000,5757,0.11514
6348,-0.8250000000000002,-3.7125,4.5375000000000005,50000,5706,0.11412
6349,-0.8250000000000002,-3.7125,4.95,50000,5666,0.11332
6350,-0.8250000000000002,-3.3,-4.95,50000,5656,0.11312
6351,-0.8250000000000002,-3.3,-4.5375000000000005,50000,5682,0.11364
6352,-0.8250000000000002,-3.3,-4.125,50000,5822,0.11644
6353,-0.8250000000000002,-3.3,-3.7125,50000,5630,0.1126
6354,-0.8250000000000002,-3.3,-3.3,50000,5840,0.1168
6355,-0.8250000000000002,-3.3,-2.8875,50000,5853,0.11706
6356,-0.8250000000000002,-3.3,-2.475,50000,5761,0.11522
6357,-0.8250000000000002,-3.3,-2.0625,50000,5836,0.11672
6358,-0.8250000000000002,-3.3,-1.65,50000,5843,0.11686
6359,-0.8250000000000002,-3.3,-1.2374999999999998,50000,5838,0.11676
6360,-0.8250000000000002,-3.3,-0.8250000000000002,50000,5878,0.11756
6361,-0.8250000000000002,-3.3,-0.4124999999999996,50000,5881,0.11762
6362,-0.8250000000000002,-3.3,0.0,50000,5911,0.11822
6363,-0.8250000000000002,-3.3,0.4125000000000005,50000,5936,0.11872
6364,-0.8250000000000002,-3.3,0.8250000000000002,50000,5867,0.11734
6365,-0.8250000000000002,-3.3,1.2375000000000007,50000,5998,0.11996
6366,-0.8250000000000002,-3.3,1.6500000000000004,50000,5848,0.11696
6367,-0.8250000000000002,-3.3,2.0625,50000,5770,0.1154
6368,-0.8250000000000002,-3.3,2.4750000000000005,50000,5835,0.1167
6369,-0.8250000000000002,-3.3,2.8875,50000,5920,0.1184
6370,-0.8250000000000002,-3.3,3.3,50000,5849,0.11698
6371,-0.8250000000000002,-3.3,3.712500000000001,50000,5715,0.1143
6372,-0.8250000000000002,-3.3,4.125000000000001,50000,5748,0.11496
6373,-0.8250000000000002,-3.3,4.5375000000000005,50000,5863,0.11726
6374,-0.8250000000000002,-3.3,4.95,50000,5700,0.114
6375,-0.8250000000000002,-2.8875,-4.95,50000,5772,0.11544
6376,-0.8250000000000002,-2.8875,-4.5375000000000005,50000,5806,0.11612
6377,-0.8250000000000002,-2.8875,-4.125,50000,5818,0.11636
6378,-0.8250000000000002,-2.8875,-3.7125,50000,5849,0.11698
6379,-0.8250000000000002,-2.8875,-3.3,50000,5807,0.11614
6380,-0.8250000000000002,-2.8875,-2.8875,50000,5800,0.116
6381,-0.8250000000000002,-2.8875,-2.475,50000,6012,0.12024
6382,-0.8250000000000002,-2.8875,-2.0625,50000,5985,0.1197
6383,-0.8250000000000002,-2.8875,-1.65,50000,5975,0.1195
6384,-0.8250000000000002,-2.8875,-1.2374999999999998,50000,5952,0.11904
6385,-0.8250000000000002,-2.8875,-0.8250000000000002,50000,5863,0.11726
6386,-0.8250000000000002,-2.8875,-0.4124999999999996,50000,5895,0.1179
6387,-0.8250000000000002,-2.8875,0.0,50000,5871,0.11742
6388,-0.8250000000000002,-2.8875,0.4125000000000005,50000,5876,0.11752
6389,-0.8250000000000002,-2.8875,0.8250000000000002,50000,5973,0.11946
6390,-0.8250000000000002,-2.8875,1.2375000000000007,50000,5939,0.11878
6391,-0.8250000000000002,-2.8875,1.6500000000000004,50000,5905,0.1181
6392,-0.8250000000000002,-2.8875,2.0625,50000,5840,0.1168
6393,-0.8250000000000002,-2.8875,2.4750000000000005,50000,5767,0.11534
6394,-0.8250000000000002,-2.8875,2.8875,50000,5851,0.11702
6395,-0.8250000000000002,-2.8875,3.3,50000,5819,0.11638
6396,-0.8250000000000002,-2.8875,3.712500000000001,50000,5808,0.11616
6397,-0.8250000000000002,-2.8875,4.125000000000001,50000,5738,0.11476
6398,-0.8250000000000002,-2.8875,4.5375000000000005,50000,5739,0.11478
6399,-0.8250000000000002,-2.8875,4.95,50000,5640,0.1128
6400,-0.8250000000000002,-2.475,-4.95,50000,5808,0.11616
6401,-0.8250000000000002,-2.475,-4.5375000000000005,50000,5852,0.11704
6402,-0.8250000000000002,-2.475,-4.125,50000,5852,0.11704
6403,-0.8250000000000002,-2.475,-3.7125,50000,5858,0.11716
6404,-0.8250000000000002,-2.475,-3.3,50000,5835,0.1167
6405,-0.8250000000000002,-2.475,-2.8875,50000,5946,0.11892
6406,-0.8250000000000002,-2.475,-2.475,50000,5990,0.1198
6407,-0.8250000000000002,-2.475,-2.0625,50000,5880,0.1176
6408,-0.8250000000000002,-2.475,-1.65,50000,5841,0.11682
6409,-0.8250000000000002,-2.475,-1.2374999999999998,50000,6041,0.12082
6410,-0.8250000000000002,-2.475,-0.8250000000000002,50000,5955,0.1191
6411,-0.8250000000000002,-2.475,-0.4124999999999996,50000,5905,0.1181
6412,-0.8250000000000002,-2.475,0.0,50000,6000,0.12
6413,-0.8250000000000002,-2.475,0.4125000000000005,50000,6062,0.12124
6414,-0.8250000000000002,-2.475,0.8250000000000002,50000,5978,0.11956
6415,-0.8250000000000002,-2.475,1.2375000000000007,50000,5861,0.11722
6416,-0.8250000000000002,-2.475,1.6500000000000004,50000,6033,0.12066
6417,-0.8250000000000002,-2.475,2.0625,50000,5865,0.1173
6418,-0.8250000000000002,-2.475,2.4750000000000005,50000,5867,0.11734
6419,-0.8250000000000002,-2.475,2.8875,50000,5860,0.1172
6420,-0.8250000000000002,-2.475,3.3,50000,5855,0.1171
6421,-0.8250000000000002,-2.475,3.712500000000001,50000,5826,0.11652
6422,-0.8250000000000002,-2.475,4.125000000000001,50000,5706,0.11412
6423,-0.8250000000000002,-2.475,4.5375000000000005,50000,5893,0.11786
6424,-0.8250000000000002,-2.475,4.95,50000,5899,0.11798
6425,-0.8250000000000002,-2.0625,-4.95,50000,5890,0.1178
6426,-0.8250000000000002,-2.0625,-4.5375000000000005,50000,5900,0.118
6427,-0.8250000000000002,-2.0625,-4.125,50000,5724,0.11448
6428,-0.8250000000000002,-2.0625,-3.7125,50000,5915,0.1183
6429,-0.8250000000000002,-2.0625,-3.3,50000,5911,0.11822
6430,-0.8250000000000002,-2.0625,-2.8875,50000,5783,0.11566
6431,-0.8250000000000002,-2.0625,-2.475,50000,5877,0.11754
6432,-0.8250000000000002,-2.0625,-2.0625,50000,5991,0.11982
6433,-0.8250000000000002,-2.0625,-1.65,50000,5885,0.1177
6434,-0.8250000000000002,-2.0625,-1.2374999999999998,50000,5980,0.1196
6435,-0.8250000000000002,-2.0625,-0.8250000000000002,50000,5951,0.11902
6436,-0.8250000000000002,-2.0625,-0.4124999999999996,50000,6005,0.1201
6437,-0.8250000000000002,-2.0625,0.0,50000,5918,0.11836
6438,-0.8250000000000002,-2.0625,0.4125000000000005,50000,6015,0.1203
6439,-0.8250000000000002,-2.0625,0.8250000000000002,50000,6094,0.12188
6440,-0.8250000000000002,-2.0625,1.2375000000000007,50000,6025,0.1205
6441,-0.8250000000000002,-2.0625,1.6500000000000004,50000,5946,0.11892
6442,-0.8250000000000002,-2.0625,2.0625,50000,5957,0.11914
6443,-0.8250000000000002,-2.0625,2.4750000000000005,50000,5930,0.1186
6444,-0.8250000000000002,-2.0625,2.8875,50000,5835,0.1167
6445,-0.8250000000000002,-2.0625,3.3,50000,5929,0.11858
6446,-0.8250000000000002,-2.0625,3.712500000000001,50000,5894,0.11788
6447,-0.8250000000000002,-2.0625,4.125000000000001,50000,5829,0.11658
6448,-0.8250000000000002,-2.0625,4.5375000000000005,50000,5915,0.1183
6449,-0.8250000000000002,-2.0625,4.95,50000,5790,0.1158
6450,-0.8250000000000002,-1.65,-4.95,50000,5910,0.1182
6451,-0.8250000000000002,-1.65,-4.5375000000000005,50000,6002,0.12004
6452,-0.8250000000000002,-1.65,-4.125,50000,5803,0.11606
6453,-0.8250000000000002,-1.65,-3.7125,50000,5929,0.11858
6454,-0.8250000000000002,-1.65,-3.3,50000,6008,0.12016
6455,-0.8250000000000002,-1.65,-2.8875,50000,5943,0.11886
6456,-0.8250000000000002,-1.65,-2.475,50000,5912,0.11824
6457,-0.8250000000000002,-1.65,-2.0625,50000,6186,0.12372
6458,-0.8250000000000002,-1.65,-1.65,50000,6070,0.1214
6459,-0.8250000000000002,-1.65,-1.2374999999999998,50000,6011,0.12022
6460,-0.8250000000000002,-1.65,-0.8250000000000002,50000,6055,0.1211
6461,-0.8250000000000002,-1.65,-0.4124999999999996,50000,6010,0.1202
6462,-0.8250000000000002,-1.65,0.0,50000,6036,0.12072
6463,-0.8250000000000002,-1.65,0.4125000000000005,50000,6103,0.12206
6464,-0.8250000000000002,-1.65,0.8250000000000002,50000,6086,0.12172
6465,-0.8250000000000002,-1.65,1.2375000000000007,50000,6073,0.12146
6466,-0.8250000000000002,-1.65,1.6500000000000004,50000,5979,0.11958
6467,-0.8250000000000002,-1.65,2.0625,50000,5934,0.11868
6468,-0.8250000000000002,-1.65,2.4750000000000005,50000,5924,0.11848
6469,-0.8250000000000002,-1.65,2.8875,50000,5914,0.11828
6470,-0.8250000000000002,-1.65,3.3,50000,5973,0.11946
6471,-0.8250000000000002,-1.65,3.712500000000001,50000,5852,0.11704
6472,-0.8250000000000002,-1.65,4.125000000000001,50000,5885,0.1177
6473,-0.8250000000000002,-1.65,4.5375000000000005,50000,5880,0.1176
6474,-0.8250000000000002,-1.65,4.95,50000,5974,0.11948
6475,-0.8250000000000002,-1.2374999999999998,-4.95,50000,5973,0.11946
6476,-0.8250000000000002,-1.2374999999999998,-4.5375000000000005,50000,6108,0.12216
6477,-0.8250000000000002,-1.2374999999999998,-4.125,50000,6050,0.121
6478,-0.8250000000000002,-1.2374999999999998,-3.7125,50000,5904,0.11808
6479,-0.8250000000000002,-1.2374999999999998,-3.3,50000,6111,0.12222
6480,-0.8250000000000002,-1.2374999999999998,-2.8875,50000,6120,0.1224
6481,-0.8250000000000002,-1.2374999999999998,-2.475,50000,6126,0.12252
6482,-0.8250000000000002,-1.2374999999999998,-2.0625,50000,6149,0.12298
6483,-0.8250000000000002,-1.2374999999999998,-1.65,50000,6147,0.12294
6484,-0.8250000000000002,-1.2374999999999998,-1.2374999999999998,50000,6030,0.1206
6485,-0.8250000000000002,-1.2374999999999998,-0.8250000000000002,50000,6191,0.12382
6486,-0.8250000000000002,-1.2374999999999998,-0.4124999999999996,50000,6083,0.12166
6487,-0.8250000000000002,-1.2374999999999998,0.0,50000,6049,0.12098
6488,-0.8250000000000002,-1.2374999999999998,0.4125000000000005,50000,6245,0.1249
6489,-0.8250000000000002,-1.2374999999999998,0.8250000000000002,50000,6124,0.12248
6490,-0.8250000000000002,-1.2374999999999998,1.2375000000000007,50000,6133,0.12266
6491,-0.8250000000000002,-1.2374999999999998,1.6500000000000004,50000,6241,0.12482
6492,-0.8250000000000002,-1.2374999999999998,2.0625,50000,6145,0.1229
6493,-0.8250000000000002,-1.2374999999999998,2.4750000000000005,50000,6038,0.12076
6494,-0.8250000000000002,-1.2374999999999998,2.8875,50000,6014,0.12028
6495,-0.8250000000000002,-1.2374999999999998,3.3,50000,6125,0.1225
6496,-0.8250000000000002,-1.2374999999999998,3.712500000000001,50000,6012,0.12024
6497,-0.8250000000000002,-1.2374999999999998,4.125000000000001,50000,5953,0.11906
6498,-0.8250000000000002,-1.2374999999999998,4.5375000000000005,50000,5864,0.11728
6499,-0.8250000000000002,-1.2374999999999998,4.95,50000,6080,0.1216
6500,-0.8250000000000002,-0.8250000000000002,-4.95,50000,6040,0.1208
6501,-0.8250000000000002,-0.8250000000000002,-4.5375000000000005,50000,6056,0.12112
6502,-0.8250000000000002,-0.8250000000000002,-4.125,50000,5965,0.1193
6503,-0.8250000000000002,-0.8250000000000002,-3.7125,50000,5995,0.1199
6504,-0.8250000000000002,-0.8250000000000002,-3.3,50000,6008,0.12016
6505,-0.8250000000000002,-0.8250000000000002,-2.8875,50000,6023,0.12046
6506,-0.8250000000000002,-0.8250000000000002,-2.475,50000,6136,0.12272
6507,-0.8250000000000002,-0.8250000000000002,-2.0625,50000,6114,0.12228
6508,-0.8250000000000002,-0.8250000000000002,-1.65,50000,6092,0.12184
6509,-0.8250000000000002,-0.8250000000000002,-1.2374999999999998,50000,6180,0.1236
6510,-0.8250000000000002,-0.8250000000000002,-0.8250000000000002,50000,6213,0.12426
6511,-0.8250000000000002,-0.8250000000000002,-0.4124999999999996,50000,6231,0.12462
6512,-0.8250000000000002,-0.8250000000000002,0.0,50000,6220,0.1244
6513,-0.8250000000000002,-0.8250000000000002,0.4125000000000005,50000,6429,0.12858
6514,-0.8250000000000002,-0.8250000000000002,0.8250000000000002,50000,6163,0.12326
6515,-0.8250000000000002,-0.8250000000000002,1.2375000000000007,50000,6189,0.12378
6516,-0.8250000000000002,-0.8250000000000002,1.6500000000000004,50000,6178,0.12356
6517,-0.8250000000000002,-0.8250000000000002,2.0625,50000,6185,0.1237
6518,-0.8250000000000002,-0.8250000000000002,2.4750000000000005,50000,6158,0.12316
6519,-0.8250000000000002,-0.8250000000000002,2.8875,50000,6036,0.12072
6520,-0.8250000000000002,-0.8250000000000002,3.3,50000,6041,0.12082
6521,-0.8250000000000002,-0.8250000000000002,3.712500000000001,50000,6109,0.12218
6522,-0.8250000000000002,-0.8250000000000002,4.125000000000001,50000,6127,0.12254
6523,-0.8250000000000002,-0.8250000000000002,4.5375000000000005,50000,5975,0.1195
6524,-0.8250000000000002,-0.8250000000000002,4.95,50000,5848,0.11696
6525,-0.8250000000000002,-0.4124999999999996,-4.95,50000,5847,0.11694
6526,-0.8250000000000002,-0.4124999999999996,-4.5375000000000005,50000,6079,0.12158
6527,-0.8250000000000002,-0.4124999999999996,-4.125,50000,6094,0.12188
6528,-0.8250000000000002,-0.4124999999999996,-3.7125,50000,6143,0.12286
6529,-0.8250000000000002,-0.4124999999999996,-3.3,50000,6079,0.12158
6530,-0.8250000000000002,-0.4124999999999996,-2.8875,50000,6106,0.12212
6531,-0.8250000000000002,-0.4124999999999996,-2.475,50000,6296,0.12592
6532,-0.8250000000000002,-0.4124999999999996,-2.0625,50000,6186,0.12372
6533,-0.8250000000000002,-0.4124999999999996,-1.65,50000,6408,0.12816
6534,-0.8250000000000002,-0.4124999999999996,-1.2374999999999998,50000,6423,0.12846
6535,-0.8250000000000002,-0.4124999999999996,-0.8250000000000002,50000,6283,0.12566
6536,-0.8250000000000002,-0.4124999999999996,-0.4124999999999996,50000,6313,0.12626
6537,-0.8250000000000002,-0.4124999999999996,0.0,50000,6350,0.127
6538,-0.8250000000000002,-0.4124999999999996,0.4125000000000005,50000,6412,0.12824
6539,-0.8250000000000002,-0.4124999999999996,0.8250000000000002,50000,6356,0.12712
6540,-0.8250000000000002,-0.4124999999999996,1.2375000000000007,50000,6374,0.12748
6541,-0.8250000000000002,-0.4124999999999996,1.6500000000000004,50000,6411,0.12822
6542,-0.8250000000000002,-0.4124999999999996,2.0625,50000,6394,0.12788
6543,-0.8250000000000002,-0.4124999999999996,2.4750000000000005,50000,6173,0.12346
6544,-0.8250000000000002,-0.4124999999999996,2.8875,50000,6150,0.123
6545,-0.8250000000000002,-0.4124999999999996,3.3,50000,6100,0.122
6546,-0.8250000000000002,-0.4124999999999996,3.712500000000001,50000,6081,0.12162
6547,-0.8250000000000002,-0.4124999999999996,4.125000000000001,50000,5999,0.11998
6548,-0.8250000000000002,-0.4124999999999996,4.5375000000000005,50000,6119,0.12238
6549,-0.8250000000000002,-0.4124999999999996,4.95,50000,6089,0.12178
6550,-0.8250000000000002,0.0,-4.95,50000,6012,0.12024
6551,-0.8250000000000002,0.0,-4.5375000000000005,50000,6166,0.12332
6552,-0.8250000000000002,0.0,-4.125,50000,6180,0.1236
6553,-0.8250000000000002,0.0,-3.7125,50000,6183,0.12366
6554,-0.8250000000000002,0.0,-3.3,50000,6214,0.12428
6555,-0.8250000000000002,0.0,-2.8875,50000,6170,0.1234
6556,-0.8250000000000002,0.0,-2.475,50000,6280,0.1256
6557,-0.8250000000000002,0.0,-2.0625,50000,6300,0.126
6558,-0.8250000000000002,0.0,-1.65,50000,6363,0.12726
6559,-0.8250000000000002,0.0,-1.2374999999999998,50000,6438,0.12876
6560,-0.8250000000000002,0.0,-0.8250000000000002,50000,6457,0.12914
6561,-0.8250000000000002,0.0,-0.4124999999999996,50000,6376,0.12752
6562,-0.8250000000000002,0.0,0.0,50000,6562,0.13124
6563,-0.8250000000000002,0.0,0.4125000000000005,50000,6642,0.13284
6564,-0.8250000000000002,0.0,0.8250000000000002,50000,6527,0.13054
6565,-0.8250000000000002,0.0,1.2375000000000007,50000,6175,0.1235
6566,-0.8250000000000002,0.0,1.6500000000000004,50000,6295,0.1259
6567,-0.8250000000000002,0.0,2.0625,50000,6455,0.1291
6568,-0.8250000000000002,0.0,2.4750000000000005,50000,6383,0.12766
6569,-0.8250000000000002,0.0,2.8875,50000,6198,0.12396
6570,-0.8250000000000002,0.0,3.3,50000,6195,0.1239
6571,-0.8250000000000002,0.0,3.712500000000001,50000,6207,0.12414
6572,-0.8250000000000002,0.0,4.125000000000001,50000,6181,0.12362
6573,-0.8250000000000002,0.0,4.5375000000000005,50000,6051,0.12102
6574,-0.8250000000000002,0.0,4.95,50000,6092,0.12184
6575,-0.8250000000000002,0.4125000000000005,-4.95,50000,6314,0.12628
6576,-0.8250000000000002,0.4125000000000005,-4.5375000000000005,50000,6281,0.12562
6577,-0.8250000000000002,0.4125000000000005,-4.125,50000,6167,0.12334
6578,-0.8250000000000002,0.4125000000000005,-3.7125,50000,6050,0.121
6579,-0.8250000000000002,0.4125000000000005,-3.3,50000,6239,0.12478
6580,-0.8250000000000002,0.4125000000000005,-2.8875,50000,6349,0.12698
6581,-0.8250000000000002,0.4125000000000005,-2.475,50000,6403,0.12806
6582,-0.8250000000000002,0.4125000000000005,-2.0625,50000,6398,0.12796
6583,-0.8250000000000002,0.4125000000000005,-1.65,50000,6667,0.13334
6584,-0.8250000000000002,0.4125000000000005,-1.2374999999999998,50000,6612,0.13224
6585,-0.8250000000000002,0.4125000000000005,-0.8250000000000002,50000,6536,0.13072
6586,-0.8250000000000002,0.4125000000000005,-0.4124999999999996,50000,6711,0.13422
6587,-0.8250000000000002,0.4125000000000005,0.0,50000,6725,0.1345
6588,-0.8250000000000002,0.4125000000000005,0.4125000000000005,50000,6661,0.13322
6589,-0.8250000000000002,0.4125000000000005,0.8250000000000002,50000,6587,0.13174
6590,-0.8250000000000002,0.4125000000000005,1.2375000000000007,50000,6523,0.13046
6591,-0.8250000000000002,0.4125000000000005,1.6500000000000004,50000,6517,0.13034
6592,-0.8250000000000002,0.4125000000000005,2.0625,50000,6536,0.13072
6593,-0.8250000000000002,0.4125000000000005,2.4750000000000005,50000,6467,0.12934
6594,-0.8250000000000002,0.4125000000000005,2.8875,50000,6367,0.12734
6595,-0.8250000000000002,0.4125000000000005,3.3,50000,6230,0.1246
6596,-0.8250000000000002,0.4125000000000005,3.712500000000001,50000,6187,0.12374
6597,-0.8250000000000002,0.4125000000000005,4.125000000000001,50000,6122,0.12244
6598,-0.8250000000000002,0.4125000000000005,4.5375000000000005,50000,6218,0.12436
6599,-0.8250000000000002,0.4125000000000005,4.95,50000,6120,0.1224
6600,-0.8250000000000002,0.8250000000000002,-4.95,50000,6235,0.1247
6601,-0.8250000000000002,0.8250000000000002,-4.5375000000000005,50000,6336,0.12672
6602,-0.8250000000000002,0.8250000000000002,-4.125,50000,6193,0.12386
6603,-0.8250000000000002,0.8250000000000002,-3.7125,50000,6357,0.12714
6604,-0.8250000000000002,0.8250000000000002,-3.3,50000,6456,0.12912
6605,-0.8250000000000002,0.8250000000000002,-2.8875,50000,6509,0.13018
6606,-0.8250000000000002,0.8250000000000002,-2.475,50000,6521,0.13042
6607,-0.8250000000000002,0.8250000000000002,-2.0625,50000,6614,0.13228
6608,-0.8250000000000002,0.8250000000000002,-1.65,50000,6663,0.13326
6609,-0.8250000000000002,0.8250000000000002,-1.2374999999999998,50000,6773,0.13546
6610,-0.8250000000000002,0.8250000000000002,-0.8250000000000002,50000,6950,0.139
6611,-0.8250000000000002,0.8250000000000002,-0.4124999999999996,50000,6865,0.1373
6612,-0.8250000000000002,0.8250000000000002,0.0,50000,6836,0.13672
6613,-0.8250000000000002,0.8250000000000002,0.4125000000000005,50000,6896,0.13792
6614,-0.8250000000000002,0.8250000000000002,0.8250000000000002,50000,6784,0.13568
6615,-0.8250000000000002,0.8250000000000002,1.2375000000000007,50000,6667,0.13334
6616,-0.8250000000000002,0.8250000000000002,1.6500000000000004,50000,6714,0.13428
6617,-0.8250000000000002,0.8250000000000002,2.0625,50000,6604,0.13208
6618,-0.8250000000000002,0.8250000000000002,2.4750000000000005,50000,6486,0.12972
6619,-0.8250000000000002,0.8250000000000002,2.8875,50000,6388,0.12776
6620,-0.8250000000000002,0.8250000000000002,3.3,50000,6223,0.12446
6621,-0.8250000000000002,0.8250000000000002,3.712500000000001,50000,6363,0.12726
6622,-0.8250000000000002,0.8250000000000002,4.125000000000001,50000,6117,0.12234
6623,-0.8250000000000002,0.8250000000000002,4.5375000000000005,50000,6231,0.12462
6624,-0.8250000000000002,0.8250000000000002,4.95,50000,6264,0.12528
6625,-0.8250000000000002,1.2375000000000007,-4.95,50000,6300,0.126
6626,-0.8250000000000002,1.2375000000000007,-4.5375000000000005,50000,6322,0.12644
6627,-0.8250000000000002,1.2375000000000007,-4.125,50000,6166,0.12332
6628,-0.8250000000000002,1.2375000000000007,-3.7125,50000,6196,0.12392
6629,-0.8250000000000002,1.2375000000000007,-3.3,50000,6583,0.13166
6630,-0.8250000000000002,1.2375000000000007,-2.8875,50000,6440,0.1288
6631,-0.8250000000000002,1.2375000000000007,-2.475,50000,6617,0.13234
6632,-0.8250000000000002,1.2375000000000007,-2.0625,50000,6700,0.134
6633,-0.8250000000000002,1.2375000000000007,-1.65,50000,6921,0.13842
6634,-0.8250000000000002,1.2375000000000007,-1.2374999999999998,50000,6973,0.13946
6635,-0.8250000000000002,1.2375000000000007,-0.8250000000000002,50000,6973,0.13946
6636,-0.8250000000000002,1.2375000000000007,-0.4124999999999996,50000,7156,0.14312
6637,-0.8250000000000002,1.2375000000000007,0.0,50000,7175,0.1435
6638,-0.8250000000000002,1.2375000000000007,0.4125000000000005,50000,7109,0.14218
6639,-0.8250000000000002,1.2375000000000007,0.8250000000000002,50000,6954,0.13908
6640,-0.8250000000000002,1.2375000000000007,1.2375000000000007,50000,7039,0.14078
6641,-0.8250000000000002,1.2375000000000007,1.6500000000000004,50000,6868,0.13736
6642,-0.8250000000000002,1.2375000000000007,2.0625,50000,6763,0.13526
6643,-0.8250000000000002,1.2375000000000007,2.4750000000000005,50000,6708,0.13416
6644,-0.8250000000000002,1.2375000000000007,2.8875,50000,6622,0.13244
6645,-0.8250000000000002,1.2375000000000007,3.3,50000,6328,0.12656
6646,-0.8250000000000002,1.2375000000000007,3.712500000000001,50000,6337,0.12674
6647,-0.8250000000000002,1.2375000000000007,4.125000000000001,50000,6322,0.12644
6648,-0.8250000000000002,1.2375000000000007,4.5375000000000005,50000,6346,0.12692
6649,-0.8250000000000002,1.2375000000000007,4.95,50000,6285,0.1257
6650,-0.8250000000000002,1.6500000000000004,-4.95,50000,6437,0.12874
6651,-0.8250000000000002,1.6500000000000004,-4.5375000000000005,50000,6337,0.12674
6652,-0.8250000000000002,1.6500000000000004,-4.125,50000,6333,0.12666
6653,-0.8250000000000002,1.6500000000000004,-3.7125,50000,6376,0.12752
6654,-0.8250000000000002,1.6500000000000004,-3.3,50000,6532,0.13064
6655,-0.8250000000000002,1.6500000000000004,-2.8875,50000,6900,0.138
6656,-0.8250000000000002,1.6500000000000004,-2.475,50000,6808,0.13616
6657,-0.8250000000000002,1.6500000000000004,-2.0625,50000,7167,0.14334
6658,-0.8250000000000002,1.6500000000000004,-1.65,50000,7135,0.1427
6659,-0.8250000000000002,1.6500000000000004,-1.2374999999999998,50000,7406,0.14812
6660,-0.8250000000000002,1.6500000000000004,-0.8250000000000002,50000,7376,0.14752
6661,-0.8250000000000002,1.6500000000000004,-0.4124999999999996,50000,7460,0.1492
6662,-0.8250000000000002,1.6500000000000004,0.0,50000,7537,0.15074
6663,-0.8250000000000002,1.6500000000000004,0.4125000000000005,50000,7346,0.14692
6664,-0.8250000000000002,1.6500000000000004,0.8250000000000002,50000,7355,0.1471
6665,-0.8250000000000002,1.6500000000000004,1.2375000000000007,50000,7441,0.14882
6666,-0.8250000000000002,1.6500000000000004,1.6500000000000004,50000,7322,0.14644
6667,-0.8250000000000002,1.6500000000000004,2.0625,50000,6990,0.1398
6668,-0.8250000000000002,1.6500000000000004,2.4750000000000005,50000,6841,0.13682
6669,-0.8250000000000002,1.6500000000000004,2.8875,50000,6791,0.13582
6670,-0.8250000000000002,1.6500000000000004,3.3,50000,6684,0.13368
6671,-0.8250000000000002,1.6500000000000004,3.712500000000001,50000,6501,0.13002
6672,-0.8250000000000002,1.6500000000000004,4.125000000000001,50000,6224,0.12448
6673,-0.8250000000000002,1.6500000000000004,4.5375000000000005,50000,6496,0.12992
6674,-0.8250000000000002,1.6500000000000004,4.95,50000,6273,0.12546
6675,-0.8250000000000002,2.0625,-4.95,50000,6326,0.12652
6676,-0.8250000000000002,2.0625,-4.5375000000000005,50000,6291,0.12582
6677,-0.8250000000000002,2.0625,-4.125,50000,6320,0.1264
6678,-0.8250000000000002,2.0625,-3.7125,50000,6402,0.12804
6679,-0.8250000000000002,2.0625,-3.3,50000,6633,0.13266
6680,-0.8250000000000002,2.0625,-2.8875,50000,6770,0.1354
6681,-0.8250000000000002,2.0625,-2.475,50000,6951,0.13902
6682,-0.8250000000000002,2.0625,-2.0625,50000,7280,0.1456
6683,-0.8250000000000002,2.0625,-1.65,50000,7444,0.14888
6684,-0.8250000000000002,2.0625,-1.2374999999999998,50000,7586,0.15172
6685,-0.8250000000000002,2.0625,-0.8250000000000002,50000,7668,0.15336
6686,-0.8250000000000002,2.0625,-0.4124999999999996,50000,7878,0.15756
6687,-0.8250000000000002,2.0625,0.0,50000,7805,0.1561
6688,-0.8250000000000002,2.0625,0.4125000000000005,50000,7806,0.15612
6689,-0.8250000000000002,2.0625,0.8250000000000002,50000,7650,0.153
6690,-0.8250000000000002,2.0625,1.2375000000000007,50000,7516,0.15032
6691,-0.8250000000000002,2.0625,1.6500000000000004,50000,7490,0.1498
6692,-0.8250000000000002,2.0625,2.0625,50000,7195,0.1439
6693,-0.8250000000000002,2.0625,2.4750000000000005,50000,7014,0.14028
6694,-0.8250000000000002,2.0625,2.8875,50000,6766,0.13532
6695,-0.8250000000000002,2.0625,3.3,50000,6659,0.13318
6696,-0.8250000000000002,2.0625,3.712500000000001,50000,6338,0.12676
6697,-0.8250000000000002,2.0625,4.125000000000001,50000,6285,0.1257
6698,-0.8250000000000002,2.0625,4.5375000000000005,50000,6415,0.1283
6699,-0.8250000000000002,2.0625,4.95,50000,6405,0.1281
6700,-0.8250000000000002,2.4750000000000005,-4.95,50000,6435,0.1287
6701,-0.8250000000000002,2.4750000000000005,-4.5375000000000005,50000,6260,0.1252
6702,-0.8250000000000002,2.4750000000000005,-4.125,50000,6275,0.1255
6703,-0.8250000000000002,2.4750000000000005,-3.7125,50000,6406,0.12812
6704,-0.8250000000000002,2.4750000000000005,-3.3,50000,6685,0.1337
6705,-0.8250000000000002,2.4750000000000005,-2.8875,50000,7057,0.14114
6706,-0.8250000000000002,2.4750000000000005,-2.475,50000,7195,0.1439
6707,-0.8250000000000002,2.4750000000000005,-2.0625,50000,7611,0.15222
6708,-0.8250000000000002,2.4750000000000005,-1.65,50000,7870,0.1574
6709,-0.8250000000000002,2.4750000000000005,-1.2374999999999998,50000,7941,0.15882
6710,-0.8250000000000002,2.4750000000000005,-0.8250000000000002,50000,8170,0.1634
6711,-0.8250000000000002,2.4750000000000005,-0.4124999999999996,50000,8342,0.16684
6712,-0.8250000000000002,2.4750000000000005,0.0,50000,8326,0.16652
6713,-0.8250000000000002,2.4750000000000005,0.4125000000000005,50000,8219,0.16438
6714,-0.8250000000000002,2.4750000000000005,0.8250000000000002,50000,8204,0.16408
6715,-0.8250000000000002,2.4750000000000005,1.2375000000000007,50000,8006,0.16012
6716,-0.8250000000000002,2.4750000000000005,1.6500000000000004,50000,7809,0.15618
6717,-0.8250000000000002,2.4750000000000005,2.0625,50000,7549,0.15098
6718,-0.8250000000000002,2.4750000000000005,2.4750000000000005,50000,7417,0.14834
6719,-0.8250000000000002,2.4750000000000005,2.8875,50000,6950,0.139
6720,-0.8250000000000002,2.4750000000000005,3.3,50000,6671,0.13342
6721,-0.8250000000000002,2.4750000000000005,3.712500000000001,50000,6488,0.12976
6722,-0.8250000000000002,2.4750000000000005,4.125000000000001,50000,6354,0.12708
6723,-0.8250000000000002,2.4750000000000005,4.5375000000000005,50000,6125,0.1225
6724,-0.8250000000000002,2.4750000000000005,4.95,50000,6344,0.12688
6725,-0.8250000000000002,2.8875,-4.95,50000,6238,0.12476
6726,-0.8250000000000002,2.8875,-4.5375000000000005,50000,6063,0.12126
6727,-0.8250000000000002,2.8875,-4.125,50000,6188,0.12376
6728,-0.8250000000000002,2.8875,-3.7125,50000,6468,0.12936
6729,-0.8250000000000002,2.8875,-3.3,50000,6801,0.13602
6730,-0.8250000000000002,2.8875,-2.8875,50000,7190,0.1438
6731,-0.8250000000000002,2.8875,-2.475,50000,7653,0.15306
6732,-0.8250000000000002,2.8875,-2.0625,50000,7932,0.15864
6733,-0.8250000000000002,2.8875,-1.65,50000,8220,0.1644
6734,-0.8250000000000002,2.8875,-1.2374999999999998,50000,8380,0.1676
6735,-0.8250000000000002,2.8875,-0.8250000000000002,50000,8604,0.17208
6736,-0.8250000000000002,2.8875,-0.4124999999999996,50000,8717,0.17434
6737,-0.8250000000000002,2.8875,0.0,50000,8856,0.17712
6738,-0.8250000000000002,2.8875,0.4125000000000005,50000,8787,0.17574
6739,-0.8250000000000002,2.8875,0.8250000000000002,50000,8858,0.17716
6740,-0.8250000000000002,2.8875,1.2375000000000007,50000,8569,0.17138
6741,-0.8250000000000002,2.8875,1.6500000000000004,50000,8278,0.16556
6742,-0.8250000000000002,2.8875,2.0625,50000,8121,0.16242
6743,-0.8250000000000002,2.8875,2.4750000000000005,50000,7491,0.14982
6744,-0.8250000000000002,2.8875,2.8875,50000,7323,0.14646
6745,-0.8250000000000002,2.8875,3.3,50000,6798,0.13596
6746,-0.8250000000000002,2.8875,3.712500000000001,50000,6511,0.13022
6747,-0.8250000000000002,2.8875,4.125000000000001,50000,6166,0.12332
6748,-0.8250000000000002,2.8875,4.5375000000000005,50000,6115,0.1223
6749,-0.8250000000000002,2.8875,4.95,50000,6174,0.12348
6750,-0.8250000000000002,3.3,-4.95,50000,5915,0.1183
6751,-0.8250000000000002,3.3,-4.5375000000000005,50000,5833,0.11666
6752,-0.8250000000000002,3.3,-4.125,50000,5850,0.117
6753,-0.8250000000000002,3.3,-3.7125,50000,6348,0.12696
6754,-0.8250000000000002,3.3,-3.3,50000,6916,0.13832
6755,-0.8250000000000002,3.3,-2.8875,50000,7436,0.14872
6756,-0.8250000000000002,3.3,-2.475,50000,8116,0.16232
6757,-0.8250000000000002,3.3,-2.0625,50000,8596,0.17192
6758,-0.8250000000000002,3.3,-1.65,50000,8975,0.1795
6759,-0.8250000000000002,3.3,-1.2374999999999998,50000,9380,0.1876
6760,-0.8250000000000002,3.3,-0.8250000000000002,50000,9544,0.19088
6761,-0.8250000000000002,3.3,-0.4124999999999996,50000,9591,0.19182
6762,-0.8250000000000002,3.3,0.0,50000,9580,0.1916
6763,-0.8250000000000002,3.3,0.4125000000000005,50000,9605,0.1921
6764,-0.8250000000000002,3.3,0.8250000000000002,50000,9306,0.18612
6765,-0.8250000000000002,3.3,1.2375000000000007,50000,9365,0.1873
6766,-0.8250000000000002,3.3,1.6500000000000004,50000,9255,0.1851
6767,-0.8250000000000002,3.3,2.0625,50000,8675,0.1735
6768,-0.8250000000000002,3.3,2.4750000000000005,50000,8163,0.16326
6769,-0.8250000000000002,3.3,2.8875,50000,7364,0.14728
6770,-0.8250000000000002,3.3,3.3,50000,6989,0.13978
6771,-0.8250000000000002,3.3,3.712500000000001,50000,6540,0.1308
6772,-0.8250000000000002,3.3,4.125000000000001,50000,6098,0.12196
6773,-0.8250000000000002,3.3,4.5375000000000005,50000,5669,0.11338
6774,-0.8250000000000002,3.3,4.95,50000,5820,0.1164
6775,-0.8250000000000002,3.712500000000001,-4.95,50000,5405,0.1081
6776,-0.8250000000000002,3.712500000000001,-4.5375000000000005,50000,5311,0.10622
6777,-0.8250000000000002,3.712500000000001,-4.125,50000,5536,0.11072
6778,-0.8250000000000002,3.712500000000001,-3.7125,50000,5859,0.11718
6779,-0.8250000000000002,3.712500000000001,-3.3,50000,6817,0.13634
6780,-0.8250000000000002,3.712500000000001,-2.8875,50000,7656,0.15312
6781,-0.8250000000000002,3.712500000000001,-2.475,50000,8559,0.17118
6782,-0.8250000000000002,3.712500000000001,-2.0625,50000,9434,0.18868
6783,-0.8250000000000002,3.712500000000001,-1.65,50000,9801,0.19602
6784,-0.8250000000000002,3.712500000000001,-1.2374999999999998,50000,10249,0.20498
6785,-0.8250000000000002,3.712500000000001,-0.8250000000000002,50000,10362,0.20724
6786,-0.8250000000000002,3.712500000000001,-0.4124999999999996,50000,10449,0.20898
6787,-0.8250000000000002,3.712500000000001,0.0,50000,10569,0.21138
6788,-0.8250000000000002,3.712500000000001,0.4125000000000005,50000,10229,0.20458
6789,-0.8250000000000002,3.712500000000001,0.8250000000000002,50000,10294,0.20588
6790,-0.8250000000000002,3.712500000000001,1.2375000000000007,50000,10306,0.20612
6791,-0.8250000000000002,3.712500000000001,1.6500000000000004,50000,9801,0.19602
6792,-0.8250000000000002,3.712500000000001,2.0625,50000,9249,0.18498
6793,-0.8250000000000002,3.712500000000001,2.4750000000000005,50000,8704,0.17408
6794,-0.8250000000000002,3.712500000000001,2.8875,50000,7752,0.15504
6795,-0.8250000000000002,3.712500000000001,3.3,50000,6875,0.1375
6796,-0.8250000000000002,3.712500000000001,3.712500000000001,50000,5957,0.11914
6797,-0.8250000000000002,3.712500000000001,4.125000000000001,50000,5666,0.11332
6798,-0.8250000000000002,3.712500000000001,4.5375000000000005,50000,5315,0.1063
6799,-0.8250000000000002,3.712500000000001,4.95,50000,5500,0.11
6800,-0.8250000000000002,4.125000000000001,-4.95,50000,4708,0.09416
6801,-0.8250000000000002,4.125000000000001,-4.5375000000000005,50000,4692,0.09384
6802,-0.8250000000000002,4.125000000000001,-4.125,50000,4856,0.09712
6803,-0.8250000000000002,4.125000000000001,-3.7125,50000,5629,0.11258
6804,-0.8250000000000002,4.125000000000001,-3.3,50000,6474,0.12948
6805,-0.8250000000000002,4.125000000000001,-2.8875,50000,8148,0.16296
6806,-0.8250000000000002,4.125000000000001,-2.475,50000,9561,0.19122
6807,-0.8250000000000002,4.125000000000001,-2.0625,50000,10545,0.2109
6808,-0.8250000000000002,4.125000000000001,-1.65,50000,10888,0.21776
6809,-0.8250000000000002,4.125000000000001,-1.2374999999999998,50000,11214,0.22428
6810,-0.8250000000000002,4.125000000000001,-0.8250000000000002,50000,11480,0.2296
6811,-0.8250000000000002,4.125000000000001,-0.4124999999999996,50000,11414,0.22828
6812,-0.8250000000000002,4.125000000000001,0.0,50000,11389,0.22778
6813,-0.8250000000000002,4.125000000000001,0.4125000000000005,50000,11466,0.22932
6814,-0.8250000000000002,4.125000000000001,0.8250000000000002,50000,11303,0.22606
6815,-0.8250000000000002,4.125000000000001,1.2375000000000007,50000,11263,0.22526
6816,-0.8250000000000002,4.125000000000001,1.6500000000000004,50000,10925,0.2185
6817,-0.8250000000000002,4.125000000000001,2.0625,50000,10399,0.20798
6818,-0.8250000000000002,4.125000000000001,2.4750000000000005,50000,9533,0.19066
6819,-0.8250000000000002,4.125000000000001,2.8875,50000,8332,0.16664
6820,-0.8250000000000002,4.125000000000001,3.3,50000,6810,0.1362
6821,-0.8250000000000002,4.125000000000001,3.712500000000001,50000,5731,0.11462
6822,-0.8250000000000002,4.125000000000001,4.125000000000001,50000,4976,0.09952
6823,-0.8250000000000002,4.125000000000001,4.5375000000000005,50000,4760,0.0952
6824,-0.8250000000000002,4.125000000000001,4.95,50000,4699,0.09398
6825,-0.8250000000000002,4.5375000000000005,-4.95,50000,3845,0.0769
6826,-0.8250000000000002,4.5375000000000005,-4.5375000000000005,50000,3813,0.07626
6827,-0.8250000000000002,4.5375000000000005,-4.125,50000,4037,0.08074
6828,-0.8250000000000002,4.5375000000000005,-3.7125,50000,4453,0.08906
6829,-0.8250000000000002,4.5375000000000005,-3.3,50000,6175,0.1235
6830,-0.8250000000000002,4.5375000000000005,-2.8875,50000,8740,0.1748
6831,-0.8250000000000002,4.5375000000000005,-2.475,50000,11032,0.22064
6832,-0.8250000000000002,4.5375000000000005,-2.0625,50000,12001,0.24002
6833,-0.8250000000000002,4.5375000000000005,-1.65,50000,12210,0.2442
6834,-0.8250000000000002,4.5375000000000005,-1.2374999999999998,50000,12480,0.2496
6835,-0.8250000000000002,4.5375000000000005,-0.8250000000000002,50000,12569,0.25138
6836,-0.8250000000000002,4.5375000000000005,-0.4124999999999996,50000,12816,0.25632
6837,-0.8250000000000002,4.5375000000000005,0.0,50000,12748,0.25496
6838,-0.8250000000000002,4.5375000000000005,0.4125000000000005,50000,12670,0.2534
6839,-0.8250000000000002,4.5375000000000005,0.8250000000000002,50000,12895,0.2579
6840,-0.8250000000000002,4.5375000000000005,1.2375000000000007,50000,12434,0.24868
6841,-0.8250000000000002,4.5375000000000005,1.6500000000000004,50000,12428,0.24856
6842,-0.8250000000000002,4.5375000000000005,2.0625,50000,11964,0.23928
6843,-0.8250000000000002,4.5375000000000005,2.4750000000000005,50000,11217,0.22434
6844,-0.8250000000000002,4.5375000000000005,2.8875,50000,8963,0.17926
6845,-0.8250000000000002,4.5375000000000005,3.3,50000,6001,0.12002
6846,-0.8250000000000002,4.5375000000000005,3.712500000000001,50000,4657,0.09314
6847,-0.8250000000000002,4.5375000000000005,4.125000000000001,50000,4019,0.08038
6848,-0.8250000000000002,4.5375000000000005,4.5375000000000005,50000,3723,0.07446
6849,-0.8250000000000002,4.5375000000000005,4.95,50000,3853,0.07706
6850,-0.8250000000000002,4.95,-4.95,50000,2559,0.05118
6851,-0.8250000000000002,4.95,-4.5375000000000005,50000,2595,0.0519
6852,-0.8250000000000002,4.95,-4.125,50000,2792,0.05584
6853,-0.8250000000000002,4.95,-3.7125,50000,2925,0.0585
6854,-0.8250000000000002,4.95,-3.3,50000,3369,0.06738
6855,-0.8250000000000002,4.95,-2.8875,50000,12658,0.25316
6856,-0.8250000000000002,4.95,-2.475,50000,13726,0.27452
6857,-0.8250000000000002,4.95,-2.0625,50000,13945,0.2789
6858,-0.8250000000000002,4.95,-1.65,50000,14062,0.28124
6859,-0.8250000000000002,4.95,-1.2374999999999998,50000,14046,0.28092
6860,-0.8250000000000002,4.95,-0.8250000000000002,50000,14014,0.28028
6861,-0.8250000000000002,4.95,-0.4124999999999996,50000,14129,0.28258
6862,-0.8250000000000002,4.95,0.0,50000,14039,0.28078
6863,-0.8250000000000002,4.95,0.4125000000000005,50000,14067,0.28134
6864,-0.8250000000000002,4.95,0.8250000000000002,50000,14047,0.28094
6865,-0.8250000000000002,4.95,1.2375000000000007,50000,14070,0.2814
6866,-0.8250000000000002,4.95,1.6500000000000004,50000,14007,0.28014
6867,-0.8250000000000002,4.95,2.0625,50000,13927,0.27854
6868,-0.8250000000000002,4.95,2.4750000000000005,50000,13772,0.27544
6869,-0.8250000000000002,4.95,2.8875,50000,12482,0.24964
6870,-0.8250000000000002,4.95,3.3,50000,3349,0.06698
6871,-0.8250000000000002,4.95,3.712500000000001,50000,3025,0.0605
6872,-0.8250000000000002,4.95,4.125000000000001,50000,2763,0.05526
6873,-0.8250000000000002,4.95,4.5375000000000005,50000,2713,0.05426
6874,-0.8250000000000002,4.95,4.95,50000,2553,0.05106
6875,-0.4124999999999996,-4.95,-4.95,50000,5553,0.11106
6876,-0.4124999999999996,-4.95,-4.5375000000000005,50000,5733,0.11466
6877,-0.4124999999999996,-4.95,-4.125,50000,5770,0.1154
6878,-0.4124999999999996,-4.95,-3.7125,50000,5753,0.11506
6879,-0.4124999999999996,-4.95,-3.3,50000,5771,0.11542
6880,-0.4124999999999996,-4.95,-2.8875,50000,5825,0.1165
6881,-0.4124999999999996,-4.95,-2.475,50000,5789,0.11578
6882,-0.4124999999999996,-4.95,-2.0625,50000,5928,0.11856
6883,-0.4124999999999996,-4.95,-1.65,50000,5832,0.11664
6884,-0.4124999999999996,-4.95,-1.2374999999999998,50000,5822,0.11644
6885,-0.4124999999999996,-4.95,-0.8250000000000002,50000,5904,0.11808
6886,-0.4124999999999996,-4.95,-0.4124999999999996,50000,6043,0.12086
6887,-0.4124999999999996,-4.95,0.0,50000,5960,0.1192
6888,-0.4124999999999996,-4.95,0.4125000000000005,50000,5994,0.11988
6889,-0.4124999999999996,-4.95,0.8250000000000002,50000,5877,0.11754
6890,-0.4124999999999996,-4.95,1.2375000000000007,50000,5928,0.11856
6891,-0.4124999999999996,-4.95,1.6500000000000004,50000,5878,0.11756
6892,-0.4124999999999996,-4.95,2.0625,50000,5920,0.1184
6893,-0.4124999999999996,-4.95,2.4750000000000005,50000,5878,0.11756
6894,-0.4124999999999996,-4.95,2.8875,50000,5844,0.11688
6895,-0.4124999999999996,-4.95,3.3,50000,5752,0.11504
6896,-0.4124999999999996,-4.95,3.712500000000001,50000,5786,0.11572
6897,-0.4124999999999996,-4.95,4.125000000000001,50000,5747,0.11494
6898,-0.4124999999999996,-4.95,4.5375000000000005,50000,5553,0.11106
6899,-0.4124999999999996,-4.95,4.95,50000,5587,0.11174
6900,-0.4124999999999996,-4.5375000000000005,-4.95,50000,5557,0.11114
6901,-0.4124999999999996,-4.5375000000000005,-4.5375000000000005,50000,5690,0.1138
6902,-0.4124999999999996,-4.5375000000000005,-4.125,50000,5652,0.11304
6903,-0.4124999999999996,-4.5375000000000005,-3.7125,50000,5875,0.1175
6904,-0.4124999999999996,-4.5375000000000005,-3.3,50000,5817,0.11634
6905,-0.4124999999999996,-4.5375000000000005,-2.8875,50000,5842,0.11684
6906,-0.4124999999999996,-4.5375000000000005,-2.475,50000,5725,0.1145
6907,-0.4124999999999996,-4.5375000000000005,-2.0625,50000,5811,0.11622
6908,-0.4124999999999996,-4.5375000000000005,-1.65,50000,5996,0.11992
6909,-0.4124999999999996,-4.5375000000000005,-1.2374999999999998,50000,5852,0.11704
6910,-0.4124999999999996,-4.5375000000000005,-0.8250000000000002,50000,5799,0.11598
6911,-0.4124999999999996,-4.5375000000000005,-0.4124999999999996,50000,5869,0.11738
6912,-0.4124999999999996,-4.5375000000000005,0.0,50000,5884,0.11768
6913,-0.4124999999999996,-4.5375000000000005,0.4125000000000005,50000,5850,0.117
6914,-0.4124999999999996,-4.5375000000000005,0.8250000000000002,50000,5714,0.11428
6915,-0.4124999999999996,-4.5375000000000005,1.2375000000000007,50000,5813,0.11626
6916,-0.4124999999999996,-4.5375000000000005,1.6500000000000004,50000,5778,0.11556
6917,-0.4124999999999996,-4.5375000000000005,2.0625,50000,5901,0.11802
6918,-0.4124999999999996,-4.5375000000000005,2.4750000000000005,50000,5848,0.11696
6919,-0.4124999999999996,-4.5375000000000005,2.8875,50000,5735,0.1147
6920,-0.4124999999999996,-4.5375000000000005,3.3,50000,5771,0.11542
6921,-0.4124999999999996,-4.5375000000000005,3.712500000000001,50000,5697,0.11394
6922,-0.4124999999999996,-4.5375000000000005,4.125000000000001,50000,5864,0.11728
6923,-0.4124999999999996,-4.5375000000000005,4.5375000000000005,50000,5737,0.11474
6924,-0.4124999999999996,-4.5375000000000005,4.95,50000,5747,0.11494
6925,-0.4124999999999996,-4.125,-4.95,50000,5794,0.11588
6926,-0.4124999999999996,-4.125,-4.5375000000000005,50000,5543,0.11086
6927,-0.4124999999999996,-4.125,-4.125,50000,5669,0.11338
6928,-0.4124999999999996,-4.125,-3.7125,50000,5725,0.1145
6929,-0.4124999999999996,-4.125,-3.3,50000,5731,0.11462
6930,-0.4124999999999996,-4.125,-2.8875,50000,5760,0.1152
6931,-0.4124999999999996,-4.125,-2.475,50000,5793,0.11586
6932,-0.4124999999999996,-4.125,-2.0625,50000,5761,0.11522
6933,-0.4124999999999996,-4.125,-1.65,50000,5775,0.1155
6934,-0.4124999999999996,-4.125,-1.2374999999999998,50000,5840,0.1168
6935,-0.4124999999999996,-4.125,-0.8250000000000002,50000,5844,0.11688
6936,-0.4124999999999996,-4.125,-0.4124999999999996,50000,5971,0.11942
6937,-0.4124999999999996,-4.125,0.0,50000,5846,0.11692
6938,-0.4124999999999996,-4.125,0.4125000000000005,50000,5967,0.11934
6939,-0.4124999999999996,-4.125,0.8250000000000002,50000,5891,0.11782
6940,-0.4124999999999996,-4.125,1.2375000000000007,50000,5940,0.1188
6941,-0.4124999999999996,-4.125,1.6500000000000004,50000,5856,0.11712
6942,-0.4124999999999996,-4.125,2.0625,50000,5830,0.1166
6943,-0.4124999999999996,-4.125,2.4750000000000005,50000,5808,0.11616
6944,-0.4124999999999996,-4.125,2.8875,50000,5777,0.11554
6945,-0.4124999999999996,-4.125,3.3,50000,5811,0.11622
6946,-0.4124999999999996,-4.125,3.712500000000001,50000,5836,0.11672
6947,-0.4124999999999996,-4.125,4.125000000000001,50000,5731,0.11462
6948,-0.4124999999999996,-4.125,4.5375000000000005,50000,5671,0.11342
6949,-0.4124999999999996,-4.125,4.95,50000,5702,0.11404
6950,-0.4124999999999996,-3.7125,-4.95,50000,5676,0.11352
6951,-0.4124999999999996,-3.7125,-4.5375000000000005,50000,5650,0.113
6952,-0.4124999999999996,-3.7125,-4.125,50000,5630,0.1126
6953,-0.4124999999999996,-3.7125,-3.7125,50000,5814,0.11628
6954,-0.4124999999999996,-3.7125,-3.3,50000,5759,0.11518
6955,-0.4124999999999996,-3.7125,-2.8875,50000,5845,0.1169
6956,-0.4124999999999996,-3.7125,-2.475,50000,5780,0.1156
6957,-0.4124999999999996,-3.7125,-2.0625,50000,5852,0.11704
6958,-0.4124999999999996,-3.7125,-1.65,50000,5790,0.1158
6959,-0.4124999999999996,-3.7125,-1.2374999999999998,50000,5969,0.11938
6960,-0.4124999999999996,-3.7125,-0.8250000000000002,50000,5725,0.1145
6961,-0.4124999999999996,-3.7125,-0.4124999999999996,50000,5916,0.11832
6962,-0.4124999999999996,-3.7125,0.0,50000,5939,0.11878
6963,-0.4124999999999996,-3.7125,0.4125000000000005,50000,5895,0.1179
6964,-0.4124999999999996,-3.7125,0.8250000000000002,50000,5909,0.11818
6965,-0.4124999999999996,-3.7125,1.2375000000000007,50000,5870,0.1174
6966,-0.4124999999999996,-3.7125,1.6500000000000004,50000,5822,0.11644
6967,-0.4124999999999996,-3.7125,2.0625,50000,5910,0.1182
6968,-0.4124999999999996,-3.7125,2.4750000000000005,50000,5801,0.11602
6969,-0.4124999999999996,-3.7125,2.8875,50000,5679,0.11358
6970,-0.4124999999999996,-3.7125,3.3,50000,5791,0.11582
6971,-0.4124999999999996,-3.7125,3.712500000000001,50000,5781,0.11562
6972,-0.4124999999999996,-3.7125,4.125000000000001,50000,5639,0.11278
6973,-0.4124999999999996,-3.7125,4.5375000000000005,50000,5710,0.1142
6974,-0.4124999999999996,-3.7125,4.95,50000,5758,0.11516
6975,-0.4124999999999996,-3.3,-4.95,50000,5704,0.11408
6976,-0.4124999999999996,-3.3,-4.5375000000000005,50000,5604,0.11208
6977,-0.4124999999999996,-3.3,-4.125,50000,5741,0.11482
6978,-0.4124999999999996,-3.3,-3.7125,50000,5848,0.11696
6979,-0.4124999999999996,-3.3,-3.3,50000,5814,0.11628
6980,-0.4124999999999996,-3.3,-2.8875,50000,5693,0.11386
6981,-0.4124999999999996,-3.3,-2.475,50000,5723,0.11446
6982,-0.4124999999999996,-3.3,-2.0625,50000,5864,0.11728
6983,-0.4124999999999996,-3.3,-1.65,50000,5959,0.11918
6984,-0.4124999999999996,-3.3,-1.2374999999999998,50000,5861,0.11722
6985,-0.4124999999999996,-3.3,-0.8250000000000002,50000,5927,0.11854
6986,-0.4124999999999996,-3.3,-0.4124999999999996,50000,5905,0.1181
6987,-0.4124999999999996,-3.3,0.0,50000,5888,0.11776
6988,-0.4124999999999996,-3.3,0.4125000000000005,50000,5855,0.1171
6989,-0.4124999999999996,-3.3,0.8250000000000002,50000,5855,0.1171
6990,-0.4124999999999996,-3.3,1.2375000000000007,50000,6016,0.12032
6991,-0.4124999999999996,-3.3,1.6500000000000004,50000,5965,0.1193
6992,-0.4124999999999996,-3.3,2.0625,50000,5879,0.11758
6993,-0.4124999999999996,-3.3,2.4750000000000005,50000,5827,0.11654
6994,-0.4124999999999996,-3.3,2.8875,50000,5833,0.11666
6995,-0.4124999999999996,-3.3,3.3,50000,5815,0.1163
6996,-0.4124999999999996,-3.3,3.712500000000001,50000,5725,0.1145
6997,-0.4124999999999996,-3.3,4.125000000000001,50000,5731,0.11462
6998,-0.4124999999999996,-3.3,4.5375000000000005,50000,5786,0.11572
6999,-0.4124999999999996,-3.3,4.95,50000,5724,0.11448
7000,-0.4124999999999996,-2.8875,-4.95,50000,5661,0.11322
7001,-0.4124999999999996,-2.8875,-4.5375000000000005,50000,5683,0.11366
7002,-0.4124999999999996,-2.8875,-4.125,50000,5764,0.11528
7003,-0.4124999999999996,-2.8875,-3.7125,50000,5763,0.11526
7004,-0.4124999999999996,-2.8875,-3.3,50000,5912,0.11824
7005,-0.4124999999999996,-2.8875,-2.8875,50000,5797,0.11594
7006,-0.4124999999999996,-2.8875,-2.475,50000,5886,0.11772
7007,-0.4124999999999996,-2.8875,-2.0625,50000,5900,0.118
7008,-0.4124999999999996,-2.8875,-1.65,50000,5934,0.11868
7009,-0.4124999999999996,-2.8875,-1.2374999999999998,50000,5875,0.1175
7010,-0.4124999999999996,-2.8875,-0.8250000000000002,50000,5908,0.11816
7011,-0.4124999999999996,-2.8875,-0.4124999999999996,50000,5915,0.1183
7012,-0.4124999999999996,-2.8875,0.0,50000,5814,0.11628
7013,-0.4124999999999996,-2.8875,0.4125000000000005,50000,5880,0.1176
7014,-0.4124999999999996,-2.8875,0.8250000000000002,50000,6087,0.12174
7015,-0.4124999999999996,-2.8875,1.2375000000000007,50000,6044,0.12088
7016,-0.4124999999999996,-2.8875,1.6500000000000004,50000,5929,0.11858
7017,-0.4124999999999996,-2.8875,2.0625,50000,6010,0.1202
7018,-0.4124999999999996,-2.8875,2.4750000000000005,50000,5894,0.11788
7019,-0.4124999999999996,-2.8875,2.8875,50000,5865,0.1173
7020,-0.4124999999999996,-2.8875,3.3,50000,5782,0.11564
7021,-0.4124999999999996,-2.8875,3.712500000000001,50000,5773,0.11546
7022,-0.4124999999999996,-2.8875,4.125000000000001,50000,5765,0.1153
7023,-0.4124999999999996,-2.8875,4.5375000000000005,50000,5874,0.11748
7024,-0.4124999999999996,-2.8875,4.95,50000,5920,0.1184
7025,-0.4124999999999996,-2.475,-4.95,50000,5765,0.1153
7026,-0.4124999999999996,-2.475,-4.5375000000000005,50000,5928,0.11856
7027,-0.4124999999999996,-2.475,-4.125,50000,5746,0.11492
7028,-0.4124999999999996,-2.475,-3.7125,50000,5836,0.11672
7029,-0.4124999999999996,-2.475,-3.3,50000,5843,0.11686
7030,-0.4124999999999996,-2.475,-2.8875,50000,5875,0.1175
7031,-0.4124999999999996,-2.475,-2.475,50000,5966,0.11932
7032,-0.4124999999999996,-2.475,-2.0625,50000,5829,0.11658
7033,-0.4124999999999996,-2.475,-1.65,50000,6018,0.12036
7034,-0.4124999999999996,-2.475,-1.2374999999999998,50000,5962,0.11924
7035,-0.4124999999999996,-2.475,-0.8250000000000002,50000,5926,0.11852
7036,-0.4124999999999996,-2.475,-0.4124999999999996,50000,6123,0.12246
7037,-0.4124999999999996,-2.475,0.0,50000,5947,0.11894
7038,-0.4124999999999996,-2.475,0.4125000000000005,50000,6023,0.12046
7039,-0.4124999999999996,-2.475,0.8250000000000002,50000,5892,0.11784
7040,-0.4124999999999996,-2.475,1.2375000000000007,50000,5892,0.11784
7041,-0.4124999999999996,-2.475,1.6500000000000004,50000,6064,0.12128
7042,-0.4124999999999996,-2.475,2.0625,50000,5981,0.11962
7043,-0.4124999999999996,-2.475,2.4750000000000005,50000,5931,0.11862
7044,-0.4124999999999996,-2.475,2.8875,50000,5750,0.115
7045,-0.4124999999999996,-2.475,3.3,50000,5777,0.11554
7046,-0.4124999999999996,-2.475,3.712500000000001,50000,5926,0.11852
7047,-0.4124999999999996,-2.475,4.125000000000001,50000,5890,0.1178
7048,-0.4124999999999996,-2.475,4.5375000000000005,50000,5810,0.1162
7049,-0.4124999999999996,-2.475,4.95,50000,5726,0.11452
7050,-0.4124999999999996,-2.0625,-4.95,50000,5808,0.11616
7051,-0.4124999999999996,-2.0625,-4.5375000000000005,50000,5883,0.11766
7052,-0.4124999999999996,-2.0625,-4.125,50000,5819,0.11638
7053,-0.4124999999999996,-2.0625,-3.7125,50000,5892,0.11784
7054,-0.4124999999999996,-2.0625,-3.3,50000,5925,0.1185
7055,-0.4124999999999996,-2.0625,-2.8875,50000,5846,0.11692
7056,-0.4124999999999996,-2.0625,-2.475,50000,5958,0.11916
7057,-0.4124999999999996,-2.0625,-2.0625,50000,6005,0.1201
7058,-0.4124999999999996,-2.0625,-1.65,50000,5895,0.1179
7059,-0.4124999999999996,-2.0625,-1.2374999999999998,50000,5960,0.1192
7060,-0.4124999999999996,-2.0625,-0.8250000000000002,50000,6013,0.12026
7061,-0.4124999999999996,-2.0625,-0.4124999999999996,50000,5997,0.11994
7062,-0.4124999999999996,-2.0625,0.0,50000,6056,0.12112
7063,-0.4124999999999996,-2.0625,0.4125000000000005,50000,6003,0.12006
7064,-0.4124999999999996,-2.0625,0.8250000000000002,50000,6021,0.12042
7065,-0.4124999999999996,-2.0625,1.2375000000000007,50000,5977,0.11954
7066,-0.4124999999999996,-2.0625,1.6500000000000004,50000,6056,0.12112
7067,-0.4124999999999996,-2.0625,2.0625,50000,5874,0.11748
7068,-0.4124999999999996,-2.0625,2.4750000000000005,50000,5983,0.11966
7069,-0.4124999999999996,-2.0625,2.8875,50000,5901,0.11802
7070,-0.4124999999999996,-2.0625,3.3,50000,5970,0.1194
7071,-0.4124999999999996,-2.0625,3.712500000000001,50000,5936,0.11872
7072,-0.4124999999999996,-2.0625,4.125000000000001,50000,5906,0.11812
7073,-0.4124999999999996,-2.0625,4.5375000000000005,50000,5783,0.11566
7074,-0.4124999999999996,-2.0625,4.95,50000,5885,0.1177
7075,-0.4124999999999996,-1.65,-4.95,50000,5952,0.11904
7076,-0.4124999999999996,-1.65,-4.5375000000000005,50000,5869,0.11738
7077,-0.4124999999999996,-1.65,-4.125,50000,6029,0.12058
7078,-0.4124999999999996,-1.65,-3.7125,50000,5859,0.11718
7079,-0.4124999999999996,-1.65,-3.3,50000,6158,0.12316
7080,-0.4124999999999996,-1.65,-2.8875,50000,5923,0.11846
7081,-0.4124999999999996,-1.65,-2.475,50000,5899,0.11798
7082,-0.4124999999999996,-1.65,-2.0625,50000,6058,0.12116
7083,-0.4124999999999996,-1.65,-1.65,50000,6090,0.1218
7084,-0.4124999999999996,-1.65,-1.2374999999999998,50000,6102,0.12204
7085,-0.4124999999999996,-1.65,-0.8250000000000002,50000,5968,0.11936
7086,-0.4124999999999996,-1.65,-0.4124999999999996,50000,6062,0.12124
7087,-0.4124999999999996,-1.65,0.0,50000,6036,0.12072
7088,-0.4124999999999996,-1.65,0.4125000000000005,50000,5999,0.11998
7089,-0.4124999999999996,-1.65,0.8250000000000002,50000,6028,0.12056
7090,-0.4124999999999996,-1.65,1.2375000000000007,50000,5994,0.11988
7091,-0.4124999999999996,-1.65,1.6500000000000004,50000,5965,0.1193
7092,-0.4124999999999996,-1.65,2.0625,50000,5969,0.11938
7093,-0.4124999999999996,-1.65,2.4750000000000005,50000,6069,0.12138
7094,-0.4124999999999996,-1.65,2.8875,50000,5984,0.11968
7095,-0.4124999999999996,-1.65,3.3,50000,5954,0.11908
7096,-0.4124999999999996,-1.65,3.712500000000001,50000,6033,0.12066
7097,-0.4124999999999996,-1.65,4.125000000000001,50000,6008,0.12016
7098,-0.4124999999999996,-1.65,4.5375000000000005,50000,5859,0.11718
7099,-0.4124999999999996,-1.65,4.95,50000,5968,0.11936
7100,-0.4124999999999996,-1.2374999999999998,-4.95,50000,5924,0.11848
7101,-0.4124999999999996,-1.2374999999999998,-4.5375000000000005,50000,5864,0.11728
7102,-0.4124999999999996,-1.2374999999999998,-4.125,50000,5928,0.11856
7103,-0.4124999999999996,-1.2374999999999998,-3.7125,50000,5896,0.11792
7104,-0.4124999999999996,-1.2374999999999998,-3.3,50000,5824,0.11648
7105,-0.4124999999999996,-1.2374999999999998,-2.8875,50000,6066,0.12132
7106,-0.4124999999999996,-1.2374999999999998,-2.475,50000,5975,0.1195
7107,-0.4124999999999996,-1.2374999999999998,-2.0625,50000,6112,0.12224
7108,-0.4124999999999996,-1.2374999999999998,-1.65,50000,5988,0.11976
7109,-0.4124999999999996,-1.2374999999999998,-1.2374999999999998,50000,5863,0.11726
7110,-0.4124999999999996,-1.2374999999999998,-0.8250000000000002,50000,6216,0.12432
7111,-0.4124999999999996,-1.2374999999999998,-0.4124999999999996,50000,6235,0.1247
7112,-0.4124999999999996,-1.2374999999999998,0.0,50000,6230,0.1246
7113,-0.4124999999999996,-1.2374999999999998,0.4125000000000005,50000,6108,0.12216
7114,-0.4124999999999996,-1.2374999999999998,0.8250000000000002,50000,6139,0.12278
7115,-0.4124999999999996,-1.2374999999999998,1.2375000000000007,50000,6111,0.12222
7116,-0.4124999999999996,-1.2374999999999998,1.6500000000000004,50000,6138,0.12276
7117,-0.4124999999999996,-1.2374999999999998,2.0625,50000,6197,0.12394
7118,-0.4124999999999996,-1.2374999999999998,2.4750000000000005,50000,6057,0.12114
7119,-0.4124999999999996,-1.2374999999999998,2.8875,50000,5973,0.11946
7120,-0.4124999999999996,-1.2374999999999998,3.3,50000,6011,0.12022
7121,-0.4124999999999996,-1.2374999999999998,3.712500000000001,50000,5970,0.1194
7122,-0.4124999999999996,-1.2374999999999998,4.125000000000001,50000,5811,0.11622
7123,-0.4124999999999996,-1.2374999999999998,4.5375000000000005,50000,5895,0.1179
7124,-0.4124999999999996,-1.2374999999999998,4.95,50000,5947,0.11894
7125,-0.4124999999999996,-0.8250000000000002,-4.95,50000,6005,0.1201
7126,-0.4124999999999996,-0.8250000000000002,-4.5375000000000005,50000,6148,0.12296
7127,-0.4124999999999996,-0.8250000000000002,-4.125,50000,6123,0.12246
7128,-0.4124999999999996,-0.8250000000000002,-3.7125,50000,6058,0.12116
7129,-0.4124999999999996,-0.8250000000000002,-3.3,50000,6193,0.12386
7130,-0.4124999999999996,-0.8250000000000002,-2.8875,50000,6057,0.12114
7131,-0.4124999999999996,-0.8250000000000002,-2.475,50000,6129,0.12258
7132,-0.4124999999999996,-0.8250000000000002,-2.0625,50000,6239,0.12478
7133,-0.4124999999999996,-0.8250000000000002,-1.65,50000,6206,0.12412
7134,-0.4124999999999996,-0.8250000000000002,-1.2374999999999998,50000,6254,0.12508
7135,-0.4124999999999996,-0.8250000000000002,-0.8250000000000002,50000,6275,0.1255
7136,-0.4124999999999996,-0.8250000000000002,-0.4124999999999996,50000,6345,0.1269
7137,-0.4124999999999996,-0.8250000000000002,0.0,50000,6303,0.12606
7138,-0.4124999999999996,-0.8250000000000002,0.4125000000000005,50000,6157,0.12314
7139,-0.4124999999999996,-0.8250000000000002,0.8250000000000002,50000,6205,0.1241
7140,-0.4124999999999996,-0.8250000000000002,1.2375000000000007,50000,6254,0.12508
7141,-0.4124999999999996,-0.8250000000000002,1.6500000000000004,50000,6115,0.1223
7142,-0.4124999999999996,-0.8250000000000002,2.0625,50000,6129,0.12258
7143,-0.4124999999999996,-0.8250000000000002,2.4750000000000005,50000,6127,0.12254
7144,-0.4124999999999996,-0.8250000000000002,2.8875,50000,6020,0.1204
7145,-0.4124999999999996,-0.8250000000000002,3.3,50000,6051,0.12102
7146,-0.4124999999999996,-0.8250000000000002,3.712500000000001,50000,5966,0.11932
7147,-0.4124999999999996,-0.8250000000000002,4.125000000000001,50000,5999,0.11998
7148,-0.4124999999999996,-0.8250000000000002,4.5375000000000005,50000,6036,0.12072
7149,-0.4124999999999996,-0.8250000000000002,4.95,50000,6037,0.12074
7150,-0.4124999999999996,-0.4124999999999996,-4.95,50000,6105,0.1221
7151,-0.4124999999999996,-0.4124999999999996,-4.5375000000000005,50000,6261,0.12522
7152,-0.4124999999999996,-0.4124999999999996,-4.125,50000,6069,0.12138
7153,-0.4124999999999996,-0.4124999999999996,-3.7125,50000,6029,0.12058
7154,-0.4124999999999996,-0.4124999999999996,-3.3,50000,6216,0.12432
7155,-0.4124999999999996,-0.4124999999999996,-2.8875,50000,6326,0.12652
7156,-0.4124999999999996,-0.4124999999999996,-2.475,50000,6160,0.1232
7157,-0.4124999999999996,-0.4124999999999996,-2.0625,50000,6402,0.12804
7158,-0.4124999999999996,-0.4124999999999996,-1.65,50000,6331,0.12662
7159,-0.4124999999999996,-0.4124999999999996,-1.2374999999999998,50000,6387,0.12774
7160,-0.4124999999999996,-0.4124999999999996,-0.8250000000000002,50000,6480,0.1296
7161,-0.4124999999999996,-0.4124999999999996,-0.4124999999999996,50000,6401,0.12802
7162,-0.4124999999999996,-0.4124999999999996,0.0,50000,6429,0.12858
7163,-0.4124999999999996,-0.4124999999999996,0.4125000000000005,50000,6360,0.1272
7164,-0.4124999999999996,-0.4124999999999996,0.8250000000000002,50000,6431,0.12862
7165,-0.4124999999999996,-0.4124999999999996,1.2375000000000007,50000,6368,0.12736
7166,-0.4124999999999996,-0.4124999999999996,1.6500000000000004,50000,6269,0.12538
7167,-0.4124999999999996,-0.4124999999999996,2.0625,50000,6236,0.12472
7168,-0.4124999999999996,-0.4124999999999996,2.4750000000000005,50000,6159,0.12318
7169,-0.4124999999999996,-0.4124999999999996,2.8875,50000,6174,0.12348
7170,-0.4124999999999996,-0.4124999999999996,3.3,50000,6113,0.12226
7171,-0.4124999999999996,-0.4124999999999996,3.712500000000001,50000,6025,0.1205
7172,-0.4124999999999996,-0.4124999999999996,4.125000000000001,50000,6108,0.12216
7173,-0.4124999999999996,-0.4124999999999996,4.5375000000000005,50000,6041,0.12082
7174,-0.4124999999999996,-0.4124999999999996,4.95,50000,6069,0.12138
7175,-0.4124999999999996,0.0,-4.95,50000,6235,0.1247
7176,-0.4124999999999996,0.0,-4.5375000000000005,50000,6191,0.12382
7177,-0.4124999999999996,0.0,-4.125,50000,6181,0.12362
7178,-0.4124999999999996,0.0,-3.7125,50000,6171,0.12342
7179,-0.4124999999999996,0.0,-3.3,50000,6177,0.12354
7180,-0.4124999999999996,0.0,-2.8875,50000,6277,0.12554
7181,-0.4124999999999996,0.0,-2.475,50000,6324,0.12648
7182,-0.4124999999999996,0.0,-2.0625,50000,6371,0.12742
7183,-0.4124999999999996,0.0,-1.65,50000,6369,0.12738
7184,-0.4124999999999996,0.0,-1.2374999999999998,50000,6468,0.12936
7185,-0.4124999999999996,0.0,-0.8250000000000002,50000,6521,0.13042
7186,-0.4124999999999996,0.0,-0.4124999999999996,50000,6539,0.13078
7187,-0.4124999999999996,0.0,0.0,50000,6488,0.12976
7188,-0.4124999999999996,0.0,0.4125000000000005,50000,6509,0.13018
7189,-0.4124999999999996,0.0,0.8250000000000002,50000,6525,0.1305
7190,-0.4124999999999996,0.0,1.2375000000000007,50000,6449,0.12898
7191,-0.4124999999999996,0.0,1.6500000000000004,50000,6270,0.1254
7192,-0.4124999999999996,0.0,2.0625,50000,6298,0.12596
7193,-0.4124999999999996,0.0,2.4750000000000005,50000,6393,0.12786
7194,-0.4124999999999996,0.0,2.8875,50000,6315,0.1263
7195,-0.4124999999999996,0.0,3.3,50000,6279,0.12558
7196,-0.4124999999999996,0.0,3.712500000000001,50000,6203,0.12406
7197,-0.4124999999999996,0.0,4.125000000000001,50000,6186,0.12372
7198,-0.4124999999999996,0.0,4.5375000000000005,50000,6207,0.12414
7199,-0.4124999999999996,0.0,4.95,50000,6097,0.12194
7200,-0.4124999999999996,0.4125000000000005,-4.95,50000,6184,0.12368
7201,-0.4124999999999996,0.4125000000000005,-4.5375000000000005,50000,6306,0.12612
7202,-0.4124999999999996,0.4125000000000005,-4.125,50000,6178,0.12356
7203,-0.4124999999999996,0.4125000000000005,-3.7125,50000,6148,0.12296
7204,-0.4124999999999996,0.4125000000000005,-3.3,50000,6314,0.12628
7205,-0.4124999999999996,0.4125000000000005,-2.8875,50000,6432,0.12864
7206,-0.4124999999999996,0.4125000000000005,-2.475,50000,6432,0.12864
7207,-0.4124999999999996,0.4125000000000005,-2.0625,50000,6560,0.1312
7208,-0.4124999999999996,0.4125000000000005,-1.65,50000,6511,0.13022
7209,-0.4124999999999996,0.4125000000000005,-1.2374999999999998,50000,6643,0.13286
7210,-0.4124999999999996,0.4125000000000005,-0.8250000000000002,50000,6594,0.13188
7211,-0.4124999999999996,0.4125000000000005,-0.4124999999999996,50000,6763,0.13526
7212,-0.4124999999999996,0.4125000000000005,0.0,50000,6735,0.1347
7213,-0.4124999999999996,0.4125000000000005,0.4125000000000005,50000,6785,0.1357
7214,-0.4124999999999996,0.4125000000000005,0.8250000000000002,50000,6716,0.13432
7215,-0.4124999999999996,0.4125000000000005,1.2375000000000007,50000,6542,0.13084
7216,-0.4124999999999996,0.4125000000000005,1.6500000000000004,50000,6470,0.1294
7217,-0.4124999999999996,0.4125000000000005,2.0625,50000,6426,0.12852
7218,-0.4124999999999996,0.4125000000000005,2.4750000000000005,50000,6366,0.12732
7219,-0.4124999999999996,0.4125000000000005,2.8875,50000,6314,0.12628
7220,-0.4124999999999996,0.4125000000000005,3.3,50000,6345,0.1269
7221,-0.4124999999999996,0.4125000000000005,3.712500000000001,50000,6132,0.12264
7222,-0.4124999999999996,0.4125000000000005,4.125000000000001,50000,6215,0.1243
7223,-0.4124999999999996,0.4125000000000005,4.5375000000000005,50000,6174,0.12348
7224,-0.4124999999999996,0.4125000000000005,4.95,50000,6258,0.12516
7225,-0.4124999999999996,0.8250000000000002,-4.95,50000,6344,0.12688
7226,-0.4124999999999996,0.8250000000000002,-4.5375000000000005,50000,6324,0.12648
7227,-0.4124999999999996,0.8250000000000002,-4.125,50000,6170,0.1234
7228,-0.4124999999999996,0.8250000000000002,-3.7125,50000,6243,0.12486
7229,-0.4124999999999996,0.8250000000000002,-3.3,50000,6410,0.1282
7230,-0.4124999999999996,0.8250000000000002,-2.8875,50000,6383,0.12766
7231,-0.4124999999999996,0.8250000000000002,-2.475,50000,6537,0.13074
7232,-0.4124999999999996,0.8250000000000002,-2.0625,50000,6565,0.1313
7233,-0.4124999999999996,0.8250000000000002,-1.65,50000,6605,0.1321
7234,-0.4124999999999996,0.8250000000000002,-1.2374999999999998,50000,6755,0.1351
7235,-0.4124999999999996,0.8250000000000002,-0.8250000000000002,50000,6909,0.13818
7236,-0.4124999999999996,0.8250000000000002,-0.4124999999999996,50000,6925,0.1385
7237,-0.4124999999999996,0.8250000000000002,0.0,50000,6800,0.136
7238,-0.4124999999999996,0.8250000000000002,0.4125000000000005,50000,6884,0.13768
7239,-0.4124999999999996,0.8250000000000002,0.8250000000000002,50000,6913,0.13826
7240,-0.4124999999999996,0.8250000000000002,1.2375000000000007,50000,6831,0.13662
7241,-0.4124999999999996,0.8250000000000002,1.6500000000000004,50000,6831,0.13662
7242,-0.4124999999999996,0.8250000000000002,2.0625,50000,6633,0.13266
7243,-0.4124999999999996,0.8250000000000002,2.4750000000000005,50000,6433,0.12866
7244,-0.4124999999999996,0.8250000000000002,2.8875,50000,6547,0.13094
7245,-0.4124999999999996,0.8250000000000002,3.3,50000,6393,0.12786
7246,-0.4124999999999996,0.8250000000000002,3.712500000000001,50000,6377,0.12754
7247,-0.4124999999999996,0.8250000000000002,4.125000000000001,50000,6329,0.12658
7248,-0.4124999999999996,0.8250000000000002,4.5375000000000005,50000,6261,0.12522
7249,-0.4124999999999996,0.8250000000000002,4.95,50000,6337,0.12674
7250,-0.4124999999999996,1.2375000000000007,-4.95,50000,6400,0.128
7251,-0.4124999999999996,1.2375000000000007,-4.5375000000000005,50000,6257,0.12514
7252,-0.4124999999999996,1.2375000000000007,-4.125,50000,6238,0.12476
7253,-0.4124999999999996,1.2375000000000007,-3.7125,50000,6301,0.12602
7254,-0.4124999999999996,1.2375000000000007,-3.3,50000,6376,0.12752
7255,-0.4124999999999996,1.2375000000000007,-2.8875,50000,6624,0.13248
7256,-0.4124999999999996,1.2375000000000007,-2.475,50000,6736,0.13472
7257,-0.4124999999999996,1.2375000000000007,-2.0625,50000,6665,0.1333
7258,-0.4124999999999996,1.2375000000000007,-1.65,50000,6743,0.13486
7259,-0.4124999999999996,1.2375000000000007,-1.2374999999999998,50000,7105,0.1421
7260,-0.4124999999999996,1.2375000000000007,-0.8250000000000002,50000,7148,0.14296
7261,-0.4124999999999996,1.2375000000000007,-0.4124999999999996,50000,6978,0.13956
7262,-0.4124999999999996,1.2375000000000007,0.0,50000,7145,0.1429
7263,-0.4124999999999996,1.2375000000000007,0.4125000000000005,50000,7133,0.14266
7264,-0.4124999999999996,1.2375000000000007,0.8250000000000002,50000,7146,0.14292
7265,-0.4124999999999996,1.2375000000000007,1.2375000000000007,50000,7033,0.14066
7266,-0.4124999999999996,1.2375000000000007,1.6500000000000004,50000,6895,0.1379
7267,-0.4124999999999996,1.2375000000000007,2.0625,50000,6936,0.13872
7268,-0.4124999999999996,1.2375000000000007,2.4750000000000005,50000,6643,0.13286
7269,-0.4124999999999996,1.2375000000000007,2.8875,50000,6573,0.13146
7270,-0.4124999999999996,1.2375000000000007,3.3,50000,6440,0.1288
7271,-0.4124999999999996,1.2375000000000007,3.712500000000001,50000,6367,0.12734
7272,-0.4124999999999996,1.2375000000000007,4.125000000000001,50000,6423,0.12846
7273,-0.4124999999999996,1.2375000000000007,4.5375000000000005,50000,6253,0.12506
7274,-0.4124999999999996,1.2375000000000007,4.95,50000,6403,0.12806
7275,-0.4124999999999996,1.6500000000000004,-4.95,50000,6359,0.12718
7276,-0.4124999999999996,1.6500000000000004,-4.5375000000000005,50000,6349,0.12698
7277,-0.4124999999999996,1.6500000000000004,-4.125,50000,6311,0.12622
7278,-0.4124999999999996,1.6500000000000004,-3.7125,50000,6393,0.12786
7279,-0.4124999999999996,1.6500000000000004,-3.3,50000,6572,0.13144
7280,-0.4124999999999996,1.6500000000000004,-2.8875,50000,6716,0.13432
7281,-0.4124999999999996,1.6500000000000004,-2.475,50000,6785,0.1357
7282,-0.4124999999999996,1.6500000000000004,-2.0625,50000,7065,0.1413
7283,-0.4124999999999996,1.6500000000000004,-1.65,50000,7096,0.14192
7284,-0.4124999999999996,1.6500000000000004,-1.2374999999999998,50000,7343,0.14686
7285,-0.4124999999999996,1.6500000000000004,-0.8250000000000002,50000,7449,0.14898
7286,-0.4124999999999996,1.6500000000000004,-0.4124999999999996,50000,7580,0.1516
7287,-0.4124999999999996,1.6500000000000004,0.0,50000,7440,0.1488
7288,-0.4124999999999996,1.6500000000000004,0.4125000000000005,50000,7661,0.15322
7289,-0.4124999999999996,1.6500000000000004,0.8250000000000002,50000,7442,0.14884
7290,-0.4124999999999996,1.6500000000000004,1.2375000000000007,50000,7162,0.14324
7291,-0.4124999999999996,1.6500000000000004,1.6500000000000004,50000,7188,0.14376
7292,-0.4124999999999996,1.6500000000000004,2.0625,50000,7102,0.14204
7293,-0.4124999999999996,1.6500000000000004,2.4750000000000005,50000,6963,0.13926
7294,-0.4124999999999996,1.6500000000000004,2.8875,50000,6581,0.13162
7295,-0.4124999999999996,1.6500000000000004,3.3,50000,6616,0.13232
7296,-0.4124999999999996,1.6500000000000004,3.712500000000001,50000,6414,0.12828
7297,-0.4124999999999996,1.6500000000000004,4.125000000000001,50000,6483,0.12966
7298,-0.4124999999999996,1.6500000000000004,4.5375000000000005,50000,6346,0.12692
7299,-0.4124999999999996,1.6500000000000004,4.95,50000,6299,0.12598
7300,-0.4124999999999996,2.0625,-4.95,50000,6428,0.12856
7301,-0.4124999999999996,2.0625,-4.5375000000000005,50000,6293,0.12586
7302,-0.4124999999999996,2.0625,-4.125,50000,6344,0.12688
7303,-0.4124999999999996,2.0625,-3.7125,50000,6454,0.12908
7304,-0.4124999999999996,2.0625,-3.3,50000,6743,0.13486
7305,-0.4124999999999996,2.0625,-2.8875,50000,6906,0.13812
7306,-0.4124999999999996,2.0625,-2.475,50000,7103,0.14206
7307,-0.4124999999999996,2.0625,-2.0625,50000,7301,0.14602
7308,-0.4124999999999996,2.0625,-1.65,50000,7566,0.15132
7309,-0.4124999999999996,2.0625,-1.2374999999999998,50000,7765,0.1553
7310,-0.4124999999999996,2.0625,-0.8250000000000002,50000,7899,0.15798
7311,-0.4124999999999996,2.0625,-0.4124999999999996,50000,7896,0.15792
7312,-0.4124999999999996,2.0625,0.0,50000,7833,0.15666
7313,-0.4124999999999996,2.0625,0.4125000000000005,50000,7810,0.1562
7314,-0.4124999999999996,2.0625,0.8250000000000002,50000,7898,0.15796
7315,-0.4124999999999996,2.0625,1.2375000000000007,50000,7603,0.15206
7316,-0.4124999999999996,2.0625,1.6500000000000004,50000,7568,0.15136
7317,-0.4124999999999996,2.0625,2.0625,50000,7301,0.14602
7318,-0.4124999999999996,2.0625,2.4750000000000005,50000,7051,0.14102
7319,-0.4124999999999996,2.0625,2.8875,50000,6743,0.13486
7320,-0.4124999999999996,2.0625,3.3,50000,6650,0.133
7321,-0.4124999999999996,2.0625,3.712500000000001,50000,6457,0.12914
7322,-0.4124999999999996,2.0625,4.125000000000001,50000,6326,0.12652
7323,-0.4124999999999996,2.0625,4.5375000000000005,50000,6373,0.12746
7324,-0.4124999999999996,2.0625,4.95,50000,6271,0.12542
7325,-0.4124999999999996,2.4750000000000005,-4.95,50000,6387,0.12774
7326,-0.4124999999999996,2.4750000000000005,-4.5375000000000005,50000,6273,0.12546
7327,-0.4124999999999996,2.4750000000000005,-4.125,50000,6368,0.12736
7328,-0.4124999999999996,2.4750000000000005,-3.7125,50000,6421,0.12842
7329,-0.4124999999999996,2.4750000000000005,-3.3,50000,6679,0.13358
7330,-0.4124999999999996,2.4750000000000005,-2.8875,50000,7053,0.14106
7331,-0.4124999999999996,2.4750000000000005,-2.475,50000,7500,0.15
7332,-0.4124999999999996,2.4750000000000005,-2.0625,50000,7695,0.1539
7333,-0.4124999999999996,2.4750000000000005,-1.65,50000,7883,0.15766
7334,-0.4124999999999996,2.4750000000000005,-1.2374999999999998,50000,8006,0.16012
7335,-0.4124999999999996,2.4750000000000005,-0.8250000000000002,50000,8225,0.1645
7336,-0.4124999999999996,2.4750000000000005,-0.4124999999999996,50000,8184,0.16368
7337,-0.4124999999999996,2.4750000000000005,0.0,50000,8195,0.1639
7338,-0.4124999999999996,2.4750000000000005,0.4125000000000005,50000,8275,0.1655
7339,-0.4124999999999996,2.4750000000000005,0.8250000000000002,50000,8229,0.16458
7340,-0.4124999999999996,2.4750000000000005,1.2375000000000007,50000,8109,0.16218
7341,-0.4124999999999996,2.4750000000000005,1.6500000000000004,50000,8109,0.16218
7342,-0.4124999999999996,2.4750000000000005,2.0625,50000,7634,0.15268
7343,-0.4124999999999996,2.4750000000000005,2.4750000000000005,50000,7225,0.1445
7344,-0.4124999999999996,2.4750000000000005,2.8875,50000,7053,0.14106
7345,-0.4124999999999996,2.4750000000000005,3.3,50000,6645,0.1329
7346,-0.4124999999999996,2.4750000000000005,3.712500000000001,50000,6514,0.13028
7347,-0.4124999999999996,2.4750000000000005,4.125000000000001,50000,6442,0.12884
7348,-0.4124999999999996,2.4750000000000005,4.5375000000000005,50000,6334,0.12668
7349,-0.4124999999999996,2.4750000000000005,4.95,50000,6296,0.12592
7350,-0.4124999999999996,2.8875,-4.95,50000,6133,0.12266
7351,-0.4124999999999996,2.8875,-4.5375000000000005,50000,5990,0.1198
7352,-0.4124999999999996,2.8875,-4.125,50000,6278,0.12556
7353,-0.4124999999999996,2.8875,-3.7125,50000,6424,0.12848
7354,-0.4124999999999996,2.8875,-3.3,50000,6811,0.13622
7355,-0.4124999999999996,2.8875,-2.8875,50000,7255,0.1451
7356,-0.4124999999999996,2.8875,-2.475,50000,7574,0.15148
7357,-0.4124999999999996,2.8875,-2.0625,50000,8157,0.16314
7358,-0.4124999999999996,2.8875,-1.65,50000,8269,0.16538
7359,-0.4124999999999996,2.8875,-1.2374999999999998,50000,8665,0.1733
7360,-0.4124999999999996,2.8875,-0.8250000000000002,50000,8704,0.17408
7361,-0.4124999999999996,2.8875,-0.4124999999999996,50000,8767,0.17534
7362,-0.4124999999999996,2.8875,0.0,50000,8978,0.17956
7363,-0.4124999999999996,2.8875,0.4125000000000005,50000,9029,0.18058
7364,-0.4124999999999996,2.8875,0.8250000000000002,50000,8875,0.1775
7365,-0.4124999999999996,2.8875,1.2375000000000007,50000,8738,0.17476
7366,-0.4124999999999996,2.8875,1.6500000000000004,50000,8387,0.16774
7367,-0.4124999999999996,2.8875,2.0625,50000,8112,0.16224
7368,-0.4124999999999996,2.8875,2.4750000000000005,50000,7853,0.15706
7369,-0.4124999999999996,2.8875,2.8875,50000,7256,0.14512
7370,-0.4124999999999996,2.8875,3.3,50000,6786,0.13572
7371,-0.4124999999999996,2.8875,3.712500000000001,50000,6570,0.1314
7372,-0.4124999999999996,2.8875,4.125000000000001,50000,6220,0.1244
7373,-0.4124999999999996,2.8875,4.5375000000000005,50000,6065,0.1213
7374,-0.4124999999999996,2.8875,4.95,50000,6209,0.12418
7375,-0.4124999999999996,3.3,-4.95,50000,5815,0.1163
7376,-0.4124999999999996,3.3,-4.5375000000000005,50000,5895,0.1179
7377,-0.4124999999999996,3.3,-4.125,50000,6068,0.12136
7378,-0.4124999999999996,3.3,-3.7125,50000,6350,0.127
7379,-0.4124999999999996,3.3,-3.3,50000,6823,0.13646
7380,-0.4124999999999996,3.3,-2.8875,50000,7442,0.14884
7381,-0.4124999999999996,3.3,-2.475,50000,8271,0.16542
7382,-0.4124999999999996,3.3,-2.0625,50000,8549,0.17098
7383,-0.4124999999999996,3.3,-1.65,50000,9168,0.18336
7384,-0.4124999999999996,3.3,-1.2374999999999998,50000,9362,0.18724
7385,-0.4124999999999996,3.3,-0.8250000000000002,50000,9573,0.19146
7386,-0.4124999999999996,3.3,-0.4124999999999996,50000,9354,0.18708
7387,-0.4124999999999996,3.3,0.0,50000,9788,0.19576
7388,-0.4124999999999996,3.3,0.4125000000000005,50000,9699,0.19398
7389,-0.4124999999999996,3.3,0.8250000000000002,50000,9571,0.19142
7390,-0.4124999999999996,3.3,1.2375000000000007,50000,9362,0.18724
7391,-0.4124999999999996,3.3,1.6500000000000004,50000,9160,0.1832
7392,-0.4124999999999996,3.3,2.0625,50000,8647,0.17294
7393,-0.4124999999999996,3.3,2.4750000000000005,50000,8011,0.16022
7394,-0.4124999999999996,3.3,2.8875,50000,7448,0.14896
7395,-0.4124999999999996,3.3,3.3,50000,6883,0.13766
7396,-0.4124999999999996,3.3,3.712500000000001,50000,6405,0.1281
7397,-0.4124999999999996,3.3,4.125000000000001,50000,6010,0.1202
7398,-0.4124999999999996,3.3,4.5375000000000005,50000,5855,0.1171
7399,-0.4124999999999996,3.3,4.95,50000,5869,0.11738
7400,-0.4124999999999996,3.712500000000001,-4.95,50000,5418,0.10836
7401,-0.4124999999999996,3.712500000000001,-4.5375000000000005,50000,5342,0.10684
7402,-0.4124999999999996,3.712500000000001,-4.125,50000,5558,0.11116
7403,-0.4124999999999996,3.712500000000001,-3.7125,50000,6187,0.12374
7404,-0.4124999999999996,3.712500000000001,-3.3,50000,6862,0.13724
7405,-0.4124999999999996,3.712500000000001,-2.8875,50000,7817,0.15634
7406,-0.4124999999999996,3.712500000000001,-2.475,50000,8643,0.17286
7407,-0.4124999999999996,3.712500000000001,-2.0625,50000,9473,0.18946
7408,-0.4124999999999996,3.712500000000001,-1.65,50000,9786,0.19572
7409,-0.4124999999999996,3.712500000000001,-1.2374999999999998,50000,10246,0.20492
7410,-0.4124999999999996,3.712500000000001,-0.8250000000000002,50000,10411,0.20822
7411,-0.4124999999999996,3.712500000000001,-0.4124999999999996,50000,10325,0.2065
7412,-0.4124999999999996,3.712500000000001,0.0,50000,10554,0.21108
7413,-0.4124999999999996,3.712500000000001,0.4125000000000005,50000,10517,0.21034
7414,-0.4124999999999996,3.712500000000001,0.8250000000000002,50000,10388,0.20776
7415,-0.4124999999999996,3.712500000000001,1.2375000000000007,50000,10069,0.20138
7416,-0.4124999999999996,3.712500000000001,1.6500000000000004,50000,10050,0.201
7417,-0.4124999999999996,3.712500000000001,2.0625,50000,9372,0.18744
7418,-0.4124999999999996,3.712500000000001,2.4750000000000005,50000,8682,0.17364
7419,-0.4124999999999996,3.712500000000001,2.8875,50000,7911,0.15822
7420,-0.4124999999999996,3.712500000000001,3.3,50000,6848,0.13696
7421,-0.4124999999999996,3.712500000000001,3.712500000000001,50000,6062,0.12124
7422,-0.4124999999999996,3.712500000000001,4.125000000000001,50000,5719,0.11438
7423,-0.4124999999999996,3.712500000000001,4.5375000000000005,50000,5509,0.11018
7424,-0.4124999999999996,3.712500000000001,4.95,50000,5454,0.10908
7425,-0.4124999999999996,4.125000000000001,-4.95,50000,4755,0.0951
7426,-0.4124999999999996,4.125000000000001,-4.5375000000000005,50000,4899,0.09798
7427,-0.4124999999999996,4.125000000000001,-4.125,50000,4974,0.09948
7428,-0.4124999999999996,4.125000000000001,-3.7125,50000,5460,0.1092
7429,-0.4124999999999996,4.125000000000001,-3.3,50000,6764,0.13528
7430,-0.4124999999999996,4.125000000000001,-2.8875,50000,8256,0.16512
7431,-0.4124999999999996,4.125000000000001,-2.475,50000,9481,0.18962
7432,-0.4124999999999996,4.125000000000001,-2.0625,50000,10544,0.21088
7433,-0.4124999999999996,4.125000000000001,-1.65,50000,11114,0.22228
7434,-0.4124999999999996,4.125000000000001,-1.2374999999999998,50000,11277,0.22554
7435,-0.4124999999999996,4.125000000000001,-0.8250000000000002,50000,11351,0.22702
7436,-0.4124999999999996,4.125000000000001,-0.4124999999999996,50000,11576,0.23152
7437,-0.4124999999999996,4.125000000000001,0.0,50000,11524,0.23048
7438,-0.4124999999999996,4.125000000000001,0.4125000000000005,50000,11480,0.2296
7439,-0.4124999999999996,4.125000000000001,0.8250000000000002,50000,11511,0.23022
7440,-0.4124999999999996,4.125000000000001,1.2375000000000007,50000,11396,0.22792
7441,-0.4124999999999996,4.125000000000001,1.6500000000000004,50000,11107,0.22214
7442,-0.4124999999999996,4.125000000000001,2.0625,50000,10446,0.20892
7443,-0.4124999999999996,4.125000000000001,2.4750000000000005,50000,9724,0.19448
7444,-0.4124999999999996,4.125000000000001,2.8875,50000,8387,0.16774
7445,-0.4124999999999996,4.125000000000001,3.3,50000,6776,0.13552
7446,-0.4124999999999996,4.125000000000001,3.712500000000001,50000,5714,0.11428
7447,-0.4124999999999996,4.125000000000001,4.125000000000001,50000,4887,0.09774
7448,-0.4124999999999996,4.125000000000001,4.5375000000000005,50000,4690,0.0938
7449,-0.4124999999999996,4.125000000000001,4.95,50000,4714,0.09428
7450,-0.4124999999999996,4.5375000000000005,-4.95,50000,3851,0.07702
7451,-0.4124999999999996,4.5375000000000005,-4.5375000000000005,50000,3782,0.07564
7452,-0.4124999999999996,4.5375000000000005,-4.125,50000,3990,0.0798
7453,-0.4124999999999996,4.5375000000000005,-3.7125,50000,4639,0.09278
7454,-0.4124999999999996,4.5375000000000005,-3.3,50000,6003,0.12006
7455,-0.4124999999999996,4.5375000000000005,-2.8875,50000,8970,0.1794
7456,-0.4124999999999996,4.5375000000000005,-2.475,50000,11076,0.22152
7457,-0.4124999999999996,4.5375000000000005,-2.0625,50000,11857,0.23714
7458,-0.4124999999999996,4.5375000000000005,-1.65,50000,12610,0.2522
7459,-0.4124999999999996,4.5375000000000005,-1.2374999999999998,50000,12531,0.25062
7460,-0.4124999999999996,4.5375000000000005,-0.8250000000000002,50000,12789,0.25578
7461,-0.4124999999999996,4.5375000000000005,-0.4124999999999996,50000,12677,0.25354
7462,-0.4124999999999996,4.5375000000000005,0.0,50000,12845,0.2569
7463,-0.4124999999999996,4.5375000000000005,0.4125000000000005,50000,12697,0.25394
7464,-0.4124999999999996,4.5375000000000005,0.8250000000000002,50000,12867,0.25734
7465,-0.4124999999999996,4.5375000000000005,1.2375000000000007,50000,12671,0.25342
7466,-0.4124999999999996,4.5375000000000005,1.6500000000000004,50000,12386,0.24772
7467,-0.4124999999999996,4.5375000000000005,2.0625,50000,12163,0.24326
7468,-0.4124999999999996,4.5375000000000005,2.4750000000000005,50000,11209,0.22418
7469,-0.4124999999999996,4.5375000000000005,2.8875,50000,8999,0.17998
7470,-0.4124999999999996,4.5375000000000005,3.3,50000,6084,0.12168
7471,-0.4124999999999996,4.5375000000000005,3.712500000000001,50000,4556,0.09112
7472,-0.4124999999999996,4.5375000000000005,4.125000000000001,50000,3960,0.0792
7473,-0.4124999999999996,4.5375000000000005,4.5375000000000005,50000,3708,0.07416
7474,-0.4124999999999996,4.5375000000000005,4.95,50000,3942,0.07884
7475,-0.4124999999999996,4.95,-4.95,50000,2516,0.05032
7476,-0.4124999999999996,4.95,-4.5375000000000005,50000,2599,0.05198
7477,-0.4124999999999996,4.95,-4.125,50000,2935,0.0587
7478,-0.4124999999999996,4.95,-3.7125,50000,2868,0.05736
7479,-0.4124999999999996,4.95,-3.3,50000,3403,0.06806
7480,-0.4124999999999996,4.95,-2.8875,50000,12570,0.2514
7481,-0.4124999999999996,4.95,-2.475,50000,13628,0.27256
7482,-0.4124999999999996,4.95,-2.0625,50000,14007,0.28014
7483,-0.4124999999999996,4.95,-1.65,50000,13766,0.27532
7484,-0.4124999999999996,4.95,-1.2374999999999998,50000,14088,0.28176
7485,-0.4124999999999996,4.95,-0.8250000000000002,50000,14002,0.28004
7486,-0.4124999999999996,4.95,-0.4124999999999996,50000,14063,0.28126
7487,-0.4124999999999996,4.95,0.0,50000,13846,0.27692
7488,-0.4124999999999996,4.95,0.4125000000000005,50000,14091,0.28182
7489,-0.4124999999999996,4.95,0.8250000000000002,50000,14102,0.28204
7490,-0.4124999999999996,4.95,1.2375000000000007,50000,13917,0.27834
7491,-0.4124999999999996,4.95,1.6500000000000004,50000,13961,0.27922
7492,-0.4124999999999996,4.95,2.0625,50000,14011,0.28022
7493,-0.4124999999999996,4.95,2.4750000000000005,50000,13903,0.27806
7494,-0.4124999999999996,4.95,2.8875,50000,12754,0.25508
7495,-0.4124999999999996,4.95,3.3,50000,3374,0.06748
7496,-0.4124999999999996,4.95,3.712500000000001,50000,2956,0.05912
7497,-0.4124999999999996,4.95,4.125000000000001,50000,2897,0.05794
7498,-0.4124999999999996,4.95,4.5375000000000005,50000,2670,0.0534
7499,-0.4124999999999996,4.95,4.95,50000,2604,0.05208
7500,0.0,-4.95,-4.95,50000,5687,0.11374
7501,0.0,-4.95,-4.5375000000000005,50000,5639,0.11278
7502,0.0,-4.95,-4.125,50000,5668,0.11336
7503,0.0,-4.95,-3.7125,50000,5798,0.11596
7504,0.0,-4.95,-3.3,50000,5884,0.11768
7505,0.0,-4.95,-2.8875,50000,5778,0.11556
7506,0.0,-4.95,-2.475,50000,5892,0.11784
7507,0.0,-4.95,-2.0625,50000,5743,0.11486
7508,0.0,-4.95,-1.65,50000,5881,0.11762
7509,0.0,-4.95,-1.2374999999999998,50000,5950,0.119
7510,0.0,-4.95,-0.8250000000000002,50000,6063,0.12126
7511,0.0,-4.95,-0.4124999999999996,50000,5913,0.11826
7512,0.0,-4.95,0.0,50000,5839,0.11678
7513,0.0,-4.95,0.4125000000000005,50000,5982,0.11964
7514,0.0,-4.95,0.8250000000000002,50000,5918,0.11836
7515,0.0,-4.95,1.2375000000000007,50000,5910,0.1182
7516,0.0,-4.95,1.6500000000000004,50000,5858,0.11716
7517,0.0,-4.95,2.0625,50000,5915,0.1183
7518,0.0,-4.95,2.4750000000000005,50000,5905,0.1181
7519,0.0,-4.95,2.8875,50000,5795,0.1159
7520,0.0,-4.95,3.3,50000,5898,0.11796
7521,0.0,-4.95,3.712500000000001,50000,5813,0.11626
7522,0.0,-4.95,4.125000000000001,50000,5780,0.1156
7523,0.0,-4.95,4.5375000000000005,50000,5735,0.1147
7524,0.0,-4.95,4.95,50000,5621,0.11242
7525,0.0,-4.5375000000000005,-4.95,50000,5671,0.11342
7526,0.0,-4.5375000000000005,-4.5375000000000005,50000,5692,0.11384
7527,0.0,-4.5375000000000005,-4.125,50000,5664,0.11328
7528,0.0,-4.5375000000000005,-3.7125,50000,5906,0.11812
7529,0.0,-4.5375000000000005,-3.3,50000,5829,0.11658
7530,0.0,-4.5375000000000005,-2.8875,50000,5745,0.1149
7531,0.0,-4.5375000000000005,-2.475,50000,5745,0.1149
7532,0.0,-4.5375000000000005,-2.0625,50000,5756,0.11512
7533,0.0,-4.5375000000000005,-1.65,50000,5697,0.11394
7534,0.0,-4.5375000000000005,-1.2374999999999998,50000,5831,0.11662
7535,0.0,-4.5375000000000005,-0.8250000000000002,50000,5805,0.1161
7536,0.0,-4.5375000000000005,-0.4124999999999996,50000,6067,0.12134
7537,0.0,-4.5375000000000005,0.0,50000,5952,0.11904
7538,0.0,-4.5375000000000005,0.4125000000000005,50000,5861,0.11722
7539,0.0,-4.5375000000000005,0.8250000000000002,50000,5856,0.11712
7540,0.0,-4.5375000000000005,1.2375000000000007,50000,5699,0.11398
7541,0.0,-4.5375000000000005,1.6500000000000004,50000,5818,0.11636
7542,0.0,-4.5375000000000005,2.0625,50000,5938,0.11876
7543,0.0,-4.5375000000000005,2.4750000000000005,50000,5810,0.1162
7544,0.0,-4.5375000000000005,2.8875,50000,5893,0.11786
7545,0.0,-4.5375000000000005,3.3,50000,5772,0.11544
7546,0.0,-4.5375000000000005,3.712500000000001,50000,5819,0.11638
7547,0.0,-4.5375000000000005,4.125000000000001,50000,5858,0.11716
7548,0.0,-4.5375000000000005,4.5375000000000005,50000,5668,0.11336
7549,0.0,-4.5375000000000005,4.95,50000,5685,0.1137
7550,0.0,-4.125,-4.95,50000,5740,0.1148
7551,0.0,-4.125,-4.5375000000000005,50000,5763,0.11526
7552,0.0,-4.125,-4.125,50000,5675,0.1135
7553,0.0,-4.125,-3.7125,50000,5635,0.1127
7554,0.0,-4.125,-3.3,50000,5635,0.1127
7555,0.0,-4.125,-2.8875,50000,5923,0.11846
7556,0.0,-4.125,-2.475,50000,5842,0.11684
7557,0.0,-4.125,-2.0625,50000,5837,0.11674
7558,0.0,-4.125,-1.65,50000,5879,0.11758
7559,0.0,-4.125,-1.2374999999999998,50000,5788,0.11576
7560,0.0,-4.125,-0.8250000000000002,50000,5996,0.11992
7561,0.0,-4.125,-0.4124999999999996,50000,5874,0.11748
7562,0.0,-4.125,0.0,50000,5777,0.11554
7563,0.0,-4.125,0.4125000000000005,50000,5870,0.1174
7564,0.0,-4.125,0.8250000000000002,50000,5964,0.11928
7565,0.0,-4.125,1.2375000000000007,50000,5736,0.11472
7566,0.0,-4.125,1.6500000000000004,50000,5915,0.1183
7567,0.0,-4.125,2.0625,50000,5900,0.118
7568,0.0,-4.125,2.4750000000000005,50000,5921,0.11842
7569,0.0,-4.125,2.8875,50000,5853,0.11706
7570,0.0,-4.125,3.3,50000,5756,0.11512
7571,0.0,-4.125,3.712500000000001,50000,5640,0.1128
7572,0.0,-4.125,4.125000000000001,50000,5680,0.1136
7573,0.0,-4.125,4.5375000000000005,50000,5665,0.1133
7574,0.0,-4.125,4.95,50000,5712,0.11424
7575,0.0,-3.7125,-4.95,50000,5641,0.11282
7576,0.0,-3.7125,-4.5375000000000005,50000,5742,0.11484
7577,0.0,-3.7125,-4.125,50000,5736,0.11472
7578,0.0,-3.7125,-3.7125,50000,5826,0.11652
7579,0.0,-3.7125,-3.3,50000,5872,0.11744
7580,0.0,-3.7125,-2.8875,50000,5758,0.11516
7581,0.0,-3.7125,-2.475,50000,5877,0.11754
7582,0.0,-3.7125,-2.0625,50000,5830,0.1166
7583,0.0,-3.7125,-1.65,50000,5773,0.11546
7584,0.0,-3.7125,-1.2374999999999998,50000,6007,0.12014
7585,0.0,-3.7125,-0.8250000000000002,50000,6020,0.1204
7586,0.0,-3.7125,-0.4124999999999996,50000,5882,0.11764
7587,0.0,-3.7125,0.0,50000,6008,0.12016
7588,0.0,-3.7125,0.4125000000000005,50000,5905,0.1181
7589,0.0,-3.7125,0.8250000000000002,50000,5882,0.11764
7590,0.0,-3.7125,1.2375000000000007,50000,6001,0.12002
7591,0.0,-3.7125,1.6500000000000004,50000,5908,0.11816
7592,0.0,-3.7125,2.0625,50000,5988,0.11976
7593,0.0,-3.7125,2.4750000000000005,50000,5841,0.11682
7594,0.0,-3.7125,2.8875,50000,5936,0.11872
7595,0.0,-3.7125,3.3,50000,5909,0.11818
7596,0.0,-3.7125,3.712500000000001,50000,5844,0.11688
7597,0.0,-3.7125,4.125000000000001,50000,5781,0.11562
7598,0.0,-3.7125,4.5375000000000005,50000,5954,0.11908
7599,0.0,-3.7125,4.95,50000,5748,0.11496
7600,0.0,-3.3,-4.95,50000,5720,0.1144
7601,0.0,-3.3,-4.5375000000000005,50000,5780,0.1156
7602,0.0,-3.3,-4.125,50000,5877,0.11754
7603,0.0,-3.3,-3.7125,50000,5690,0.1138
7604,0.0,-3.3,-3.3,50000,5759,0.11518
7605,0.0,-3.3,-2.8875,50000,5967,0.11934
7606,0.0,-3.3,-2.475,50000,5809,0.11618
7607,0.0,-3.3,-2.0625,50000,5689,0.11378
7608,0.0,-3.3,-1.65,50000,5784,0.11568
7609,0.0,-3.3,-1.2374999999999998,50000,5978,0.11956
7610,0.0,-3.3,-0.8250000000000002,50000,6027,0.12054
7611,0.0,-3.3,-0.4124999999999996,50000,5925,0.1185
7612,0.0,-3.3,0.0,50000,5909,0.11818
7613,0.0,-3.3,0.4125000000000005,50000,6050,0.121
7614,0.0,-3.3,0.8250000000000002,50000,5827,0.11654
7615,0.0,-3.3,1.2375000000000007,50000,5970,0.1194
7616,0.0,-3.3,1.6500000000000004,50000,5941,0.11882
7617,0.0,-3.3,2.0625,50000,5755,0.1151
7618,0.0,-3.3,2.4750000000000005,50000,5935,0.1187
7619,0.0,-3.3,2.8875,50000,5802,0.11604
7620,0.0,-3.3,3.3,50000,5868,0.11736
7621,0.0,-3.3,3.712500000000001,50000,5849,0.11698
7622,0.0,-3.3,4.125000000000001,50000,5798,0.11596
7623,0.0,-3.3,4.5375000000000005,50000,5762,0.11524
7624,0.0,-3.3,4.95,50000,5784,0.11568
7625,0.0,-2.8875,-4.95,50000,5851,0.11702
7626,0.0,-2.8875,-4.5375000000000005,50000,5787,0.11574
7627,0.0,-2.8875,-4.125,50000,5737,0.11474
7628,0.0,-2.8875,-3.7125,50000,5787,0.11574
7629,0.0,-2.8875,-3.3,50000,5733,0.11466
7630,0.0,-2.8875,-2.8875,50000,5819,0.11638
7631,0.0,-2.8875,-2.475,50000,5791,0.11582
7632,0.0,-2.8875,-2.0625,50000,5882,0.11764
7633,0.0,-2.8875,-1.65,50000,5961,0.11922
7634,0.0,-2.8875,-1.2374999999999998,50000,5947,0.11894
7635,0.0,-2.8875,-0.8250000000000002,50000,5883,0.11766
7636,0.0,-2.8875,-0.4124999999999996,50000,5989,0.11978
7637,0.0,-2.8875,0.0,50000,5954,0.11908
7638,0.0,-2.8875,0.4125000000000005,50000,5913,0.11826
7639,0.0,-2.8875,0.8250000000000002,50000,5985,0.1197
7640,0.0,-2.8875,1.2375000000000007,50000,5954,0.11908
7641,0.0,-2.8875,1.6500000000000004,50000,5907,0.11814
7642,0.0,-2.8875,2.0625,50000,5926,0.11852
7643,0.0,-2.8875,2.4750000000000005,50000,5767,0.11534
7644,0.0,-2.8875,2.8875,50000,5789,0.11578
7645,0.0,-2.8875,3.3,50000,5892,0.11784
7646,0.0,-2.8875,3.712500000000001,50000,5798,0.11596
7647,0.0,-2.8875,4.125000000000001,50000,5722,0.11444
7648,0.0,-2.8875,4.5375000000000005,50000,5836,0.11672
7649,0.0,-2.8875,4.95,50000,5752,0.11504
7650,0.0,-2.475,-4.95,50000,5727,0.11454
7651,0.0,-2.475,-4.5375000000000005,50000,5703,0.11406
7652,0.0,-2.475,-4.125,50000,5923,0.11846
7653,0.0,-2.475,-3.7125,50000,5823,0.11646
7654,0.0,-2.475,-3.3,50000,5821,0.11642
7655,0.0,-2.475,-2.8875,50000,5929,0.11858
7656,0.0,-2.475,-2.475,50000,5827,0.11654
7657,0.0,-2.475,-2.0625,50000,5849,0.11698
7658,0.0,-2.475,-1.65,50000,6085,0.1217
7659,0.0,-2.475,-1.2374999999999998,50000,5971,0.11942
7660,0.0,-2.475,-0.8250000000000002,50000,5902,0.11804
7661,0.0,-2.475,-0.4124999999999996,50000,6080,0.1216
7662,0.0,-2.475,0.0,50000,6027,0.12054
7663,0.0,-2.475,0.4125000000000005,50000,5992,0.11984
7664,0.0,-2.475,0.8250000000000002,50000,5894,0.11788
7665,0.0,-2.475,1.2375000000000007,50000,6033,0.12066
7666,0.0,-2.475,1.6500000000000004,50000,6095,0.1219
7667,0.0,-2.475,2.0625,50000,5927,0.11854
7668,0.0,-2.475,2.4750000000000005,50000,6024,0.12048
7669,0.0,-2.475,2.8875,50000,6028,0.12056
7670,0.0,-2.475,3.3,50000,5888,0.11776
7671,0.0,-2.475,3.712500000000001,50000,5846,0.11692
7672,0.0,-2.475,4.125000000000001,50000,5909,0.11818
7673,0.0,-2.475,4.5375000000000005,50000,5706,0.11412
7674,0.0,-2.475,4.95,50000,5649,0.11298
7675,0.0,-2.0625,-4.95,50000,5893,0.11786
7676,0.0,-2.0625,-4.5375000000000005,50000,5968,0.11936
7677,0.0,-2.0625,-4.125,50000,5984,0.11968
7678,0.0,-2.0625,-3.7125,50000,5909,0.11818
7679,0.0,-2.0625,-3.3,50000,5981,0.11962
7680,0.0,-2.0625,-2.8875,50000,5895,0.1179
7681,0.0,-2.0625,-2.475,50000,6010,0.1202
7682,0.0,-2.0625,-2.0625,50000,5998,0.11996
7683,0.0,-2.0625,-1.65,50000,6014,0.12028
7684,0.0,-2.0625,-1.2374999999999998,50000,5950,0.119
7685,0.0,-2.0625,-0.8250000000000002,50000,5903,0.11806
7686,0.0,-2.0625,-0.4124999999999996,50000,6165,0.1233
7687,0.0,-2.0625,0.0,50000,6104,0.12208
7688,0.0,-2.0625,0.4125000000000005,50000,5998,0.11996
7689,0.0,-2.0625,0.8250000000000002,50000,6026,0.12052
7690,0.0,-2.0625,1.2375000000000007,50000,6114,0.12228
7691,0.0,-2.0625,1.6500000000000004,50000,5898,0.11796
7692,0.0,-2.0625,2.0625,50000,5984,0.11968
7693,0.0,-2.0625,2.4750000000000005,50000,5976,0.11952
7694,0.0,-2.0625,2.8875,50000,5866,0.11732
7695,0.0,-2.0625,3.3,50000,5966,0.11932
7696,0.0,-2.0625,3.712500000000001,50000,5971,0.11942
7697,0.0,-2.0625,4.125000000000001,50000,5905,0.1181
7698,0.0,-2.0625,4.5375000000000005,50000,5891,0.11782
7699,0.0,-2.0625,4.95,50000,5852,0.11704
7700,0.0,-1.65,-4.95,50000,5997,0.11994
7701,0.0,-1.65,-4.5375000000000005,50000,5744,0.11488
7702,0.0,-1.65,-4.125,50000,6072,0.12144
7703,0.0,-1.65,-3.7125,50000,5996,0.11992
7704,0.0,-1.65,-3.3,50000,5904,0.11808
7705,0.0,-1.65,-2.8875,50000,5845,0.1169
7706,0.0,-1.65,-2.475,50000,5989,0.11978
7707,0.0,-1.65,-2.0625,50000,6138,0.12276
7708,0.0,-1.65,-1.65,50000,6082,0.12164
7709,0.0,-1.65,-1.2374999999999998,50000,6037,0.12074
7710,0.0,-1.65,-0.8250000000000002,50000,5930,0.1186
7711,0.0,-1.65,-0.4124999999999996,50000,5996,0.11992
7712,0.0,-1.65,0.0,50000,6081,0.12162
7713,0.0,-1.65,0.4125000000000005,50000,6161,0.12322
7714,0.0,-1.65,0.8250000000000002,50000,6011,0.12022
7715,0.0,-1.65,1.2375000000000007,50000,5971,0.11942
7716,0.0,-1.65,1.6500000000000004,50000,5964,0.11928
7717,0.0,-1.65,2.0625,50000,6172,0.12344
7718,0.0,-1.65,2.4750000000000005,50000,5849,0.11698
7719,0.0,-1.65,2.8875,50000,5789,0.11578
7720,0.0,-1.65,3.3,50000,5973,0.11946
7721,0.0,-1.65,3.712500000000001,50000,5949,0.11898
7722,0.0,-1.65,4.125000000000001,50000,5929,0.11858
7723,0.0,-1.65,4.5375000000000005,50000,5969,0.11938
7724,0.0,-1.65,4.95,50000,5855,0.1171
7725,0.0,-1.2374999999999998,-4.95,50000,5972,0.11944
7726,0.0,-1.2374999999999998,-4.5375000000000005,50000,6062,0.12124
7727,0.0,-1.2374999999999998,-4.125,50000,5998,0.11996
7728,0.0,-1.2374999999999998,-3.7125,50000,6115,0.1223
7729,0.0,-1.2374999999999998,-3.3,50000,6106,0.12212
7730,0.0,-1.2374999999999998,-2.8875,50000,5951,0.11902
7731,0.0,-1.2374999999999998,-2.475,50000,6059,0.12118
7732,0.0,-1.2374999999999998,-2.0625,50000,5975,0.1195
7733,0.0,-1.2374999999999998,-1.65,50000,6144,0.12288
7734,0.0,-1.2374999999999998,-1.2374999999999998,50000,6251,0.12502
7735,0.0,-1.2374999999999998,-0.8250000000000002,50000,6247,0.12494
7736,0.0,-1.2374999999999998,-0.4124999999999996,50000,6172,0.12344
7737,0.0,-1.2374999999999998,0.0,50000,6154,0.12308
7738,0.0,-1.2374999999999998,0.4125000000000005,50000,6132,0.12264
7739,0.0,-1.2374999999999998,0.8250000000000002,50000,6192,0.12384
7740,0.0,-1.2374999999999998,1.2375000000000007,50000,6009,0.12018
7741,0.0,-1.2374999999999998,1.6500000000000004,50000,6160,0.1232
7742,0.0,-1.2374999999999998,2.0625,50000,6006,0.12012
7743,0.0,-1.2374999999999998,2.4750000000000005,50000,6037,0.12074
7744,0.0,-1.2374999999999998,2.8875,50000,6126,0.12252
7745,0.0,-1.2374999999999998,3.3,50000,5904,0.11808
7746,0.0,-1.2374999999999998,3.712500000000001,50000,5925,0.1185
7747,0.0,-1.2374999999999998,4.125000000000001,50000,6013,0.12026
7748,0.0,-1.2374999999999998,4.5375000000000005,50000,6106,0.12212
7749,0.0,-1.2374999999999998,4.95,50000,5981,0.11962
7750,0.0,-0.8250000000000002,-4.95,50000,5974,0.11948
7751,0.0,-0.8250000000000002,-4.5375000000000005,50000,5990,0.1198
7752,0.0,-0.8250000000000002,-4.125,50000,5979,0.11958
7753,0.0,-0.8250000000000002,-3.7125,50000,5875,0.1175
7754,0.0,-0.8250000000000002,-3.3,50000,6116,0.12232
7755,0.0,-0.8250000000000002,-2.8875,50000,6135,0.1227
7756,0.0,-0.8250000000000002,-2.475,50000,6006,0.12012
7757,0.0,-0.8250000000000002,-2.0625,50000,6073,0.12146
7758,0.0,-0.8250000000000002,-1.65,50000,6174,0.12348
7759,0.0,-0.8250000000000002,-1.2374999999999998,50000,6269,0.12538
7760,0.0,-0.8250000000000002,-0.8250000000000002,50000,6288,0.12576
7761,0.0,-0.8250000000000002,-0.4124999999999996,50000,6291,0.12582
7762,0.0,-0.8250000000000002,0.0,50000,6159,0.12318
7763,0.0,-0.8250000000000002,0.4125000000000005,50000,6112,0.12224
7764,0.0,-0.8250000000000002,0.8250000000000002,50000,6181,0.12362
7765,0.0,-0.8250000000000002,1.2375000000000007,50000,6169,0.12338
7766,0.0,-0.8250000000000002,1.6500000000000004,50000,6138,0.12276
7767,0.0,-0.8250000000000002,2.0625,50000,6231,0.12462
7768,0.0,-0.8250000000000002,2.4750000000000005,50000,6075,0.1215
7769,0.0,-0.8250000000000002,2.8875,50000,6119,0.12238
7770,0.0,-0.8250000000000002,3.3,50000,6016,0.12032
7771,0.0,-0.8250000000000002,3.712500000000001,50000,5915,0.1183
7772,0.0,-0.8250000000000002,4.125000000000001,50000,6069,0.12138
7773,0.0,-0.8250000000000002,4.5375000000000005,50000,6115,0.1223
7774,0.0,-0.8250000000000002,4.95,50000,5979,0.11958
7775,0.0,-0.4124999999999996,-4.95,50000,5985,0.1197
7776,0.0,-0.4124999999999996,-4.5375000000000005,50000,6030,0.1206
7777,0.0,-0.4124999999999996,-4.125,50000,6177,0.12354
7778,0.0,-0.4124999999999996,-3.7125,50000,6134,0.12268
7779,0.0,-0.4124999999999996,-3.3,50000,6142,0.12284
7780,0.0,-0.4124999999999996,-2.8875,50000,6138,0.12276
7781,0.0,-0.4124999999999996,-2.475,50000,6287,0.12574
7782,0.0,-0.4124999999999996,-2.0625,50000,6331,0.12662
7783,0.0,-0.4124999999999996,-1.65,50000,6423,0.12846
7784,0.0,-0.4124999999999996,-1.2374999999999998,50000,6365,0.1273
7785,0.0,-0.4124999999999996,-0.8250000000000002,50000,6463,0.12926
7786,0.0,-0.4124999999999996,-0.4124999999999996,50000,6401,0.12802
7787,0.0,-0.4124999999999996,0.0,50000,6443,0.12886
7788,0.0,-0.4124999999999996,0.4125000000000005,50000,6342,0.12684
7789,0.0,-0.4124999999999996,0.8250000000000002,50000,6438,0.12876
7790,0.0,-0.4124999999999996,1.2375000000000007,50000,6381,0.12762
7791,0.0,-0.4124999999999996,1.6500000000000004,50000,6300,0.126
7792,0.0,-0.4124999999999996,2.0625,50000,6246,0.12492
7793,0.0,-0.4124999999999996,2.4750000000000005,50000,6260,0.1252
7794,0.0,-0.4124999999999996,2.8875,50000,6104,0.12208
7795,0.0,-0.4124999999999996,3.3,50000,6174,0.12348
7796,0.0,-0.4124999999999996,3.712500000000001,50000,6145,0.1229
7797,0.0,-0.4124999999999996,4.125000000000001,50000,6121,0.12242
7798,0.0,-0.4124999999999996,4.5375000000000005,50000,6126,0.12252
7799,0.0,-0.4124999999999996,4.95,50000,6023,0.12046
7800,0.0,0.0,-4.95,50000,6063,0.12126
7801,0.0,0.0,-4.5375000000000005,50000,6171,0.12342
7802,0.0,0.0,-4.125,50000,6070,0.1214
7803,0.0,0.0,-3.7125,50000,6212,0.12424
7804,0.0,0.0,-3.3,50000,6238,0.12476
7805,0.0,0.0,-2.8875,50000,6234,0.12468
7806,0.0,0.0,-2.475,50000,6430,0.1286
7807,0.0,0.0,-2.0625,50000,6313,0.12626
7808,0.0,0.0,-1.65,50000,6430,0.1286
7809,0.0,0.0,-1.2374999999999998,50000,6364,0.12728
7810,0.0,0.0,-0.8250000000000002,50000,6440,0.1288
7811,0.0,0.0,-0.4124999999999996,50000,6560,0.1312
7812,0.0,0.0,0.0,50000,6480,0.1296
7813,0.0,0.0,0.4125000000000005,50000,6541,0.13082
7814,0.0,0.0,0.8250000000000002,50000,6417,0.12834
7815,0.0,0.0,1.2375000000000007,50000,6487,0.12974
7816,0.0,0.0,1.6500000000000004,50000,6333,0.12666
7817,0.0,0.0,2.0625,50000,6421,0.12842
7818,0.0,0.0,2.4750000000000005,50000,6387,0.12774
7819,0.0,0.0,2.8875,50000,6306,0.12612
7820,0.0,0.0,3.3,50000,6175,0.1235
7821,0.0,0.0,3.712500000000001,50000,6152,0.12304
7822,0.0,0.0,4.125000000000001,50000,6205,0.1241
7823,0.0,0.0,4.5375000000000005,50000,6028,0.12056
7824,0.0,0.0,4.95,50000,6106,0.12212
7825,0.0,0.4125000000000005,-4.95,50000,6203,0.12406
7826,0.0,0.4125000000000005,-4.5375000000000005,50000,6229,0.12458
7827,0.0,0.4125000000000005,-4.125,50000,6232,0.12464
7828,0.0,0.4125000000000005,-3.7125,50000,6198,0.12396
7829,0.0,0.4125000000000005,-3.3,50000,6403,0.12806
7830,0.0,0.4125000000000005,-2.8875,50000,6345,0.1269
7831,0.0,0.4125000000000005,-2.475,50000,6352,0.12704
7832,0.0,0.4125000000000005,-2.0625,50000,6658,0.13316
7833,0.0,0.4125000000000005,-1.65,50000,6520,0.1304
7834,0.0,0.4125000000000005,-1.2374999999999998,50000,6568,0.13136
7835,0.0,0.4125000000000005,-0.8250000000000002,50000,6635,0.1327
7836,0.0,0.4125000000000005,-0.4124999999999996,50000,6747,0.13494
7837,0.0,0.4125000000000005,0.0,50000,6652,0.13304
7838,0.0,0.4125000000000005,0.4125000000000005,50000,6765,0.1353
7839,0.0,0.4125000000000005,0.8250000000000002,50000,6621,0.13242
7840,0.0,0.4125000000000005,1.2375000000000007,50000,6583,0.13166
7841,0.0,0.4125000000000005,1.6500000000000004,50000,6529,0.13058
7842,0.0,0.4125000000000005,2.0625,50000,6424,0.12848
7843,0.0,0.4125000000000005,2.4750000000000005,50000,6457,0.12914
7844,0.0,0.4125000000000005,2.8875,50000,6408,0.12816
7845,0.0,0.4125000000000005,3.3,50000,6213,0.12426
7846,0.0,0.4125000000000005,3.712500000000001,50000,6359,0.12718
7847,0.0,0.4125000000000005,4.125000000000001,50000,6152,0.12304
7848,0.0,0.4125000000000005,4.5375000000000005,50000,6076,0.12152
7849,0.0,0.4125000000000005,4.95,50000,6054,0.12108
7850,0.0,0.8250000000000002,-4.95,50000,6271,0.12542
7851,0.0,0.8250000000000002,-4.5375000000000005,50000,6300,0.126
7852,0.0,0.8250000000000002,-4.125,50000,6233,0.12466
7853,0.0,0.8250000000000002,-3.7125,50000,6344,0.12688
7854,0.0,0.8250000000000002,-3.3,50000,6408,0.12816
7855,0.0,0.8250000000000002,-2.8875,50000,6551,0.13102
7856,0.0,0.8250000000000002,-2.475,50000,6517,0.13034
7857,0.0,0.8250000000000002,-2.0625,50000,6611,0.13222
7858,0.0,0.8250000000000002,-1.65,50000,6665,0.1333
7859,0.0,0.8250000000000002,-1.2374999999999998,50000,6923,0.13846
7860,0.0,0.8250000000000002,-0.8250000000000002,50000,6848,0.13696
7861,0.0,0.8250000000000002,-0.4124999999999996,50000,6833,0.13666
7862,0.0,0.8250000000000002,0.0,50000,6849,0.13698
7863,0.0,0.8250000000000002,0.4125000000000005,50000,6987,0.13974
7864,0.0,0.8250000000000002,0.8250000000000002,50000,6844,0.13688
7865,0.0,0.8250000000000002,1.2375000000000007,50000,6714,0.13428
7866,0.0,0.8250000000000002,1.6500000000000004,50000,6630,0.1326
7867,0.0,0.8250000000000002,2.0625,50000,6675,0.1335
7868,0.0,0.8250000000000002,2.4750000000000005,50000,6608,0.13216
7869,0.0,0.8250000000000002,2.8875,50000,6387,0.12774
7870,0.0,0.8250000000000002,3.3,50000,6353,0.12706
7871,0.0,0.8250000000000002,3.712500000000001,50000,6225,0.1245
7872,0.0,0.8250000000000002,4.125000000000001,50000,6152,0.12304
7873,0.0,0.8250000000000002,4.5375000000000005,50000,6288,0.12576
7874,0.0,0.8250000000000002,4.95,50000,6318,0.12636
7875,0.0,1.2375000000000007,-4.95,50000,6307,0.12614
7876,0.0,1.2375000000000007,-4.5375000000000005,50000,6210,0.1242
7877,0.0,1.2375000000000007,-4.125,50000,6427,0.12854
7878,0.0,1.2375000000000007,-3.7125,50000,6369,0.12738
7879,0.0,1.2375000000000007,-3.3,50000,6484,0.12968
7880,0.0,1.2375000000000007,-2.8875,50000,6648,0.13296
7881,0.0,1.2375000000000007,-2.475,50000,6680,0.1336
7882,0.0,1.2375000000000007,-2.0625,50000,6873,0.13746
7883,0.0,1.2375000000000007,-1.65,50000,6884,0.13768
7884,0.0,1.2375000000000007,-1.2374999999999998,50000,7121,0.14242
7885,0.0,1.2375000000000007,-0.8250000000000002,50000,7026,0.14052
7886,0.0,1.2375000000000007,-0.4124999999999996,50000,7125,0.1425
7887,0.0,1.2375000000000007,0.0,50000,7080,0.1416
7888,0.0,1.2375000000000007,0.4125000000000005,50000,7152,0.14304
7889,0.0,1.2375000000000007,0.8250000000000002,50000,7117,0.14234
7890,0.0,1.2375000000000007,1.2375000000000007,50000,6955,0.1391
7891,0.0,1.2375000000000007,1.6500000000000004,50000,7089,0.14178
7892,0.0,1.2375000000000007,2.0625,50000,6991,0.13982
7893,0.0,1.2375000000000007,2.4750000000000005,50000,6847,0.13694
7894,0.0,1.2375000000000007,2.8875,50000,6496,0.12992
7895,0.0,1.2375000000000007,3.3,50000,6430,0.1286
7896,0.0,1.2375000000000007,3.712500000000001,50000,6272,0.12544
7897,0.0,1.2375000000000007,4.125000000000001,50000,6339,0.12678
7898,0.0,1.2375000000000007,4.5375000000000005,50000,6389,0.12778
7899,0.0,1.2375000000000007,4.95,50000,6309,0.12618
7900,0.0,1.6500000000000004,-4.95,50000,6329,0.12658
7901,0.0,1.6500000000000004,-4.5375000000000005,50000,6300,0.126
7902,0.0,1.6500000000000004,-4.125,50000,6407,0.12814
7903,0.0,1.6500000000000004,-3.7125,50000,6294,0.12588
7904,0.0,1.6500000000000004,-3.3,50000,6549,0.13098
7905,0.0,1.6500000000000004,-2.8875,50000,6779,0.13558
7906,0.0,1.6500000000000004,-2.475,50000,6878,0.13756
7907,0.0,1.6500000000000004,-2.0625,50000,6945,0.1389
7908,0.0,1.6500000000000004,-1.65,50000,7186,0.14372
7909,0.0,1.6500000000000004,-1.2374999999999998,50000,7100,0.142
7910,0.0,1.6500000000000004,-0.8250000000000002,50000,7525,0.1505
7911,0.0,1.6500000000000004,-0.4124999999999996,50000,7621,0.15242
7912,0.0,1.6500000000000004,0.0,50000,7509,0.15018
7913,0.0,1.6500000000000004,0.4125000000000005,50000,7532,0.15064
7914,0.0,1.6500000000000004,0.8250000000000002,50000,7581,0.15162
7915,0.0,1.6500000000000004,1.2375000000000007,50000,7390,0.1478
7916,0.0,1.6500000000000004,1.6500000000000004,50000,7216,0.14432
7917,0.0,1.6500000000000004,2.0625,50000,7032,0.14064
7918,0.0,1.6500000000000004,2.4750000000000005,50000,6914,0.13828
7919,0.0,1.6500000000000004,2.8875,50000,6606,0.13212
7920,0.0,1.6500000000000004,3.3,50000,6532,0.13064
7921,0.0,1.6500000000000004,3.712500000000001,50000,6393,0.12786
7922,0.0,1.6500000000000004,4.125000000000001,50000,6446,0.12892
7923,0.0,1.6500000000000004,4.5375000000000005,50000,6329,0.12658
7924,0.0,1.6500000000000004,4.95,50000,6397,0.12794
7925,0.0,2.0625,-4.95,50000,6285,0.1257
7926,0.0,2.0625,-4.5375000000000005,50000,6343,0.12686
7927,0.0,2.0625,-4.125,50000,6367,0.12734
7928,0.0,2.0625,-3.7125,50000,6573,0.13146
7929,0.0,2.0625,-3.3,50000,6659,0.13318
7930,0.0,2.0625,-2.8875,50000,6949,0.13898
7931,0.0,2.0625,-2.475,50000,7034,0.14068
7932,0.0,2.0625,-2.0625,50000,7307,0.14614
7933,0.0,2.0625,-1.65,50000,7462,0.14924
7934,0.0,2.0625,-1.2374999999999998,50000,7728,0.15456
7935,0.0,2.0625,-0.8250000000000002,50000,8097,0.16194
7936,0.0,2.0625,-0.4124999999999996,50000,7817,0.15634
7937,0.0,2.0625,0.0,50000,7825,0.1565
7938,0.0,2.0625,0.4125000000000005,50000,7904,0.15808
7939,0.0,2.0625,0.8250000000000002,50000,7842,0.15684
7940,0.0,2.0625,1.2375000000000007,50000,7682,0.15364
7941,0.0,2.0625,1.6500000000000004,50000,7462,0.14924
7942,0.0,2.0625,2.0625,50000,7432,0.14864
7943,0.0,2.0625,2.4750000000000005,50000,7174,0.14348
7944,0.0,2.0625,2.8875,50000,6864,0.13728
7945,0.0,2.0625,3.3,50000,6631,0.13262
7946,0.0,2.0625,3.712500000000001,50000,6362,0.12724
7947,0.0,2.0625,4.125000000000001,50000,6270,0.1254
7948,0.0,2.0625,4.5375000000000005,50000,6299,0.12598
7949,0.0,2.0625,4.95,50000,6423,0.12846
7950,0.0,2.4750000000000005,-4.95,50000,6365,0.1273
7951,0.0,2.4750000000000005,-4.5375000000000005,50000,6372,0.12744
7952,0.0,2.4750000000000005,-4.125,50000,6406,0.12812
7953,0.0,2.4750000000000005,-3.7125,50000,6453,0.12906
7954,0.0,2.4750000000000005,-3.3,50000,6781,0.13562
7955,0.0,2.4750000000000005,-2.8875,50000,7028,0.14056
7956,0.0,2.4750000000000005,-2.475,50000,7382,0.14764
7957,0.0,2.4750000000000005,-2.0625,50000,7660,0.1532
7958,0.0,2.4750000000000005,-1.65,50000,7974,0.15948
7959,0.0,2.4750000000000005,-1.2374999999999998,50000,8150,0.163
7960,0.0,2.4750000000000005,-0.8250000000000002,50000,8197,0.16394
7961,0.0,2.4750000000000005,-0.4124999999999996,50000,8207,0.16414
7962,0.0,2.4750000000000005,0.0,50000,8249,0.16498
7963,0.0,2.4750000000000005,0.4125000000000005,50000,8180,0.1636
7964,0.0,2.4750000000000005,0.8250000000000002,50000,8362,0.16724
7965,0.0,2.4750000000000005,1.2375000000000007,50000,8196,0.16392
7966,0.0,2.4750000000000005,1.6500000000000004,50000,7934,0.15868
7967,0.0,2.4750000000000005,2.0625,50000,7620,0.1524
7968,0.0,2.4750000000000005,2.4750000000000005,50000,7319,0.14638
7969,0.0,2.4750000000000005,2.8875,50000,7062,0.14124
7970,0.0,2.4750000000000005,3.3,50000,6807,0.13614
7971,0.0,2.4750000000000005,3.712500000000001,50000,6517,0.13034
7972,0.0,2.4750000000000005,4.125000000000001,50000,6251,0.12502
7973,0.0,2.4750000000000005,4.5375000000000005,50000,6198,0.12396
7974,0.0,2.4750000000000005,4.95,50000,6248,0.12496
7975,0.0,2.8875,-4.95,50000,6042,0.12084
7976,0.0,2.8875,-4.5375000000000005,50000,6162,0.12324
7977,0.0,2.8875,-4.125,50000,6133,0.12266
7978,0.0,2.8875,-3.7125,50000,6569,0.13138
7979,0.0,2.8875,-3.3,50000,6916,0.13832
7980,0.0,2.8875,-2.8875,50000,7317,0.14634
7981,0.0,2.8875,-2.475,50000,7674,0.15348
7982,0.0,2.8875,-2.0625,50000,8171,0.16342
7983,0.0,2.8875,-1.65,50000,8450,0.169
7984,0.0,2.8875,-1.2374999999999998,50000,8774,0.17548
7985,0.0,2.8875,-0.8250000000000002,50000,8905,0.1781
7986,0.0,2.8875,-0.4124999999999996,50000,8952,0.17904
7987,0.0,2.8875,0.0,50000,9143,0.18286
7988,0.0,2.8875,0.4125000000000005,50000,8910,0.1782
7989,0.0,2.8875,0.8250000000000002,50000,8780,0.1756
7990,0.0,2.8875,1.2375000000000007,50000,8601,0.17202
7991,0.0,2.8875,1.6500000000000004,50000,8391,0.16782
7992,0.0,2.8875,2.0625,50000,8163,0.16326
7993,0.0,2.8875,2.4750000000000005,50000,7627,0.15254
7994,0.0,2.8875,2.8875,50000,7210,0.1442
7995,0.0,2.8875,3.3,50000,6754,0.13508
7996,0.0,2.8875,3.712500000000001,50000,6421,0.12842
7997,0.0,2.8875,4.125000000000001,50000,6211,0.12422
7998,0.0,2.8875,4.5375000000000005,50000,6122,0.12244
7999,0.0,2.8875,4.95,50000,6191,0.12382
8000,0.0,3.3,-4.95,50000,5898,0.11796
8001,0.0,3.3,-4.5375000000000005,50000,5831,0.11662
8002,0.0,3.3,-4.125,50000,6159,0.12318
8003,0.0,3.3,-3.7125,50000,6346,0.12692
8004,0.0,3.3,-3.3,50000,6978,0.13956
8005,0.0,3.3,-2.8875,50000,7506,0.15012
8006,0.0,3.3,-2.475,50000,8313,0.16626
8007,0.0,3.3,-2.0625,50000,8678,0.17356
8008,0.0,3.3,-1.65,50000,9322,0.18644
8009,0.0,3.3,-1.2374999999999998,50000,9445,0.1889
8010,0.0,3.3,-0.8250000000000002,50000,9700,0.194
8011,0.0,3.3,-0.4124999999999996,50000,9820,0.1964
8012,0.0,3.3,0.0,50000,9783,0.19566
8013,0.0,3.3,0.4125000000000005,50000,9667,0.19334
8014,0.0,3.3,0.8250000000000002,50000,9643,0.19286
8015,0.0,3.3,1.2375000000000007,50000,9468,0.18936
8016,0.0,3.3,1.6500000000000004,50000,9177,0.18354
8017,0.0,3.3,2.0625,50000,8805,0.1761
8018,0.0,3.3,2.4750000000000005,50000,8240,0.1648
8019,0.0,3.3,2.8875,50000,7411,0.14822
8020,0.0,3.3,3.3,50000,6874,0.13748
8021,0.0,3.3,3.712500000000001,50000,6346,0.12692
8022,0.0,3.3,4.125000000000001,50000,6026,0.12052
8023,0.0,3.3,4.5375000000000005,50000,5959,0.11918
8024,0.0,3.3,4.95,50000,5918,0.11836
8025,0.0,3.712500000000001,-4.95,50000,5525,0.1105
8026,0.0,3.712500000000001,-4.5375000000000005,50000,5347,0.10694
8027,0.0,3.712500000000001,-4.125,50000,5679,0.11358
8028,0.0,3.712500000000001,-3.7125,50000,6172,0.12344
8029,0.0,3.712500000000001,-3.3,50000,6963,0.13926
8030,0.0,3.712500000000001,-2.8875,50000,7800,0.156
8031,0.0,3.712500000000001,-2.475,50000,8871,0.17742
8032,0.0,3.712500000000001,-2.0625,50000,9414,0.18828
8033,0.0,3.712500000000001,-1.65,50000,9845,0.1969
8034,0.0,3.712500000000001,-1.2374999999999998,50000,10379,0.20758
8035,0.0,3.712500000000001,-0.8250000000000002,50000,10509,0.21018
8036,0.0,3.712500000000001,-0.4124999999999996,50000,10556,0.21112
8037,0.0,3.712500000000001,0.0,50000,10532,0.21064
8038,0.0,3.712500000000001,0.4125000000000005,50000,10528,0.21056
8039,0.0,3.712500000000001,0.8250000000000002,50000,10632,0.21264
8040,0.0,3.712500000000001,1.2375000000000007,50000,10314,0.20628
8041,0.0,3.712500000000001,1.6500000000000004,50000,10075,0.2015
8042,0.0,3.712500000000001,2.0625,50000,9429,0.18858
8043,0.0,3.712500000000001,2.4750000000000005,50000,8855,0.1771
8044,0.0,3.712500000000001,2.8875,50000,7874,0.15748
8045,0.0,3.712500000000001,3.3,50000,6966,0.13932
8046,0.0,3.712500000000001,3.712500000000001,50000,6045,0.1209
8047,0.0,3.712500000000001,4.125000000000001,50000,5621,0.11242
8048,0.0,3.712500000000001,4.5375000000000005,50000,5409,0.10818
8049,0.0,3.712500000000001,4.95,50000,5478,0.10956
8050,0.0,4.125000000000001,-4.95,50000,4838,0.09676
8051,0.0,4.125000000000001,-4.5375000000000005,50000,4775,0.0955
8052,0.0,4.125000000000001,-4.125,50000,4996,0.09992
8053,0.0,4.125000000000001,-3.7125,50000,5624,0.11248
8054,0.0,4.125000000000001,-3.3,50000,6759,0.13518
8055,0.0,4.125000000000001,-2.8875,50000,8187,0.16374
8056,0.0,4.125000000000001,-2.475,50000,9513,0.19026
8057,0.0,4.125000000000001,-2.0625,50000,10471,0.20942
8058,0.0,4.125000000000001,-1.65,50000,11072,0.22144
8059,0.0,4.125000000000001,-1.2374999999999998,50000,11288,0.22576
8060,0.0,4.125000000000001,-0.8250000000000002,50000,11609,0.23218
8061,0.0,4.125000000000001,-0.4124999999999996,50000,11544,0.23088
8062,0.0,4.125000000000001,0.0,50000,11758,0.23516
8063,0.0,4.125000000000001,0.4125000000000005,50000,11715,0.2343
8064,0.0,4.125000000000001,0.8250000000000002,50000,11531,0.23062
8065,0.0,4.125000000000001,1.2375000000000007,50000,11410,0.2282
8066,0.0,4.125000000000001,1.6500000000000004,50000,10811,0.21622
8067,0.0,4.125000000000001,2.0625,50000,10744,0.21488
8068,0.0,4.125000000000001,2.4750000000000005,50000,9566,0.19132
8069,0.0,4.125000000000001,2.8875,50000,8193,0.16386
8070,0.0,4.125000000000001,3.3,50000,6709,0.13418
8071,0.0,4.125000000000001,3.712500000000001,50000,5615,0.1123
8072,0.0,4.125000000000001,4.125000000000001,50000,5074,0.10148
8073,0.0,4.125000000000001,4.5375000000000005,50000,4815,0.0963
8074,0.0,4.125000000000001,4.95,50000,4785,0.0957
8075,0.0,4.5375000000000005,-4.95,50000,3959,0.07918
8076,0.0,4.5375000000000005,-4.5375000000000005,50000,3873,0.07746
8077,0.0,4.5375000000000005,-4.125,50000,4074,0.08148
8078,0.0,4.5375000000000005,-3.7125,50000,4695,0.0939
8079,0.0,4.5375000000000005,-3.3,50000,6082,0.12164
8080,0.0,4.5375000000000005,-2.8875,50000,9078,0.18156
8081,0.0,4.5375000000000005,-2.475,50000,11082,0.22164
8082,0.0,4.5375000000000005,-2.0625,50000,12070,0.2414
8083,0.0,4.5375000000000005,-1.65,50000,12385,0.2477
8084,0.0,4.5375000000000005,-1.2374999999999998,50000,12651,0.25302
8085,0.0,4.5375000000000005,-0.8250000000000002,50000,12488,0.24976
8086,0.0,4.5375000000000005,-0.4124999999999996,50000,12654,0.25308
8087,0.0,4.5375000000000005,0.0,50000,12788,0.25576
8088,0.0,4.5375000000000005,0.4125000000000005,50000,12775,0.2555
8089,0.0,4.5375000000000005,0.8250000000000002,50000,12785,0.2557
8090,0.0,4.5375000000000005,1.2375000000000007,50000,12785,0.2557
8091,0.0,4.5375000000000005,1.6500000000000004,50000,12390,0.2478
8092,0.0,4.5375000000000005,2.0625,50000,12014,0.24028
8093,0.0,4.5375000000000005,2.4750000000000005,50000,11179,0.22358
8094,0.0,4.5375000000000005,2.8875,50000,8987,0.17974
8095,0.0,4.5375000000000005,3.3,50000,6138,0.12276
8096,0.0,4.5375000000000005,3.712500000000001,50000,4660,0.0932
8097,0.0,4.5375000000000005,4.125000000000001,50000,3934,0.07868
8098,0.0,4.5375000000000005,4.5375000000000005,50000,3779,0.07558
8099,0.0,4.5375000000000005,4.95,50000,3793,0.07586
8100,0.0,4.95,-4.95,50000,2532,0.05064
8101,0.0,4.95,-4.5375000000000005,50000,2583,0.05166
8102,0.0,4.95,-4.125,50000,2936,0.05872
8103,0.0,4.95,-3.7125,50000,2925,0.0585
8104,0.0,4.95,-3.3,50000,3341,0.06682
8105,0.0,4.95,-2.8875,50000,12669,0.25338
8106,0.0,4.95,-2.475,50000,13723,0.27446
8107,0.0,4.95,-2.0625,50000,13790,0.2758
8108,0.0,4.95,-1.65,50000,13954,0.27908
8109,0.0,4.95,-1.2374999999999998,50000,14017,0.28034
8110,0.0,4.95,-0.8250000000000002,50000,13950,0.279
8111,0.0,4.95,-0.4124999999999996,50000,14295,0.2859
8112,0.0,4.95,0.0,50000,14143,0.28286
8113,0.0,4.95,0.4125000000000005,50000,14126,0.28252
8114,0.0,4.95,0.8250000000000002,50000,14014,0.28028
8115,0.0,4.95,1.2375000000000007,50000,13937,0.27874
8116,0.0,4.95,1.6500000000000004,50000,13931,0.27862
8117,0.0,4.95,2.0625,50000,14135,0.2827
8118,0.0,4.95,2.4750000000000005,50000,13807,0.27614
8119,0.0,4.95,2.8875,50000,12562,0.25124
8120,0.0,4.95,3.3,50000,3338,0.06676
8121,0.0,4.95,3.712500000000001,50000,2996,0.05992
8122,0.0,4.95,4.125000000000001,50000,2863,0.05726
8123,0.0,4.95,4.5375000000000005,50000,2635,0.0527
8124,0.0,4.95,4.95,50000,2580,0.0516
8125,0.4125000000000005,-4.95,-4.95,50000,5660,0.1132
8126,0.4125000000000005,-4.95,-4.5375000000000005,50000,5678,0.11356
8127,0.4125000000000005,-4.95,-4.125,50000,5826,0.11652
8128,0.4125000000000005,-4.95,-3.7125,50000,5743,0.11486
8129,0.4125000000000005,-4.95,-3.3,50000,5902,0.11804
8130,0.4125000000000005,-4.95,-2.8875,50000,5843,0.11686
8131,0.4125000000000005,-4.95,-2.475,50000,5908,0.11816
8132,0.4125000000000005,-4.95,-2.0625,50000,5845,0.1169
8133,0.4125000000000005,-4.95,-1.65,50000,5846,0.11692
8134,0.4125000000000005,-4.95,-1.2374999999999998,50000,5838,0.11676
8135,0.4125000000000005,-4.95,-0.8250000000000002,50000,5978,0.11956
8136,0.4125000000000005,-4.95,-0.4124999999999996,50000,6018,0.12036
8137,0.4125000000000005,-4.95,0.0,50000,5947,0.11894
8138,0.4125000000000005,-4.95,0.4125000000000005,50000,5957,0.11914
8139,0.4125000000000005,-4.95,0.8250000000000002,50000,6042,0.12084
8140,0.4125000000000005,-4.95,1.2375000000000007,50000,5887,0.11774
8141,0.4125000000000005,-4.95,1.6500000000000004,50000,6004,0.12008
8142,0.4125000000000005,-4.95,2.0625,50000,5875,0.1175
8143,0.4125000000000005,-4.95,2.4750000000000005,50000,5850,0.117
8144,0.4125000000000005,-4.95,2.8875,50000,5966,0.11932
8145,0.4125000000000005,-4.95,3.3,50000,5936,0.11872
8146,0.4125000000000005,-4.95,3.712500000000001,50000,5795,0.1159
8147,0.4125000000000005,-4.95,4.125000000000001,50000,5674,0.11348
8148,0.4125000000000005,-4.95,4.5375000000000005,50000,5755,0.1151
8149,0.4125000000000005,-4.95,4.95,50000,5740,0.1148
8150,0.4125000000000005,-4.5375000000000005,-4.95,50000,5690,0.1138
8151,0.4125000000000005,-4.5375000000000005,-4.5375000000000005,50000,5703,0.11406
8152,0.4125000000000005,-4.5375000000000005,-4.125,50000,5714,0.11428
8153,0.4125000000000005,-4.5375000000000005,-3.7125,50000,5890,0.1178
8154,0.4125000000000005,-4.5375000000000005,-3.3,50000,5672,0.11344
8155,0.4125000000000005,-4.5375000000000005,-2.8875,50000,5724,0.11448
8156,0.4125000000000005,-4.5375000000000005,-2.475,50000,5782,0.11564
8157,0.4125000000000005,-4.5375000000000005,-2.0625,50000,6001,0.12002
8158,0.4125000000000005,-4.5375000000000005,-1.65,50000,5835,0.1167
8159,0.4125000000000005,-4.5375000000000005,-1.2374999999999998,50000,5987,0.11974
8160,0.4125000000000005,-4.5375000000000005,-0.8250000000000002,50000,5924,0.11848
8161,0.4125000000000005,-4.5375000000000005,-0.4124999999999996,50000,5838,0.11676
8162,0.4125000000000005,-4.5375000000000005,0.0,50000,5981,0.11962
8163,0.4125000000000005,-4.5375000000000005,0.4125000000000005,50000,5903,0.11806
8164,0.4125000000000005,-4.5375000000000005,0.8250000000000002,50000,6003,0.12006
8165,0.4125000000000005,-4.5375000000000005,1.2375000000000007,50000,5975,0.1195
8166,0.4125000000000005,-4.5375000000000005,1.6500000000000004,50000,5695,0.1139
8167,0.4125000000000005,-4.5375000000000005,2.0625,50000,5949,0.11898
8168,0.4125000000000005,-4.5375000000000005,2.4750000000000005,50000,5779,0.11558
8169,0.4125000000000005,-4.5375000000000005,2.8875,50000,5796,0.11592
8170,0.4125000000000005,-4.5375000000000005,3.3,50000,5641,0.11282
8171,0.4125000000000005,-4.5375000000000005,3.712500000000001,50000,5731,0.11462
8172,0.4125000000000005,-4.5375000000000005,4.125000000000001,50000,5798,0.11596
8173,0.4125000000000005,-4.5375000000000005,4.5375000000000005,50000,5708,0.11416
8174,0.4125000000000005,-4.5375000000000005,4.95,50000,5708,0.11416
8175,0.4125000000000005,-4.125,-4.95,50000,5778,0.11556
8176,0.4125000000000005,-4.125,-4.5375000000000005,50000,5732,0.11464
8177,0.4125000000000005,-4.125,-4.125,50000,5743,0.11486
8178,0.4125000000000005,-4.125,-3.7125,50000,5781,0.11562
8179,0.4125000000000005,-4.125,-3.3,50000,5770,0.1154
8180,0.4125000000000005,-4.125,-2.8875,50000,5801,0.11602
8181,0.4125000000000005,-4.125,-2.475,50000,5758,0.11516
8182,0.4125000000000005,-4.125,-2.0625,50000,5893,0.11786
8183,0.4125000000000005,-4.125,-1.65,50000,5829,0.11658
8184,0.4125000000000005,-4.125,-1.2374999999999998,50000,5913,0.11826
8185,0.4125000000000005,-4.125,-0.8250000000000002,50000,5848,0.11696
8186,0.4125000000000005,-4.125,-0.4124999999999996,50000,5995,0.1199
8187,0.4125000000000005,-4.125,0.0,50000,5876,0.11752
8188,0.4125000000000005,-4.125,0.4125000000000005,50000,5918,0.11836
8189,0.4125000000000005,-4.125,0.8250000000000002,50000,5869,0.11738
8190,0.4125000000000005,-4.125,1.2375000000000007,50000,5909,0.11818
8191,0.4125000000000005,-4.125,1.6500000000000004,50000,5928,0.11856
8192,0.4125000000000005,-4.125,2.0625,50000,5825,0.1165
8193,0.4125000000000005,-4.125,2.4750000000000005,50000,5781,0.11562
8194,0.4125000000000005,-4.125,2.8875,50000,5730,0.1146
8195,0.4125000000000005,-4.125,3.3,50000,5886,0.11772
8196,0.4125000000000005,-4.125,3.712500000000001,50000,5685,0.1137
8197,0.4125000000000005,-4.125,4.125000000000001,50000,5703,0.11406
8198,0.4125000000000005,-4.125,4.5375000000000005,50000,5731,0.11462
8199,0.4125000000000005,-4.125,4.95,50000,5622,0.11244
8200,0.4125000000000005,-3.7125,-4.95,50000,5849,0.11698
8201,0.4125000000000005,-3.7125,-4.5375000000000005,50000,5654,0.11308
8202,0.4125000000000005,-3.7125,-4.125,50000,5649,0.11298
8203,0.4125000000000005,-3.7125,-3.7125,50000,5796,0.11592
8204,0.4125000000000005,-3.7125,-3.3,50000,5933,0.11866
8205,0.4125000000000005,-3.7125,-2.8875,50000,5836,0.11672
8206,0.4125000000000005,-3.7125,-2.475,50000,5880,0.1176
8207,0.4125000000000005,-3.7125,-2.0625,50000,5895,0.1179
8208,0.4125000000000005,-3.7125,-1.65,50000,5957,0.11914
8209,0.4125000000000005,-3.7125,-1.2374999999999998,50000,5957,0.11914
8210,0.4125000000000005,-3.7125,-0.8250000000000002,50000,5920,0.1184
8211,0.4125000000000005,-3.7125,-0.4124999999999996,50000,5968,0.11936
8212,0.4125000000000005,-3.7125,0.0,50000,5923,0.11846
8213,0.4125000000000005,-3.7125,0.4125000000000005,50000,5821,0.11642
8214,0.4125000000000005,-3.7125,0.8250000000000002,50000,5906,0.11812
8215,0.4125000000000005,-3.7125,1.2375000000000007,50000,5887,0.11774
8216,0.4125000000000005,-3.7125,1.6500000000000004,50000,5833,0.11666
8217,0.4125000000000005,-3.7125,2.0625,50000,5841,0.11682
8218,0.4125000000000005,-3.7125,2.4750000000000005,50000,5828,0.11656
8219,0.4125000000000005,-3.7125,2.8875,50000,5839,0.11678
8220,0.4125000000000005,-3.7125,3.3,50000,5780,0.1156
8221,0.4125000000000005,-3.7125,3.712500000000001,50000,5831,0.11662
8222,0.4125000000000005,-3.7125,4.125000000000001,50000,5684,0.11368
8223,0.4125000000000005,-3.7125,4.5375000000000005,50000,5604,0.11208
8224,0.4125000000000005,-3.7125,4.95,50000,5887,0.11774
8225,0.4125000000000005,-3.3,-4.95,50000,5770,0.1154
8226,0.4125000000000005,-3.3,-4.5375000000000005,50000,5738,0.11476
8227,0.4125000000000005,-3.3,-4.125,50000,5617,0.11234
8228,0.4125000000000005,-3.3,-3.7125,50000,5851,0.11702
8229,0.4125000000000005,-3.3,-3.3,50000,5846,0.11692
8230,0.4125000000000005,-3.3,-2.8875,50000,5789,0.11578
8231,0.4125000000000005,-3.3,-2.475,50000,5869,0.11738
8232,0.4125000000000005,-3.3,-2.0625,50000,5771,0.11542
8233,0.4125000000000005,-3.3,-1.65,50000,5928,0.11856
8234,0.4125000000000005,-3.3,-1.2374999999999998,50000,5977,0.11954
8235,0.4125000000000005,-3.3,-0.8250000000000002,50000,5879,0.11758
8236,0.4125000000000005,-3.3,-0.4124999999999996,50000,5898,0.11796
8237,0.4125000000000005,-3.3,0.0,50000,5984,0.11968
8238,0.4125000000000005,-3.3,0.4125000000000005,50000,5985,0.1197
8239,0.4125000000000005,-3.3,0.8250000000000002,50000,5743,0.11486
8240,0.4125000000000005,-3.3,1.2375000000000007,50000,6131,0.12262
8241,0.4125000000000005,-3.3,1.6500000000000004,50000,5880,0.1176
8242,0.4125000000000005,-3.3,2.0625,50000,5842,0.11684
8243,0.4125000000000005,-3.3,2.4750000000000005,50000,5912,0.11824
8244,0.4125000000000005,-3.3,2.8875,50000,5841,0.11682
8245,0.4125000000000005,-3.3,3.3,50000,5805,0.1161
8246,0.4125000000000005,-3.3,3.712500000000001,50000,5797,0.11594
8247,0.4125000000000005,-3.3,4.125000000000001,50000,5850,0.117
8248,0.4125000000000005,-3.3,4.5375000000000005,50000,5746,0.11492
8249,0.4125000000000005,-3.3,4.95,50000,5742,0.11484
8250,0.4125000000000005,-2.8875,-4.95,50000,5865,0.1173
8251,0.4125000000000005,-2.8875,-4.5375000000000005,50000,5794,0.11588
8252,0.4125000000000005,-2.8875,-4.125,50000,5675,0.1135
8253,0.4125000000000005,-2.8875,-3.7125,50000,5777,0.11554
8254,0.4125000000000005,-2.8875,-3.3,50000,5791,0.11582
8255,0.4125000000000005,-2.8875,-2.8875,50000,5857,0.11714
8256,0.4125000000000005,-2.8875,-2.475,50000,5839,0.11678
8257,0.4125000000000005,-2.8875,-2.0625,50000,5942,0.11884
8258,0.4125000000000005,-2.8875,-1.65,50000,5974,0.11948
8259,0.4125000000000005,-2.8875,-1.2374999999999998,50000,5961,0.11922
8260,0.4125000000000005,-2.8875,-0.8250000000000002,50000,5885,0.1177
8261,0.4125000000000005,-2.8875,-0.4124999999999996,50000,6036,0.12072
8262,0.4125000000000005,-2.8875,0.0,50000,5906,0.11812
8263,0.4125000000000005,-2.8875,0.4125000000000005,50000,5874,0.11748
8264,0.4125000000000005,-2.8875,0.8250000000000002,50000,5843,0.11686
8265,0.4125000000000005,-2.8875,1.2375000000000007,50000,5864,0.11728
8266,0.4125000000000005,-2.8875,1.6500000000000004,50000,5802,0.11604
8267,0.4125000000000005,-2.8875,2.0625,50000,5792,0.11584
8268,0.4125000000000005,-2.8875,2.4750000000000005,50000,5882,0.11764
8269,0.4125000000000005,-2.8875,2.8875,50000,5947,0.11894
8270,0.4125000000000005,-2.8875,3.3,50000,5829,0.11658
8271,0.4125000000000005,-2.8875,3.712500000000001,50000,5766,0.11532
8272,0.4125000000000005,-2.8875,4.125000000000001,50000,5775,0.1155
8273,0.4125000000000005,-2.8875,4.5375000000000005,50000,5809,0.11618
8274,0.4125000000000005,-2.8875,4.95,50000,5824,0.11648
8275,0.4125000000000005,-2.475,-4.95,50000,5760,0.1152
8276,0.4125000000000005,-2.475,-4.5375000000000005,50000,5735,0.1147
8277,0.4125000000000005,-2.475,-4.125,50000,5756,0.11512
8278,0.4125000000000005,-2.475,-3.7125,50000,5956,0.11912
8279,0.4125000000000005,-2.475,-3.3,50000,5887,0.11774
8280,0.4125000000000005,-2.475,-2.8875,50000,5761,0.11522
8281,0.4125000000000005,-2.475,-2.475,50000,5881,0.11762
8282,0.4125000000000005,-2.475,-2.0625,50000,5783,0.11566
8283,0.4125000000000005,-2.475,-1.65,50000,5834,0.11668
8284,0.4125000000000005,-2.475,-1.2374999999999998,50000,5931,0.11862
8285,0.4125000000000005,-2.475,-0.8250000000000002,50000,5907,0.11814
8286,0.4125000000000005,-2.475,-0.4124999999999996,50000,5982,0.11964
8287,0.4125000000000005,-2.475,0.0,50000,5976,0.11952
8288,0.4125000000000005,-2.475,0.4125000000000005,50000,5912,0.11824
8289,0.4125000000000005,-2.475,0.8250000000000002,50000,5971,0.11942
8290,0.4125000000000005,-2.475,1.2375000000000007,50000,5952,0.11904
8291,0.4125000000000005,-2.475,1.6500000000000004,50000,5932,0.11864
8292,0.4125000000000005,-2.475,2.0625,50000,5953,0.11906
8293,0.4125000000000005,-2.475,2.4750000000000005,50000,5824,0.11648
8294,0.4125000000000005,-2.475,2.8875,50000,5920,0.1184
8295,0.4125000000000005,-2.475,3.3,50000,5759,0.11518
8296,0.4125000000000005,-2.475,3.712500000000001,50000,5799,0.11598
8297,0.4125000000000005,-2.475,4.125000000000001,50000,5812,0.11624
8298,0.4125000000000005,-2.475,4.5375000000000005,50000,5837,0.11674
8299,0.4125000000000005,-2.475,4.95,50000,5920,0.1184
8300,0.4125000000000005,-2.0625,-4.95,50000,5877,0.11754
8301,0.4125000000000005,-2.0625,-4.5375000000000005,50000,5741,0.11482
8302,0.4125000000000005,-2.0625,-4.125,50000,5861,0.11722
8303,0.4125000000000005,-2.0625,-3.7125,50000,5839,0.11678
8304,0.4125000000000005,-2.0625,-3.3,50000,5725,0.1145
8305,0.4125000000000005,-2.0625,-2.8875,50000,5964,0.11928
8306,0.4125000000000005,-2.0625,-2.475,50000,5838,0.11676
8307,0.4125000000000005,-2.0625,-2.0625,50000,5924,0.11848
8308,0.4125000000000005,-2.0625,-1.65,50000,6131,0.12262
8309,0.4125000000000005,-2.0625,-1.2374999999999998,50000,5975,0.1195
8310,0.4125000000000005,-2.0625,-0.8250000000000002,50000,5915,0.1183
8311,0.4125000000000005,-2.0625,-0.4124999999999996,50000,6044,0.12088
8312,0.4125000000000005,-2.0625,0.0,50000,6094,0.12188
8313,0.4125000000000005,-2.0625,0.4125000000000005,50000,6059,0.12118
8314,0.4125000000000005,-2.0625,0.8250000000000002,50000,6198,0.12396
8315,0.4125000000000005,-2.0625,1.2375000000000007,50000,5969,0.11938
8316,0.4125000000000005,-2.0625,1.6500000000000004,50000,5940,0.1188
8317,0.4125000000000005,-2.0625,2.0625,50000,6068,0.12136
8318,0.4125000000000005,-2.0625,2.4750000000000005,50000,6033,0.12066
8319,0.4125000000000005,-2.0625,2.8875,50000,5915,0.1183
8320,0.4125000000000005,-2.0625,3.3,50000,5923,0.11846
8321,0.4125000000000005,-2.0625,3.712500000000001,50000,5876,0.11752
8322,0.4125000000000005,-2.0625,4.125000000000001,50000,5911,0.11822
8323,0.4125000000000005,-2.0625,4.5375000000000005,50000,5752,0.11504
8324,0.4125000000000005,-2.0625,4.95,50000,5749,0.11498
8325,0.4125000000000005,-1.65,-4.95,50000,5812,0.11624
8326,0.4125000000000005,-1.65,-4.5375000000000005,50000,5867,0.11734
8327,0.4125000000000005,-1.65,-4.125,50000,5978,0.11956
8328,0.4125000000000005,-1.65,-3.7125,50000,5955,0.1191
8329,0.4125000000000005,-1.65,-3.3,50000,5919,0.11838
8330,0.4125000000000005,-1.65,-2.8875,50000,5992,0.11984
8331,0.4125000000000005,-1.65,-2.475,50000,6061,0.12122
8332,0.4125000000000005,-1.65,-2.0625,50000,6147,0.12294
8333,0.4125000000000005,-1.65,-1.65,50000,6088,0.12176
8334,0.4125000000000005,-1.65,-1.2374999999999998,50000,6003,0.12006
8335,0.4125000000000005,-1.65,-0.8250000000000002,50000,6103,0.12206
8336,0.4125000000000005,-1.65,-0.4124999999999996,50000,5889,0.11778
8337,0.4125000000000005,-1.65,0.0,50000,6064,0.12128
8338,0.4125000000000005,-1.65,0.4125000000000005,50000,6154,0.12308
8339,0.4125000000000005,-1.65,0.8250000000000002,50000,5924,0.11848
8340,0.4125000000000005,-1.65,1.2375000000000007,50000,6147,0.12294
8341,0.4125000000000005,-1.65,1.6500000000000004,50000,6105,0.1221
8342,0.4125000000000005,-1.65,2.0625,50000,5947,0.11894
8343,0.4125000000000005,-1.65,2.4750000000000005,50000,6078,0.12156
8344,0.4125000000000005,-1.65,2.8875,50000,5869,0.11738
8345,0.4125000000000005,-1.65,3.3,50000,5876,0.11752
8346,0.4125000000000005,-1.65,3.712500000000001,50000,6060,0.1212
8347,0.4125000000000005,-1.65,4.125000000000001,50000,5886,0.11772
8348,0.4125000000000005,-1.65,4.5375000000000005,50000,6089,0.12178
8349,0.4125000000000005,-1.65,4.95,50000,5961,0.11922
8350,0.4125000000000005,-1.2374999999999998,-4.95,50000,6012,0.12024
8351,0.4125000000000005,-1.2374999999999998,-4.5375000000000005,50000,5912,0.11824
8352,0.4125000000000005,-1.2374999999999998,-4.125,50000,5865,0.1173
8353,0.4125000000000005,-1.2374999999999998,-3.7125,50000,5921,0.11842
8354,0.4125000000000005,-1.2374999999999998,-3.3,50000,5898,0.11796
8355,0.4125000000000005,-1.2374999999999998,-2.8875,50000,6102,0.12204
8356,0.4125000000000005,-1.2374999999999998,-2.475,50000,6044,0.12088
8357,0.4125000000000005,-1.2374999999999998,-2.0625,50000,6090,0.1218
8358,0.4125000000000005,-1.2374999999999998,-1.65,50000,6123,0.12246
8359,0.4125000000000005,-1.2374999999999998,-1.2374999999999998,50000,6127,0.12254
8360,0.4125000000000005,-1.2374999999999998,-0.8250000000000002,50000,6131,0.12262
8361,0.4125000000000005,-1.2374999999999998,-0.4124999999999996,50000,6255,0.1251
8362,0.4125000000000005,-1.2374999999999998,0.0,50000,6187,0.12374
8363,0.4125000000000005,-1.2374999999999998,0.4125000000000005,50000,6140,0.1228
8364,0.4125000000000005,-1.2374999999999998,0.8250000000000002,50000,6116,0.12232
8365,0.4125000000000005,-1.2374999999999998,1.2375000000000007,50000,6174,0.12348
8366,0.4125000000000005,-1.2374999999999998,1.6500000000000004,50000,6169,0.12338
8367,0.4125000000000005,-1.2374999999999998,2.0625,50000,6053,0.12106
8368,0.4125000000000005,-1.2374999999999998,2.4750000000000005,50000,5981,0.11962
8369,0.4125000000000005,-1.2374999999999998,2.8875,50000,6081,0.12162
8370,0.4125000000000005,-1.2374999999999998,3.3,50000,5921,0.11842
8371,0.4125000000000005,-1.2374999999999998,3.712500000000001,50000,6062,0.12124
8372,0.4125000000000005,-1.2374999999999998,4.125000000000001,50000,5884,0.11768
8373,0.4125000000000005,-1.2374999999999998,4.5375000000000005,50000,6006,0.12012
8374,0.4125000000000005,-1.2374999999999998,4.95,50000,5980,0.1196
8375,0.4125000000000005,-0.8250000000000002,-4.95,50000,6129,0.12258
8376,0.4125000000000005,-0.8250000000000002,-4.5375000000000005,50000,5860,0.1172
8377,0.4125000000000005,-0.8250000000000002,-4.125,50000,6092,0.12184
8378,0.4125000000000005,-0.8250000000000002,-3.7125,50000,5977,0.11954
8379,0.4125000000000005,-0.8250000000000002,-3.3,50000,5948,0.11896
8380,0.4125000000000005,-0.8250000000000002,-2.8875,50000,5901,0.11802
8381,0.4125000000000005,-0.8250000000000002,-2.475,50000,6160,0.1232
8382,0.4125000000000005,-0.8250000000000002,-2.0625,50000,6152,0.12304
8383,0.4125000000000005,-0.8250000000000002,-1.65,50000,6120,0.1224
8384,0.4125000000000005,-0.8250000000000002,-1.2374999999999998,50000,6154,0.12308
8385,0.4125000000000005,-0.8250000000000002,-0.8250000000000002,50000,6300,0.126
8386,0.4125000000000005,-0.8250000000000002,-0.4124999999999996,50000,6398,0.12796
8387,0.4125000000000005,-0.8250000000000002,0.0,50000,6251,0.12502
8388,0.4125000000000005,-0.8250000000000002,0.4125000000000005,50000,6227,0.12454
8389,0.4125000000000005,-0.8250000000000002,0.8250000000000002,50000,6222,0.12444
8390,0.4125000000000005,-0.8250000000000002,1.2375000000000007,50000,6398,0.12796
8391,0.4125000000000005,-0.8250000000000002,1.6500000000000004,50000,6364,0.12728
8392,0.4125000000000005,-0.8250000000000002,2.0625,50000,6147,0.12294
8393,0.4125000000000005,-0.8250000000000002,2.4750000000000005,50000,6262,0.12524
8394,0.4125000000000005,-0.8250000000000002,2.8875,50000,6102,0.12204
8395,0.4125000000000005,-0.8250000000000002,3.3,50000,6066,0.12132
8396,0.4125000000000005,-0.8250000000000002,3.712500000000001,50000,6069,0.12138
8397,0.4125000000000005,-0.8250000000000002,4.125000000000001,50000,5999,0.11998
8398,0.4125000000000005,-0.8250000000000002,4.5375000000000005,50000,6022,0.12044
8399,0.4125000000000005,-0.8250000000000002,4.95,50000,5962,0.11924
8400,0.4125000000000005,-0.4124999999999996,-4.95,50000,6142,0.12284
8401,0.4125000000000005,-0.4124999999999996,-4.5375000000000005,50000,5986,0.11972
8402,0.4125000000000005,-0.4124999999999996,-4.125,50000,6205,0.1241
8403,0.4125000000000005,-0.4124999999999996,-3.7125,50000,6067,0.12134
8404,0.4125000000000005,-0.4124999999999996,-3.3,50000,6069,0.12138
8405,0.4125000000000005,-0.4124999999999996,-2.8875,50000,6284,0.12568
8406,0.4125000000000005,-0.4124999999999996,-2.475,50000,6129,0.12258
8407,0.4125000000000005,-0.4124999999999996,-2.0625,50000,6326,0.12652
8408,0.4125000000000005,-0.4124999999999996,-1.65,50000,6334,0.12668
8409,0.4125000000000005,-0.4124999999999996,-1.2374999999999998,50000,6195,0.1239
8410,0.4125000000000005,-0.4124999999999996,-0.8250000000000002,50000,6374,0.12748
8411,0.4125000000000005,-0.4124999999999996,-0.4124999999999996,50000,6344,0.12688
8412,0.4125000000000005,-0.4124999999999996,0.0,50000,6332,0.12664
8413,0.4125000000000005,-0.4124999999999996,0.4125000000000005,50000,6400,0.128
8414,0.4125000000000005,-0.4124999999999996,0.8250000000000002,50000,6395,0.1279
8415,0.4125000000000005,-0.4124999999999996,1.2375000000000007,50000,6259,0.12518
8416,0.4125000000000005,-0.4124999999999996,1.6500000000000004,50000,6370,0.1274
8417,0.4125000000000005,-0.4124999999999996,2.0625,50000,6276,0.12552
8418,0.4125000000000005,-0.4124999999999996,2.4750000000000005,50000,6120,0.1224
8419,0.4125000000000005,-0.4124999999999996,2.8875,50000,6015,0.1203
8420,0.4125000000000005,-0.4124999999999996,3.3,50000,6123,0.12246
8421,0.4125000000000005,-0.4124999999999996,3.712500000000001,50000,5965,0.1193
8422,0.4125000000000005,-0.4124999999999996,4.125000000000001,50000,6041,0.12082
8423,0.4125000000000005,-0.4124999999999996,4.5375000000000005,50000,6031,0.12062
8424,0.4125000000000005,-0.4124999999999996,4.95,50000,6083,0.12166
8425,0.4125000000000005,0.0,-4.95,50000,6071,0.12142
8426,0.4125000000000005,0.0,-4.5375000000000005,50000,6129,0.12258
8427,0.4125000000000005,0.0,-4.125,50000,6109,0.12218
8428,0.4125000000000005,0.0,-3.7125,50000,6115,0.1223
8429,0.4125000000000005,0.0,-3.3,50000,6242,0.12484
8430,0.4125000000000005,0.0,-2.8875,50000,6089,0.12178
8431,0.4125000000000005,0.0,-2.475,50000,6363,0.12726
8432,0.4125000000000005,0.0,-2.0625,50000,6471,0.12942
8433,0.4125000000000005,0.0,-1.65,50000,6419,0.12838
8434,0.4125000000000005,0.0,-1.2374999999999998,50000,6383,0.12766
8435,0.4125000000000005,0.0,-0.8250000000000002,50000,6619,0.13238
8436,0.4125000000000005,0.0,-0.4124999999999996,50000,6493,0.12986
8437,0.4125000000000005,0.0,0.0,50000,6432,0.12864
8438,0.4125000000000005,0.0,0.4125000000000005,50000,6531,0.13062
8439,0.4125000000000005,0.0,0.8250000000000002,50000,6439,0.12878
8440,0.4125000000000005,0.0,1.2375000000000007,50000,6417,0.12834
8441,0.4125000000000005,0.0,1.6500000000000004,50000,6528,0.13056
8442,0.4125000000000005,0.0,2.0625,50000,6329,0.12658
8443,0.4125000000000005,0.0,2.4750000000000005,50000,6368,0.12736
8444,0.4125000000000005,0.0,2.8875,50000,6262,0.12524
8445,0.4125000000000005,0.0,3.3,50000,6185,0.1237
8446,0.4125000000000005,0.0,3.712500000000001,50000,6249,0.12498
8447,0.4125000000000005,0.0,4.125000000000001,50000,6028,0.12056
8448,0.4125000000000005,0.0,4.5375000000000005,50000,6107,0.12214
8449,0.4125000000000005,0.0,4.95,50000,6125,0.1225
8450,0.4125000000000005,0.4125000000000005,-4.95,50000,6304,0.12608
8451,0.4125000000000005,0.4125000000000005,-4.5375000000000005,50000,6366,0.12732
8452,0.4125000000000005,0.4125000000000005,-4.125,50000,6185,0.1237
8453,0.4125000000000005,0.4125000000000005,-3.7125,50000,6079,0.12158
8454,0.4125000000000005,0.4125000000000005,-3.3,50000,6260,0.1252
8455,0.4125000000000005,0.4125000000000005,-2.8875,50000,6465,0.1293
8456,0.4125000000000005,0.4125000000000005,-2.475,50000,6313,0.12626
8457,0.4125000000000005,0.4125000000000005,-2.0625,50000,6422,0.12844
8458,0.4125000000000005,0.4125000000000005,-1.65,50000,6545,0.1309
8459,0.4125000000000005,0.4125000000000005,-1.2374999999999998,50000,6470,0.1294
8460,0.4125000000000005,0.4125000000000005,-0.8250000000000002,50000,6720,0.1344
8461,0.4125000000000005,0.4125000000000005,-0.4124999999999996,50000,6629,0.13258
8462,0.4125000000000005,0.4125000000000005,0.0,50000,6703,0.13406
8463,0.4125000000000005,0.4125000000000005,0.4125000000000005,50000,6511,0.13022
8464,0.4125000000000005,0.4125000000000005,0.8250000000000002,50000,6657,0.13314
8465,0.4125000000000005,0.4125000000000005,1.2375000000000007,50000,6544,0.13088
8466,0.4125000000000005,0.4125000000000005,1.6500000000000004,50000,6549,0.13098
8467,0.4125000000000005,0.4125000000000005,2.0625,50000,6390,0.1278
8468,0.4125000000000005,0.4125000000000005,2.4750000000000005,50000,6518,0.13036
8469,0.4125000000000005,0.4125000000000005,2.8875,50000,6362,0.12724
8470,0.4125000000000005,0.4125000000000005,3.3,50000,6153,0.12306
8471,0.4125000000000005,0.4125000000000005,3.712500000000001,50000,6359,0.12718
8472,0.4125000000000005,0.4125000000000005,4.125000000000001,50000,6289,0.12578
8473,0.4125000000000005,0.4125000000000005,4.5375000000000005,50000,6253,0.12506
8474,0.4125000000000005,0.4125000000000005,4.95,50000,6315,0.1263
8475,0.4125000000000005,0.8250000000000002,-4.95,50000,6223,0.12446
8476,0.4125000000000005,0.8250000000000002,-4.5375000000000005,50000,6201,0.12402
8477,0.4125000000000005,0.8250000000000002,-4.125,50000,6332,0.12664
8478,0.4125000000000005,0.8250000000000002,-3.7125,50000,6379,0.12758
8479,0.4125000000000005,0.8250000000000002,-3.3,50000,6380,0.1276
8480,0.4125000000000005,0.8250000000000002,-2.8875,50000,6395,0.1279
8481,0.4125000000000005,0.8250000000000002,-2.475,50000,6463,0.12926
8482,0.4125000000000005,0.8250000000000002,-2.0625,50000,6691,0.13382
8483,0.4125000000000005,0.8250000000000002,-1.65,50000,6722,0.13444
8484,0.4125000000000005,0.8250000000000002,-1.2374999999999998,50000,6805,0.1361
8485,0.4125000000000005,0.8250000000000002,-0.8250000000000002,50000,6803,0.13606
8486,0.4125000000000005,0.8250000000000002,-0.4124999999999996,50000,6909,0.13818
8487,0.4125000000000005,0.8250000000000002,0.0,50000,6784,0.13568
8488,0.4125000000000005,0.8250000000000002,0.4125000000000005,50000,6855,0.1371
8489,0.4125000000000005,0.8250000000000002,0.8250000000000002,50000,6717,0.13434
8490,0.4125000000000005,0.8250000000000002,1.2375000000000007,50000,6828,0.13656
8491,0.4125000000000005,0.8250000000000002,1.6500000000000004,50000,6783,0.13566
8492,0.4125000000000005,0.8250000000000002,2.0625,50000,6602,0.13204
8493,0.4125000000000005,0.8250000000000002,2.4750000000000005,50000,6484,0.12968
8494,0.4125000000000005,0.8250000000000002,2.8875,50000,6383,0.12766
8495,0.4125000000000005,0.8250000000000002,3.3,50000,6316,0.12632
8496,0.4125000000000005,0.8250000000000002,3.712500000000001,50000,6328,0.12656
8497,0.4125000000000005,0.8250000000000002,4.125000000000001,50000,6265,0.1253
8498,0.4125000000000005,0.8250000000000002,4.5375000000000005,50000,6199,0.12398
8499,0.4125000000000005,0.8250000000000002,4.95,50000,6147,0.12294
8500,0.4125000000000005,1.2375000000000007,-4.95,50000,6280,0.1256
8501,0.4125000000000005,1.2375000000000007,-4.5375000000000005,50000,6173,0.12346
8502,0.4125000000000005,1.2375000000000007,-4.125,50000,6192,0.12384
8503,0.4125000000000005,1.2375000000000007,-3.7125,50000,6336,0.12672
8504,0.4125000000000005,1.2375000000000007,-3.3,50000,6556,0.13112
8505,0.4125000000000005,1.2375000000000007,-2.8875,50000,6606,0.13212
8506,0.4125000000000005,1.2375000000000007,-2.475,50000,6759,0.13518
8507,0.4125000000000005,1.2375000000000007,-2.0625,50000,6812,0.13624
8508,0.4125000000000005,1.2375000000000007,-1.65,50000,7038,0.14076
8509,0.4125000000000005,1.2375000000000007,-1.2374999999999998,50000,6934,0.13868
8510,0.4125000000000005,1.2375000000000007,-0.8250000000000002,50000,6946,0.13892
8511,0.4125000000000005,1.2375000000000007,-0.4124999999999996,50000,7211,0.14422
8512,0.4125000000000005,1.2375000000000007,0.0,50000,7073,0.14146
8513,0.4125000000000005,1.2375000000000007,0.4125000000000005,50000,7253,0.14506
8514,0.4125000000000005,1.2375000000000007,0.8250000000000002,50000,7270,0.1454
8515,0.4125000000000005,1.2375000000000007,1.2375000000000007,50000,7050,0.141
8516,0.4125000000000005,1.2375000000000007,1.6500000000000004,50000,6911,0.13822
8517,0.4125000000000005,1.2375000000000007,2.0625,50000,6799,0.13598
8518,0.4125000000000005,1.2375000000000007,2.4750000000000005,50000,6573,0.13146
8519,0.4125000000000005,1.2375000000000007,2.8875,50000,6652,0.13304
8520,0.4125000000000005,1.2375000000000007,3.3,50000,6621,0.13242
8521,0.4125000000000005,1.2375000000000007,3.712500000000001,50000,6514,0.13028
8522,0.4125000000000005,1.2375000000000007,4.125000000000001,50000,6353,0.12706
8523,0.4125000000000005,1.2375000000000007,4.5375000000000005,50000,6371,0.12742
8524,0.4125000000000005,1.2375000000000007,4.95,50000,6262,0.12524
8525,0.4125000000000005,1.6500000000000004,-4.95,50000,6491,0.12982
8526,0.4125000000000005,1.6500000000000004,-4.5375000000000005,50000,6309,0.12618
8527,0.4125000000000005,1.6500000000000004,-4.125,50000,6382,0.12764
8528,0.4125000000000005,1.6500000000000004,-3.7125,50000,6499,0.12998
8529,0.4125000000000005,1.6500000000000004,-3.3,50000,6618,0.13236
8530,0.4125000000000005,1.6500000000000004,-2.8875,50000,6737,0.13474
8531,0.4125000000000005,1.6500000000000004,-2.475,50000,6998,0.13996
8532,0.4125000000000005,1.6500000000000004,-2.0625,50000,7102,0.14204
8533,0.4125000000000005,1.6500000000000004,-1.65,50000,7011,0.14022
8534,0.4125000000000005,1.6500000000000004,-1.2374999999999998,50000,7247,0.14494
8535,0.4125000000000005,1.6500000000000004,-0.8250000000000002,50000,7464,0.14928
8536,0.4125000000000005,1.6500000000000004,-0.4124999999999996,50000,7485,0.1497
8537,0.4125000000000005,1.6500000000000004,0.0,50000,7554,0.15108
8538,0.4125000000000005,1.6500000000000004,0.4125000000000005,50000,7361,0.14722
8539,0.4125000000000005,1.6500000000000004,0.8250000000000002,50000,7532,0.15064
8540,0.4125000000000005,1.6500000000000004,1.2375000000000007,50000,7369,0.14738
8541,0.4125000000000005,1.6500000000000004,1.6500000000000004,50000,7162,0.14324
8542,0.4125000000000005,1.6500000000000004,2.0625,50000,6982,0.13964
8543,0.4125000000000005,1.6500000000000004,2.4750000000000005,50000,6980,0.1396
8544,0.4125000000000005,1.6500000000000004,2.8875,50000,6764,0.13528
8545,0.4125000000000005,1.6500000000000004,3.3,50000,6570,0.1314
8546,0.4125000000000005,1.6500000000000004,3.712500000000001,50000,6398,0.12796
8547,0.4125000000000005,1.6500000000000004,4.125000000000001,50000,6302,0.12604
8548,0.4125000000000005,1.6500000000000004,4.5375000000000005,50000,6483,0.12966
8549,0.4125000000000005,1.6500000000000004,4.95,50000,6190,0.1238
8550,0.4125000000000005,2.0625,-4.95,50000,6293,0.12586
8551,0.4125000000000005,2.0625,-4.5375000000000005,50000,6295,0.1259
8552,0.4125000000000005,2.0625,-4.125,50000,6393,0.12786
8553,0.4125000000000005,2.0625,-3.7125,50000,6494,0.12988
8554,0.4125000000000005,2.0625,-3.3,50000,6519,0.13038
8555,0.4125000000000005,2.0625,-2.8875,50000,6923,0.13846
8556,0.4125000000000005,2.0625,-2.475,50000,7043,0.14086
8557,0.4125000000000005,2.0625,-2.0625,50000,7388,0.14776
8558,0.4125000000000005,2.0625,-1.65,50000,7314,0.14628
8559,0.4125000000000005,2.0625,-1.2374999999999998,50000,7713,0.15426
8560,0.4125000000000005,2.0625,-0.8250000000000002,50000,7759,0.15518
8561,0.4125000000000005,2.0625,-0.4124999999999996,50000,7835,0.1567
8562,0.4125000000000005,2.0625,0.0,50000,7968,0.15936
8563,0.4125000000000005,2.0625,0.4125000000000005,50000,7800,0.156
8564,0.4125000000000005,2.0625,0.8250000000000002,50000,7767,0.15534
8565,0.4125000000000005,2.0625,1.2375000000000007,50000,7511,0.15022
8566,0.4125000000000005,2.0625,1.6500000000000004,50000,7567,0.15134
8567,0.4125000000000005,2.0625,2.0625,50000,7338,0.14676
8568,0.4125000000000005,2.0625,2.4750000000000005,50000,7071,0.14142
8569,0.4125000000000005,2.0625,2.8875,50000,6804,0.13608
8570,0.4125000000000005,2.0625,3.3,50000,6642,0.13284
8571,0.4125000000000005,2.0625,3.712500000000001,50000,6492,0.12984
8572,0.4125000000000005,2.0625,4.125000000000001,50000,6421,0.12842
8573,0.4125000000000005,2.0625,4.5375000000000005,50000,6261,0.12522
8574,0.4125000000000005,2.0625,4.95,50000,6428,0.12856
8575,0.4125000000000005,2.4750000000000005,-4.95,50000,6402,0.12804
8576,0.4125000000000005,2.4750000000000005,-4.5375000000000005,50000,6302,0.12604
8577,0.4125000000000005,2.4750000000000005,-4.125,50000,6265,0.1253
8578,0.4125000000000005,2.4750000000000005,-3.7125,50000,6613,0.13226
8579,0.4125000000000005,2.4750000000000005,-3.3,50000,6717,0.13434
8580,0.4125000000000005,2.4750000000000005,-2.8875,50000,7085,0.1417
8581,0.4125000000000005,2.4750000000000005,-2.475,50000,7550,0.151
8582,0.4125000000000005,2.4750000000000005,-2.0625,50000,7760,0.1552
8583,0.4125000000000005,2.4750000000000005,-1.65,50000,7874,0.15748
8584,0.4125000000000005,2.4750000000000005,-1.2374999999999998,50000,8186,0.16372
8585,0.4125000000000005,2.4750000000000005,-0.8250000000000002,50000,8352,0.16704
8586,0.4125000000000005,2.4750000000000005,-0.4124999999999996,50000,8352,0.16704
8587,0.4125000000000005,2.4750000000000005,0.0,50000,8267,0.16534
8588,0.4125000000000005,2.4750000000000005,0.4125000000000005,50000,8381,0.16762
8589,0.4125000000000005,2.4750000000000005,0.8250000000000002,50000,8066,0.16132
8590,0.4125000000000005,2.4750000000000005,1.2375000000000007,50000,8082,0.16164
8591,0.4125000000000005,2.4750000000000005,1.6500000000000004,50000,8000,0.16
8592,0.4125000000000005,2.4750000000000005,2.0625,50000,7678,0.15356
8593,0.4125000000000005,2.4750000000000005,2.4750000000000005,50000,7331,0.14662
8594,0.4125000000000005,2.4750000000000005,2.8875,50000,7017,0.14034
8595,0.4125000000000005,2.4750000000000005,3.3,50000,6798,0.13596
8596,0.4125000000000005,2.4750000000000005,3.712500000000001,50000,6417,0.12834
8597,0.4125000000000005,2.4750000000000005,4.125000000000001,50000,6459,0.12918
8598,0.4125000000000005,2.4750000000000005,4.5375000000000005,50000,6082,0.12164
8599,0.4125000000000005,2.4750000000000005,4.95,50000,6260,0.1252
8600,0.4125000000000005,2.8875,-4.95,50000,6164,0.12328
8601,0.4125000000000005,2.8875,-4.5375000000000005,50000,6136,0.12272
8602,0.4125000000000005,2.8875,-4.125,50000,6122,0.12244
8603,0.4125000000000005,2.8875,-3.7125,50000,6390,0.1278
8604,0.4125000000000005,2.8875,-3.3,50000,6909,0.13818
8605,0.4125000000000005,2.8875,-2.8875,50000,7235,0.1447
8606,0.4125000000000005,2.8875,-2.475,50000,7697,0.15394
8607,0.4125000000000005,2.8875,-2.0625,50000,8071,0.16142
8608,0.4125000000000005,2.8875,-1.65,50000,8501,0.17002
8609,0.4125000000000005,2.8875,-1.2374999999999998,50000,8892,0.17784
8610,0.4125000000000005,2.8875,-0.8250000000000002,50000,8782,0.17564
8611,0.4125000000000005,2.8875,-0.4124999999999996,50000,8997,0.17994
8612,0.4125000000000005,2.8875,0.0,50000,8848,0.17696
8613,0.4125000000000005,2.8875,0.4125000000000005,50000,8923,0.17846
8614,0.4125000000000005,2.8875,0.8250000000000002,50000,8801,0.17602
8615,0.4125000000000005,2.8875,1.2375000000000007,50000,8663,0.17326
8616,0.4125000000000005,2.8875,1.6500000000000004,50000,8470,0.1694
8617,0.4125000000000005,2.8875,2.0625,50000,8120,0.1624
8618,0.4125000000000005,2.8875,2.4750000000000005,50000,7793,0.15586
8619,0.4125000000000005,2.8875,2.8875,50000,7269,0.14538
8620,0.4125000000000005,2.8875,3.3,50000,6940,0.1388
8621,0.4125000000000005,2.8875,3.712500000000001,50000,6393,0.12786
8622,0.4125000000000005,2.8875,4.125000000000001,50000,6081,0.12162
8623,0.4125000000000005,2.8875,4.5375000000000005,50000,6121,0.12242
8624,0.4125000000000005,2.8875,4.95,50000,6122,0.12244
8625,0.4125000000000005,3.3,-4.95,50000,5953,0.11906
8626,0.4125000000000005,3.3,-4.5375000000000005,50000,5741,0.11482
8627,0.4125000000000005,3.3,-4.125,50000,5865,0.1173
8628,0.4125000000000005,3.3,-3.7125,50000,6379,0.12758
8629,0.4125000000000005,3.3,-3.3,50000,6881,0.13762
8630,0.4125000000000005,3.3,-2.8875,50000,7575,0.1515
8631,0.4125000000000005,3.3,-2.475,50000,8170,0.1634
8632,0.4125000000000005,3.3,-2.0625,50000,8616,0.17232
8633,0.4125000000000005,3.3,-1.65,50000,9026,0.18052
8634,0.4125000000000005,3.3,-1.2374999999999998,50000,9337,0.18674
8635,0.4125000000000005,3.3,-0.8250000000000002,50000,9403,0.18806
8636,0.4125000000000005,3.3,-0.4124999999999996,50000,9612,0.19224
8637,0.4125000000000005,3.3,0.0,50000,9641,0.19282
8638,0.4125000000000005,3.3,0.4125000000000005,50000,9671,0.19342
8639,0.4125000000000005,3.3,0.8250000000000002,50000,9662,0.19324
8640,0.4125000000000005,3.3,1.2375000000000007,50000,9310,0.1862
8641,0.4125000000000005,3.3,1.6500000000000004,50000,9097,0.18194
8642,0.4125000000000005,3.3,2.0625,50000,8669,0.17338
8643,0.4125000000000005,3.3,2.4750000000000005,50000,8109,0.16218
8644,0.4125000000000005,3.3,2.8875,50000,7641,0.15282
8645,0.4125000000000005,3.3,3.3,50000,6799,0.13598
8646,0.4125000000000005,3.3,3.712500000000001,50000,6423,0.12846
8647,0.4125000000000005,3.3,4.125000000000001,50000,6220,0.1244
8648,0.4125000000000005,3.3,4.5375000000000005,50000,5749,0.11498
8649,0.4125000000000005,3.3,4.95,50000,5825,0.1165
8650,0.4125000000000005,3.712500000000001,-4.95,50000,5377,0.10754
8651,0.4125000000000005,3.712500000000001,-4.5375000000000005,50000,5459,0.10918
8652,0.4125000000000005,3.712500000000001,-4.125,50000,5532,0.11064
8653,0.4125000000000005,3.712500000000001,-3.7125,50000,6036,0.12072
8654,0.4125000000000005,3.712500000000001,-3.3,50000,6901,0.13802
8655,0.4125000000000005,3.712500000000001,-2.8875,50000,7805,0.1561
8656,0.4125000000000005,3.712500000000001,-2.475,50000,8641,0.17282
8657,0.4125000000000005,3.712500000000001,-2.0625,50000,9424,0.18848
8658,0.4125000000000005,3.712500000000001,-1.65,50000,9974,0.19948
8659,0.4125000000000005,3.712500000000001,-1.2374999999999998,50000,10276,0.20552
8660,0.4125000000000005,3.712500000000001,-0.8250000000000002,50000,10466,0.20932
8661,0.4125000000000005,3.712500000000001,-0.4124999999999996,50000,10452,0.20904
8662,0.4125000000000005,3.712500000000001,0.0,50000,10695,0.2139
8663,0.4125000000000005,3.712500000000001,0.4125000000000005,50000,10511,0.21022
8664,0.4125000000000005,3.712500000000001,0.8250000000000002,50000,10392,0.20784
8665,0.4125000000000005,3.712500000000001,1.2375000000000007,50000,10193,0.20386
8666,0.4125000000000005,3.712500000000001,1.6500000000000004,50000,9957,0.19914
8667,0.4125000000000005,3.712500000000001,2.0625,50000,9478,0.18956
8668,0.4125000000000005,3.712500000000001,2.4750000000000005,50000,8613,0.17226
8669,0.4125000000000005,3.712500000000001,2.8875,50000,7883,0.15766
8670,0.4125000000000005,3.712500000000001,3.3,50000,6909,0.13818
8671,0.4125000000000005,3.712500000000001,3.712500000000001,50000,6138,0.12276
8672,0.4125000000000005,3.712500000000001,4.125000000000001,50000,5637,0.11274
8673,0.4125000000000005,3.712500000000001,4.5375000000000005,50000,5382,0.10764
8674,0.4125000000000005,3.712500000000001,4.95,50000,5402,0.10804
8675,0.4125000000000005,4.125000000000001,-4.95,50000,4779,0.09558
8676,0.4125000000000005,4.125000000000001,-4.5375000000000005,50000,4688,0.09376
8677,0.4125000000000005,4.125000000000001,-4.125,50000,5087,0.10174
8678,0.4125000000000005,4.125000000000001,-3.7125,50000,5538,0.11076
8679,0.4125000000000005,4.125000000000001,-3.3,50000,6610,0.1322
8680,0.4125000000000005,4.125000000000001,-2.8875,50000,8275,0.1655
8681,0.4125000000000005,4.125000000000001,-2.475,50000,9548,0.19096
8682,0.4125000000000005,4.125000000000001,-2.0625,50000,10613,0.21226
8683,0.4125000000000005,4.125000000000001,-1.65,50000,11046,0.22092
8684,0.4125000000000005,4.125000000000001,-1.2374999999999998,50000,11290,0.2258
8685,0.4125000000000005,4.125000000000001,-0.8250000000000002,50000,11716,0.23432
8686,0.4125000000000005,4.125000000000001,-0.4124999999999996,50000,11536,0.23072
8687,0.4125000000000005,4.125000000000001,0.0,50000,11796,0.23592
8688,0.4125000000000005,4.125000000000001,0.4125000000000005,50000,11481,0.22962
8689,0.4125000000000005,4.125000000000001,0.8250000000000002,50000,11505,0.2301
8690,0.4125000000000005,4.125000000000001,1.2375000000000007,50000,11303,0.22606
8691,0.4125000000000005,4.125000000000001,1.6500000000000004,50000,10934,0.21868
8692,0.4125000000000005,4.125000000000001,2.0625,50000,10589,0.21178
8693,0.4125000000000005,4.125000000000001,2.4750000000000005,50000,9534,0.19068
8694,0.4125000000000005,4.125000000000001,2.8875,50000,8096,0.16192
8695,0.4125000000000005,4.125000000000001,3.3,50000,6734,0.13468
8696,0.4125000000000005,4.125000000000001,3.712500000000001,50000,5542,0.11084
8697,0.4125000000000005,4.125000000000001,4.125000000000001,50000,5093,0.10186
8698,0.4125000000000005,4.125000000000001,4.5375000000000005,50000,4773,0.09546
8699,0.4125000000000005,4.125000000000001,4.95,50000,4757,0.09514
8700,0.4125000000000005,4.5375000000000005,-4.95,50000,3884,0.07768
8701,0.4125000000000005,4.5375000000000005,-4.5375000000000005,50000,3832,0.07664
8702,0.4125000000000005,4.5375000000000005,-4.125,50000,3974,0.07948
8703,0.4125000000000005,4.5375000000000005,-3.7125,50000,4565,0.0913
8704,0.4125000000000005,4.5375000000000005,-3.3,50000,6062,0.12124
8705,0.4125000000000005,4.5375000000000005,-2.8875,50000,9021,0.18042
8706,0.4125000000000005,4.5375000000000005,-2.475,50000,11042,0.22084
8707,0.4125000000000005,4.5375000000000005,-2.0625,50000,12085,0.2417
8708,0.4125000000000005,4.5375000000000005,-1.65,50000,12354,0.24708
8709,0.4125000000000005,4.5375000000000005,-1.2374999999999998,50000,12653,0.25306
8710,0.4125000000000005,4.5375000000000005,-0.8250000000000002,50000,12872,0.25744
8711,0.4125000000000005,4.5375000000000005,-0.4124999999999996,50000,12742,0.25484
8712,0.4125000000000005,4.5375000000000005,0.0,50000,12709,0.25418
8713,0.4125000000000005,4.5375000000000005,0.4125000000000005,50000,12791,0.25582
8714,0.4125000000000005,4.5375000000000005,0.8250000000000002,50000,12646,0.25292
8715,0.4125000000000005,4.5375000000000005,1.2375000000000007,50000,12535,0.2507
8716,0.4125000000000005,4.5375000000000005,1.6500000000000004,50000,12507,0.25014
8717,0.4125000000000005,4.5375000000000005,2.0625,50000,12007,0.24014
8718,0.4125000000000005,4.5375000000000005,2.4750000000000005,50000,11151,0.22302
8719,0.4125000000000005,4.5375000000000005,2.8875,50000,8995,0.1799
8720,0.4125000000000005,4.5375000000000005,3.3,50000,6071,0.12142
8721,0.4125000000000005,4.5375000000000005,3.712500000000001,50000,4668,0.09336
8722,0.4125000000000005,4.5375000000000005,4.125000000000001,50000,4034,0.08068
8723,0.4125000000000005,4.5375000000000005,4.5375000000000005,50000,3838,0.07676
8724,0.4125000000000005,4.5375000000000005,4.95,50000,3859,0.07718
8725,0.4125000000000005,4.95,-4.95,50000,2609,0.05218
8726,0.4125000000000005,4.95,-4.5375000000000005,50000,2618,0.05236
8727,0.4125000000000005,4.95,-4.125,50000,2671,0.05342
8728,0.4125000000000005,4.95,-3.7125,50000,2931,0.05862
8729,0.4125000000000005,4.95,-3.3,50000,3301,0.06602
8730,0.4125000000000005,4.95,-2.8875,50000,12685,0.2537
8731,0.4125000000000005,4.95,-2.475,50000,13807,0.27614
8732,0.4125000000000005,4.95,-2.0625,50000,13915,0.2783
8733,0.4125000000000005,4.95,-1.65,50000,14027,0.28054
8734,0.4125000000000005,4.95,-1.2374999999999998,50000,14087,0.28174
8735,0.4125000000000005,4.95,-0.8250000000000002,50000,13933,0.27866
8736,0.4125000000000005,4.95,-0.4124999999999996,50000,14013,0.28026
8737,0.4125000000000005,4.95,0.0,50000,14090,0.2818
8738,0.4125000000000005,4.95,0.4125000000000005,50000,14036,0.28072
8739,0.4125000000000005,4.95,0.8250000000000002,50000,14037,0.28074
8740,0.4125000000000005,4.95,1.2375000000000007,50000,14209,0.28418
8741,0.4125000000000005,4.95,1.6500000000000004,50000,14018,0.28036
8742,0.4125000000000005,4.95,2.0625,50000,14011,0.28022
8743,0.4125000000000005,4.95,2.4750000000000005,50000,13775,0.2755
8744,0.4125000000000005,4.95,2.8875,50000,12556,0.25112
8745,0.4125000000000005,4.95,3.3,50000,3403,0.06806
8746,0.4125000000000005,4.95,3.712500000000001,50000,3003,0.06006
8747,0.4125000000000005,4.95,4.125000000000001,50000,2845,0.0569
8748,0.4125000000000005,4.95,4.5375000000000005,50000,2645,0.0529
8749,0.4125000000000005,4.95,4.95,50000,2639,0.05278
8750,0.8250000000000002,-4.95,-4.95,50000,5557,0.11114
8751,0.8250000000000002,-4.95,-4.5375000000000005,50000,5678,0.11356
8752,0.8250000000000002,-4.95,-4.125,50000,5760,0.1152
8753,0.8250000000000002,-4.95,-3.7125,50000,5673,0.11346
8754,0.8250000000000002,-4.95,-3.3,50000,5731,0.11462
8755,0.8250000000000002,-4.95,-2.8875,50000,5714,0.11428
8756,0.8250000000000002,-4.95,-2.475,50000,5853,0.11706
8757,0.8250000000000002,-4.95,-2.0625,50000,5939,0.11878
8758,0.8250000000000002,-4.95,-1.65,50000,5802,0.11604
8759,0.8250000000000002,-4.95,-1.2374999999999998,50000,5917,0.11834
8760,0.8250000000000002,-4.95,-0.8250000000000002,50000,5988,0.11976
8761,0.8250000000000002,-4.95,-0.4124999999999996,50000,5925,0.1185
8762,0.8250000000000002,-4.95,0.0,50000,5800,0.116
8763,0.8250000000000002,-4.95,0.4125000000000005,50000,5878,0.11756
8764,0.8250000000000002,-4.95,0.8250000000000002,50000,5973,0.11946
8765,0.8250000000000002,-4.95,1.2375000000000007,50000,5918,0.11836
8766,0.8250000000000002,-4.95,1.6500000000000004,50000,5919,0.11838
8767,0.8250000000000002,-4.95,2.0625,50000,5959,0.11918
8768,0.8250000000000002,-4.95,2.4750000000000005,50000,5774,0.11548
8769,0.8250000000000002,-4.95,2.8875,50000,5748,0.11496
8770,0.8250000000000002,-4.95,3.3,50000,5747,0.11494
8771,0.8250000000000002,-4.95,3.712500000000001,50000,5673,0.11346
8772,0.8250000000000002,-4.95,4.125000000000001,50000,5696,0.11392
8773,0.8250000000000002,-4.95,4.5375000000000005,50000,5656,0.11312
8774,0.8250000000000002,-4.95,4.95,50000,5741,0.11482
8775,0.8250000000000002,-4.5375000000000005,-4.95,50000,5724,0.11448
8776,0.8250000000000002,-4.5375000000000005,-4.5375000000000005,50000,5743,0.11486
8777,0.8250000000000002,-4.5375000000000005,-4.125,50000,5691,0.11382
8778,0.8250000000000002,-4.5375000000000005,-3.7125,50000,5694,0.11388
8779,0.8250000000000002,-4.5375000000000005,-3.3,50000,5822,0.11644
8780,0.8250000000000002,-4.5375000000000005,-2.8875,50000,5781,0.11562
8781,0.8250000000000002,-4.5375000000000005,-2.475,50000,5831,0.11662
8782,0.8250000000000002,-4.5375000000000005,-2.0625,50000,5921,0.11842
8783,0.8250000000000002,-4.5375000000000005,-1.65,50000,5874,0.11748
8784,0.8250000000000002,-4.5375000000000005,-1.2374999999999998,50000,5697,0.11394
8785,0.8250000000000002,-4.5375000000000005,-0.8250000000000002,50000,5847,0.11694
8786,0.8250000000000002,-4.5375000000000005,-0.4124999999999996,50000,5984,0.11968
8787,0.8250000000000002,-4.5375000000000005,0.0,50000,5847,0.11694
8788,0.8250000000000002,-4.5375000000000005,0.4125000000000005,50000,6018,0.12036
8789,0.8250000000000002,-4.5375000000000005,0.8250000000000002,50000,5867,0.11734
8790,0.8250000000000002,-4.5375000000000005,1.2375000000000007,50000,5891,0.11782
8791,0.8250000000000002,-4.5375000000000005,1.6500000000000004,50000,5744,0.11488
8792,0.8250000000000002,-4.5375000000000005,2.0625,50000,5871,0.11742
8793,0.8250000000000002,-4.5375000000000005,2.4750000000000005,50000,5726,0.11452
8794,0.8250000000000002,-4.5375000000000005,2.8875,50000,5823,0.11646
8795,0.8250000000000002,-4.5375000000000005,3.3,50000,5775,0.1155
8796,0.8250000000000002,-4.5375000000000005,3.712500000000001,50000,5778,0.11556
8797,0.8250000000000002,-4.5375000000000005,4.125000000000001,50000,5730,0.1146
8798,0.8250000000000002,-4.5375000000000005,4.5375000000000005,50000,5582,0.11164
8799,0.8250000000000002,-4.5375000000000005,4.95,50000,5655,0.1131
8800,0.8250000000000002,-4.125,-4.95,50000,5734,0.11468
8801,0.8250000000000002,-4.125,-4.5375000000000005,50000,5722,0.11444
8802,0.8250000000000002,-4.125,-4.125,50000,5788,0.11576
8803,0.8250000000000002,-4.125,-3.7125,50000,5740,0.1148
8804,0.8250000000000002,-4.125,-3.3,50000,5809,0.11618
8805,0.8250000000000002,-4.125,-2.8875,50000,5706,0.11412
8806,0.8250000000000002,-4.125,-2.475,50000,5849,0.11698
8807,0.8250000000000002,-4.125,-2.0625,50000,5866,0.11732
8808,0.8250000000000002,-4.125,-1.65,50000,5726,0.11452
8809,0.8250000000000002,-4.125,-1.2374999999999998,50000,5948,0.11896
8810,0.8250000000000002,-4.125,-0.8250000000000002,50000,5785,0.1157
8811,0.8250000000000002,-4.125,-0.4124999999999996,50000,5870,0.1174
8812,0.8250000000000002,-4.125,0.0,50000,5795,0.1159
8813,0.8250000000000002,-4.125,0.4125000000000005,50000,5856,0.11712
8814,0.8250000000000002,-4.125,0.8250000000000002,50000,5834,0.11668
8815,0.8250000000000002,-4.125,1.2375000000000007,50000,5826,0.11652
8816,0.8250000000000002,-4.125,1.6500000000000004,50000,5725,0.1145
8817,0.8250000000000002,-4.125,2.0625,50000,5807,0.11614
8818,0.8250000000000002,-4.125,2.4750000000000005,50000,5686,0.11372
8819,0.8250000000000002,-4.125,2.8875,50000,5740,0.1148
8820,0.8250000000000002,-4.125,3.3,50000,5759,0.11518
8821,0.8250000000000002,-4.125,3.712500000000001,50000,5517,0.11034
8822,0.8250000000000002,-4.125,4.125000000000001,50000,5859,0.11718
8823,0.8250000000000002,-4.125,4.5375000000000005,50000,5693,0.11386
8824,0.8250000000000002,-4.125,4.95,50000,5620,0.1124
8825,0.8250000000000002,-3.7125,-4.95,50000,5728,0.11456
8826,0.8250000000000002,-3.7125,-4.5375000000000005,50000,5676,0.11352
8827,0.8250000000000002,-3.7125,-4.125,50000,5684,0.11368
8828,0.8250000000000002,-3.7125,-3.7125,50000,5882,0.11764
8829,0.8250000000000002,-3.7125,-3.3,50000,5693,0.11386
8830,0.8250000000000002,-3.7125,-2.8875,50000,5920,0.1184
8831,0.8250000000000002,-3.7125,-2.475,50000,5889,0.11778
8832,0.8250000000000002,-3.7125,-2.0625,50000,5841,0.11682
8833,0.8250000000000002,-3.7125,-1.65,50000,5933,0.11866
8834,0.8250000000000002,-3.7125,-1.2374999999999998,50000,5909,0.11818
8835,0.8250000000000002,-3.7125,-0.8250000000000002,50000,5928,0.11856
8836,0.8250000000000002,-3.7125,-0.4124999999999996,50000,5930,0.1186
8837,0.8250000000000002,-3.7125,0.0,50000,5722,0.11444
8838,0.8250000000000002,-3.7125,0.4125000000000005,50000,5910,0.1182
8839,0.8250000000000002,-3.7125,0.8250000000000002,50000,5788,0.11576
8840,0.8250000000000002,-3.7125,1.2375000000000007,50000,5883,0.11766
8841,0.8250000000000002,-3.7125,1.6500000000000004,50000,5812,0.11624
8842,0.8250000000000002,-3.7125,2.0625,50000,5807,0.11614
8843,0.8250000000000002,-3.7125,2.4750000000000005,50000,5907,0.11814
8844,0.8250000000000002,-3.7125,2.8875,50000,5741,0.11482
8845,0.8250000000000002,-3.7125,3.3,50000,5893,0.11786
8846,0.8250000000000002,-3.7125,3.712500000000001,50000,5779,0.11558
8847,0.8250000000000002,-3.7125,4.125000000000001,50000,5603,0.11206
8848,0.8250000000000002,-3.7125,4.5375000000000005,50000,5728,0.11456
8849,0.8250000000000002,-3.7125,4.95,50000,5634,0.11268
8850,0.8250000000000002,-3.3,-4.95,50000,5571,0.11142
8851,0.8250000000000002,-3.3,-4.5375000000000005,50000,5918,0.11836
8852,0.8250000000000002,-3.3,-4.125,50000,5698,0.11396
8853,0.8250000000000002,-3.3,-3.7125,50000,5745,0.1149
8854,0.8250000000000002,-3.3,-3.3,50000,5883,0.11766
8855,0.8250000000000002,-3.3,-2.8875,50000,5770,0.1154
8856,0.8250000000000002,-3.3,-2.475,50000,5758,0.11516
8857,0.8250000000000002,-3.3,-2.0625,50000,5976,0.11952
8858,0.8250000000000002,-3.3,-1.65,50000,5796,0.11592
8859,0.8250000000000002,-3.3,-1.2374999999999998,50000,5859,0.11718
8860,0.8250000000000002,-3.3,-0.8250000000000002,50000,5843,0.11686
8861,0.8250000000000002,-3.3,-0.4124999999999996,50000,5808,0.11616
8862,0.8250000000000002,-3.3,0.0,50000,5853,0.11706
8863,0.8250000000000002,-3.3,0.4125000000000005,50000,5898,0.11796
8864,0.8250000000000002,-3.3,0.8250000000000002,50000,6091,0.12182
8865,0.8250000000000002,-3.3,1.2375000000000007,50000,5880,0.1176
8866,0.8250000000000002,-3.3,1.6500000000000004,50000,5874,0.11748
8867,0.8250000000000002,-3.3,2.0625,50000,5795,0.1159
8868,0.8250000000000002,-3.3,2.4750000000000005,50000,5874,0.11748
8869,0.8250000000000002,-3.3,2.8875,50000,5775,0.1155
8870,0.8250000000000002,-3.3,3.3,50000,5768,0.11536
8871,0.8250000000000002,-3.3,3.712500000000001,50000,5830,0.1166
8872,0.8250000000000002,-3.3,4.125000000000001,50000,5841,0.11682
8873,0.8250000000000002,-3.3,4.5375000000000005,50000,5783,0.11566
8874,0.8250000000000002,-3.3,4.95,50000,5650,0.113
8875,0.8250000000000002,-2.8875,-4.95,50000,5711,0.11422
8876,0.8250000000000002,-2.8875,-4.5375000000000005,50000,5635,0.1127
8877,0.8250000000000002,-2.8875,-4.125,50000,5714,0.11428
8878,0.8250000000000002,-2.8875,-3.7125,50000,5891,0.11782
8879,0.8250000000000002,-2.8875,-3.3,50000,5890,0.1178
8880,0.8250000000000002,-2.8875,-2.8875,50000,5942,0.11884
8881,0.8250000000000002,-2.8875,-2.475,50000,5844,0.11688
8882,0.8250000000000002,-2.8875,-2.0625,50000,5997,0.11994
8883,0.8250000000000002,-2.8875,-1.65,50000,5936,0.11872
8884,0.8250000000000002,-2.8875,-1.2374999999999998,50000,5926,0.11852
8885,0.8250000000000002,-2.8875,-0.8250000000000002,50000,6019,0.12038
8886,0.8250000000000002,-2.8875,-0.4124999999999996,50000,5753,0.11506
8887,0.8250000000000002,-2.8875,0.0,50000,5956,0.11912
8888,0.8250000000000002,-2.8875,0.4125000000000005,50000,6051,0.12102
8889,0.8250000000000002,-2.8875,0.8250000000000002,50000,5835,0.1167
8890,0.8250000000000002,-2.8875,1.2375000000000007,50000,5944,0.11888
8891,0.8250000000000002,-2.8875,1.6500000000000004,50000,5914,0.11828
8892,0.8250000000000002,-2.8875,2.0625,50000,5916,0.11832
8893,0.8250000000000002,-2.8875,2.4750000000000005,50000,6003,0.12006
8894,0.8250000000000002,-2.8875,2.8875,50000,5885,0.1177
8895,0.8250000000000002,-2.8875,3.3,50000,5836,0.11672
8896,0.8250000000000002,-2.8875,3.712500000000001,50000,5748,0.11496
8897,0.8250000000000002,-2.8875,4.125000000000001,50000,5821,0.11642
8898,0.8250000000000002,-2.8875,4.5375000000000005,50000,5758,0.11516
8899,0.8250000000000002,-2.8875,4.95,50000,5654,0.11308
8900,0.8250000000000002,-2.475,-4.95,50000,5790,0.1158
8901,0.8250000000000002,-2.475,-4.5375000000000005,50000,5717,0.11434
8902,0.8250000000000002,-2.475,-4.125,50000,5780,0.1156
8903,0.8250000000000002,-2.475,-3.7125,50000,5828,0.11656
8904,0.8250000000000002,-2.475,-3.3,50000,5832,0.11664
8905,0.8250000000000002,-2.475,-2.8875,50000,5953,0.11906
8906,0.8250000000000002,-2.475,-2.475,50000,5965,0.1193
8907,0.8250000000000002,-2.475,-2.0625,50000,5962,0.11924
8908,0.8250000000000002,-2.475,-1.65,50000,5867,0.11734
8909,0.8250000000000002,-2.475,-1.2374999999999998,50000,5895,0.1179
8910,0.8250000000000002,-2.475,-0.8250000000000002,50000,6157,0.12314
8911,0.8250000000000002,-2.475,-0.4124999999999996,50000,6090,0.1218
8912,0.8250000000000002,-2.475,0.0,50000,5911,0.11822
8913,0.8250000000000002,-2.475,0.4125000000000005,50000,5869,0.11738
8914,0.8250000000000002,-2.475,0.8250000000000002,50000,5963,0.11926
8915,0.8250000000000002,-2.475,1.2375000000000007,50000,5885,0.1177
8916,0.8250000000000002,-2.475,1.6500000000000004,50000,5916,0.11832
8917,0.8250000000000002,-2.475,2.0625,50000,5977,0.11954
8918,0.8250000000000002,-2.475,2.4750000000000005,50000,5888,0.11776
8919,0.8250000000000002,-2.475,2.8875,50000,5833,0.11666
8920,0.8250000000000002,-2.475,3.3,50000,5951,0.11902
8921,0.8250000000000002,-2.475,3.712500000000001,50000,5781,0.11562
8922,0.8250000000000002,-2.475,4.125000000000001,50000,5801,0.11602
8923,0.8250000000000002,-2.475,4.5375000000000005,50000,5895,0.1179
8924,0.8250000000000002,-2.475,4.95,50000,5831,0.11662
8925,0.8250000000000002,-2.0625,-4.95,50000,5936,0.11872
8926,0.8250000000000002,-2.0625,-4.5375000000000005,50000,5831,0.11662
8927,0.8250000000000002,-2.0625,-4.125,50000,5868,0.11736
8928,0.8250000000000002,-2.0625,-3.7125,50000,5972,0.11944
8929,0.8250000000000002,-2.0625,-3.3,50000,5841,0.11682
8930,0.8250000000000002,-2.0625,-2.8875,50000,5990,0.1198
8931,0.8250000000000002,-2.0625,-2.475,50000,5860,0.1172
8932,0.8250000000000002,-2.0625,-2.0625,50000,6063,0.12126
8933,0.8250000000000002,-2.0625,-1.65,50000,6040,0.1208
8934,0.8250000000000002,-2.0625,-1.2374999999999998,50000,5978,0.11956
8935,0.8250000000000002,-2.0625,-0.8250000000000002,50000,5992,0.11984
8936,0.8250000000000002,-2.0625,-0.4124999999999996,50000,5981,0.11962
8937,0.8250000000000002,-2.0625,0.0,50000,5954,0.11908
8938,0.8250000000000002,-2.0625,0.4125000000000005,50000,5892,0.11784
8939,0.8250000000000002,-2.0625,0.8250000000000002,50000,6026,0.12052
8940,0.8250000000000002,-2.0625,1.2375000000000007,50000,6069,0.12138
8941,0.8250000000000002,-2.0625,1.6500000000000004,50000,5945,0.1189
8942,0.8250000000000002,-2.0625,2.0625,50000,6025,0.1205
8943,0.8250000000000002,-2.0625,2.4750000000000005,50000,5958,0.11916
8944,0.8250000000000002,-2.0625,2.8875,50000,5812,0.11624
8945,0.8250000000000002,-2.0625,3.3,50000,5949,0.11898
8946,0.8250000000000002,-2.0625,3.712500000000001,50000,5833,0.11666
8947,0.8250000000000002,-2.0625,4.125000000000001,50000,5989,0.11978
8948,0.8250000000000002,-2.0625,4.5375000000000005,50000,5784,0.11568
8949,0.8250000000000002,-2.0625,4.95,50000,5888,0.11776
8950,0.8250000000000002,-1.65,-4.95,50000,5905,0.1181
8951,0.8250000000000002,-1.65,-4.5375000000000005,50000,5889,0.11778
8952,0.8250000000000002,-1.65,-4.125,50000,5900,0.118
8953,0.8250000000000002,-1.65,-3.7125,50000,5979,0.11958
8954,0.8250000000000002,-1.65,-3.3,50000,5843,0.11686
8955,0.8250000000000002,-1.65,-2.8875,50000,6053,0.12106
8956,0.8250000000000002,-1.65,-2.475,50000,6173,0.12346
8957,0.8250000000000002,-1.65,-2.0625,50000,6140,0.1228
8958,0.8250000000000002,-1.65,-1.65,50000,5892,0.11784
8959,0.8250000000000002,-1.65,-1.2374999999999998,50000,6083,0.12166
8960,0.8250000000000002,-1.65,-0.8250000000000002,50000,6099,0.12198
8961,0.8250000000000002,-1.65,-0.4124999999999996,50000,5999,0.11998
8962,0.8250000000000002,-1.65,0.0,50000,6088,0.12176
8963,0.8250000000000002,-1.65,0.4125000000000005,50000,6082,0.12164
8964,0.8250000000000002,-1.65,0.8250000000000002,50000,6045,0.1209
8965,0.8250000000000002,-1.65,1.2375000000000007,50000,5943,0.11886
8966,0.8250000000000002,-1.65,1.6500000000000004,50000,6082,0.12164
8967,0.8250000000000002,-1.65,2.0625,50000,6097,0.12194
8968,0.8250000000000002,-1.65,2.4750000000000005,50000,6040,0.1208
8969,0.8250000000000002,-1.65,2.8875,50000,6009,0.12018
8970,0.8250000000000002,-1.65,3.3,50000,5839,0.11678
8971,0.8250000000000002,-1.65,3.712500000000001,50000,5915,0.1183
8972,0.8250000000000002,-1.65,4.125000000000001,50000,5952,0.11904
8973,0.8250000000000002,-1.65,4.5375000000000005,50000,5845,0.1169
8974,0.8250000000000002,-1.65,4.95,50000,5965,0.1193
8975,0.8250000000000002,-1.2374999999999998,-4.95,50000,5945,0.1189
8976,0.8250000000000002,-1.2374999999999998,-4.5375000000000005,50000,5925,0.1185
8977,0.8250000000000002,-1.2374999999999998,-4.125,50000,6051,0.12102
8978,0.8250000000000002,-1.2374999999999998,-3.7125,50000,6016,0.12032
8979,0.8250000000000002,-1.2374999999999998,-3.3,50000,5843,0.11686
8980,0.8250000000000002,-1.2374999999999998,-2.8875,50000,5977,0.11954
8981,0.8250000000000002,-1.2374999999999998,-2.475,50000,6062,0.12124
8982,0.8250000000000002,-1.2374999999999998,-2.0625,50000,6008,0.12016
8983,0.8250000000000002,-1.2374999999999998,-1.65,50000,6100,0.122
8984,0.8250000000000002,-1.2374999999999998,-1.2374999999999998,50000,6058,0.12116
8985,0.8250000000000002,-1.2374999999999998,-0.8250000000000002,50000,6109,0.12218
8986,0.8250000000000002,-1.2374999999999998,-0.4124999999999996,50000,6152,0.12304
8987,0.8250000000000002,-1.2374999999999998,0.0,50000,6299,0.12598
8988,0.8250000000000002,-1.2374999999999998,0.4125000000000005,50000,6099,0.12198
8989,0.8250000000000002,-1.2374999999999998,0.8250000000000002,50000,5976,0.11952
8990,0.8250000000000002,-1.2374999999999998,1.2375000000000007,50000,6080,0.1216
8991,0.8250000000000002,-1.2374999999999998,1.6500000000000004,50000,6065,0.1213
8992,0.8250000000000002,-1.2374999999999998,2.0625,50000,6089,0.12178
8993,0.8250000000000002,-1.2374999999999998,2.4750000000000005,50000,6036,0.12072
8994,0.8250000000000002,-1.2374999999999998,2.8875,50000,6033,0.12066
8995,0.8250000000000002,-1.2374999999999998,3.3,50000,6012,0.12024
8996,0.8250000000000002,-1.2374999999999998,3.712500000000001,50000,5976,0.11952
8997,0.8250000000000002,-1.2374999999999998,4.125000000000001,50000,5970,0.1194
8998,0.8250000000000002,-1.2374999999999998,4.5375000000000005,50000,5919,0.11838
8999,0.8250000000000002,-1.2374999999999998,4.95,50000,5862,0.11724
9000,0.8250000000000002,-0.8250000000000002,-4.95,50000,5989,0.11978
9001,0.8250000000000002,-0.8250000000000002,-4.5375000000000005,50000,6096,0.12192
9002,0.8250000000000002,-0.8250000000000002,-4.125,50000,5912,0.11824
9003,0.8250000000000002,-0.8250000000000002,-3.7125,50000,6026,0.12052
9004,0.8250000000000002,-0.8250000000000002,-3.3,50000,6058,0.12116
9005,0.8250000000000002,-0.8250000000000002,-2.8875,50000,6138,0.12276
9006,0.8250000000000002,-0.8250000000000002,-2.475,50000,6124,0.12248
9007,0.8250000000000002,-0.8250000000000002,-2.0625,50000,6168,0.12336
9008,0.8250000000000002,-0.8250000000000002,-1.65,50000,6252,0.12504
9009,0.8250000000000002,-0.8250000000000002,-1.2374999999999998,50000,6211,0.12422
9010,0.8250000000000002,-0.8250000000000002,-0.8250000000000002,50000,6172,0.12344
9011,0.8250000000000002,-0.8250000000000002,-0.4124999999999996,50000,6243,0.12486
9012,0.8250000000000002,-0.8250000000000002,0.0,50000,6326,0.12652
9013,0.8250000000000002,-0.8250000000000002,0.4125000000000005,50000,6251,0.12502
9014,0.8250000000000002,-0.8250000000000002,0.8250000000000002,50000,6407,0.12814
9015,0.8250000000000002,-0.8250000000000002,1.2375000000000007,50000,6267,0.12534
9016,0.8250000000000002,-0.8250000000000002,1.6500000000000004,50000,6188,0.12376
9017,0.8250000000000002,-0.8250000000000002,2.0625,50000,6138,0.12276
9018,0.8250000000000002,-0.8250000000000002,2.4750000000000005,50000,6139,0.12278
9019,0.8250000000000002,-0.8250000000000002,2.8875,50000,6094,0.12188
9020,0.8250000000000002,-0.8250000000000002,3.3,50000,6082,0.12164
9021,0.8250000000000002,-0.8250000000000002,3.712500000000001,50000,6017,0.12034
9022,0.8250000000000002,-0.8250000000000002,4.125000000000001,50000,5907,0.11814
9023,0.8250000000000002,-0.8250000000000002,4.5375000000000005,50000,5969,0.11938
9024,0.8250000000000002,-0.8250000000000002,4.95,50000,5994,0.11988
9025,0.8250000000000002,-0.4124999999999996,-4.95,50000,5959,0.11918
9026,0.8250000000000002,-0.4124999999999996,-4.5375000000000005,50000,6055,0.1211
9027,0.8250000000000002,-0.4124999999999996,-4.125,50000,6154,0.12308
9028,0.8250000000000002,-0.4124999999999996,-3.7125,50000,6190,0.1238
9029,0.8250000000000002,-0.4124999999999996,-3.3,50000,6226,0.12452
9030,0.8250000000000002,-0.4124999999999996,-2.8875,50000,6019,0.12038
9031,0.8250000000000002,-0.4124999999999996,-2.475,50000,6183,0.12366
9032,0.8250000000000002,-0.4124999999999996,-2.0625,50000,6298,0.12596
9033,0.8250000000000002,-0.4124999999999996,-1.65,50000,6322,0.12644
9034,0.8250000000000002,-0.4124999999999996,-1.2374999999999998,50000,6427,0.12854
9035,0.8250000000000002,-0.4124999999999996,-0.8250000000000002,50000,6274,0.12548
9036,0.8250000000000002,-0.4124999999999996,-0.4124999999999996,50000,6435,0.1287
9037,0.8250000000000002,-0.4124999999999996,0.0,50000,6382,0.12764
9038,0.8250000000000002,-0.4124999999999996,0.4125000000000005,50000,6454,0.12908
9039,0.8250000000000002,-0.4124999999999996,0.8250000000000002,50000,6336,0.12672
9040,0.8250000000000002,-0.4124999999999996,1.2375000000000007,50000,6424,0.12848
9041,0.8250000000000002,-0.4124999999999996,1.6500000000000004,50000,6415,0.1283
9042,0.8250000000000002,-0.4124999999999996,2.0625,50000,6213,0.12426
9043,0.8250000000000002,-0.4124999999999996,2.4750000000000005,50000,6269,0.12538
9044,0.8250000000000002,-0.4124999999999996,2.8875,50000,6167,0.12334
9045,0.8250000000000002,-0.4124999999999996,3.3,50000,6150,0.123
9046,0.8250000000000002,-0.4124999999999996,3.712500000000001,50000,6134,0.12268
9047,0.8250000000000002,-0.4124999999999996,4.125000000000001,50000,5936,0.11872
9048,0.8250000000000002,-0.4124999999999996,4.5375000000000005,50000,5847,0.11694
9049,0.8250000000000002,-0.4124999999999996,4.95,50000,6114,0.12228
9050,0.8250000000000002,0.0,-4.95,50000,6071,0.12142
9051,0.8250000000000002,0.0,-4.5375000000000005,50000,6106,0.12212
9052,0.8250000000000002,0.0,-4.125,50000,6107,0.12214
9053,0.8250000000000002,0.0,-3.7125,50000,6067,0.12134
9054,0.8250000000000002,0.0,-3.3,50000,6144,0.12288
9055,0.8250000000000002,0.0,-2.8875,50000,6155,0.1231
9056,0.8250000000000002,0.0,-2.475,50000,6275,0.1255
9057,0.8250000000000002,0.0,-2.0625,50000,6383,0.12766
9058,0.8250000000000002,0.0,-1.65,50000,6429,0.12858
9059,0.8250000000000002,0.0,-1.2374999999999998,50000,6477,0.12954
9060,0.8250000000000002,0.0,-0.8250000000000002,50000,6502,0.13004
9061,0.8250000000000002,0.0,-0.4124999999999996,50000,6414,0.12828
9062,0.8250000000000002,0.0,0.0,50000,6398,0.12796
9063,0.8250000000000002,0.0,0.4125000000000005,50000,6364,0.12728
9064,0.8250000000000002,0.0,0.8250000000000002,50000,6527,0.13054
9065,0.8250000000000002,0.0,1.2375000000000007,50000,6495,0.1299
9066,0.8250000000000002,0.0,1.6500000000000004,50000,6355,0.1271
9067,0.8250000000000002,0.0,2.0625,50000,6369,0.12738
9068,0.8250000000000002,0.0,2.4750000000000005,50000,6323,0.12646
9069,0.8250000000000002,0.0,2.8875,50000,6420,0.1284
9070,0.8250000000000002,0.0,3.3,50000,6194,0.12388
9071,0.8250000000000002,0.0,3.712500000000001,50000,6146,0.12292
9072,0.8250000000000002,0.0,4.125000000000001,50000,5945,0.1189
9073,0.8250000000000002,0.0,4.5375000000000005,50000,6074,0.12148
9074,0.8250000000000002,0.0,4.95,50000,6097,0.12194
9075,0.8250000000000002,0.4125000000000005,-4.95,50000,6235,0.1247
9076,0.8250000000000002,0.4125000000000005,-4.5375000000000005,50000,6284,0.12568
9077,0.8250000000000002,0.4125000000000005,-4.125,50000,6163,0.12326
9078,0.8250000000000002,0.4125000000000005,-3.7125,50000,6267,0.12534
9079,0.8250000000000002,0.4125000000000005,-3.3,50000,6145,0.1229
9080,0.8250000000000002,0.4125000000000005,-2.8875,50000,6332,0.12664
9081,0.8250000000000002,0.4125000000000005,-2.475,50000,6410,0.1282
9082,0.8250000000000002,0.4125000000000005,-2.0625,50000,6441,0.12882
9083,0.8250000000000002,0.4125000000000005,-1.65,50000,6472,0.12944
9084,0.8250000000000002,0.4125000000000005,-1.2374999999999998,50000,6752,0.13504
9085,0.8250000000000002,0.4125000000000005,-0.8250000000000002,50000,6586,0.13172
9086,0.8250000000000002,0.4125000000000005,-0.4124999999999996,50000,6718,0.13436
9087,0.8250000000000002,0.4125000000000005,0.0,50000,6658,0.13316
9088,0.8250000000000002,0.4125000000000005,0.4125000000000005,50000,6625,0.1325
9089,0.8250000000000002,0.4125000000000005,0.8250000000000002,50000,6574,0.13148
9090,0.8250000000000002,0.4125000000000005,1.2375000000000007,50000,6509,0.13018
9091,0.8250000000000002,0.4125000000000005,1.6500000000000004,50000,6459,0.12918
9092,0.8250000000000002,0.4125000000000005,2.0625,50000,6620,0.1324
9093,0.8250000000000002,0.4125000000000005,2.4750000000000005,50000,6411,0.12822
9094,0.8250000000000002,0.4125000000000005,2.8875,50000,6325,0.1265
9095,0.8250000000000002,0.4125000000000005,3.3,50000,6279,0.12558
9096,0.8250000000000002,0.4125000000000005,3.712500000000001,50000,6150,0.123
9097,0.8250000000000002,0.4125000000000005,4.125000000000001,50000,6134,0.12268
9098,0.8250000000000002,0.4125000000000005,4.5375000000000005,50000,6143,0.12286
9099,0.8250000000000002,0.4125000000000005,4.95,50000,6184,0.12368
9100,0.8250000000000002,0.8250000000000002,-4.95,50000,6331,0.12662
9101,0.8250000000000002,0.8250000000000002,-4.5375000000000005,50000,6219,0.12438
9102,0.8250000000000002,0.8250000000000002,-4.125,50000,6286,0.12572
9103,0.8250000000000002,0.8250000000000002,-3.7125,50000,6207,0.12414
9104,0.8250000000000002,0.8250000000000002,-3.3,50000,6392,0.12784
9105,0.8250000000000002,0.8250000000000002,-2.8875,50000,6331,0.12662
9106,0.8250000000000002,0.8250000000000002,-2.475,50000,6462,0.12924
9107,0.8250000000000002,0.8250000000000002,-2.0625,50000,6635,0.1327
9108,0.8250000000000002,0.8250000000000002,-1.65,50000,6672,0.13344
9109,0.8250000000000002,0.8250000000000002,-1.2374999999999998,50000,6708,0.13416
9110,0.8250000000000002,0.8250000000000002,-0.8250000000000002,50000,6794,0.13588
9111,0.8250000000000002,0.8250000000000002,-0.4124999999999996,50000,6778,0.13556
9112,0.8250000000000002,0.8250000000000002,0.0,50000,6890,0.1378
9113,0.8250000000000002,0.8250000000000002,0.4125000000000005,50000,6986,0.13972
9114,0.8250000000000002,0.8250000000000002,0.8250000000000002,50000,6815,0.1363
9115,0.8250000000000002,0.8250000000000002,1.2375000000000007,50000,6714,0.13428
9116,0.8250000000000002,0.8250000000000002,1.6500000000000004,50000,6663,0.13326
9117,0.8250000000000002,0.8250000000000002,2.0625,50000,6684,0.13368
9118,0.8250000000000002,0.8250000000000002,2.4750000000000005,50000,6587,0.13174
9119,0.8250000000000002,0.8250000000000002,2.8875,50000,6362,0.12724
9120,0.8250000000000002,0.8250000000000002,3.3,50000,6325,0.1265
9121,0.8250000000000002,0.8250000000000002,3.712500000000001,50000,6314,0.12628
9122,0.8250000000000002,0.8250000000000002,4.125000000000001,50000,6151,0.12302
9123,0.8250000000000002,0.8250000000000002,4.5375000000000005,50000,6225,0.1245
9124,0.8250000000000002,0.8250000000000002,4.95,50000,6201,0.12402
9125,0.8250000000000002,1.2375000000000007,-4.95,50000,6190,0.1238
9126,0.8250000000000002,1.2375000000000007,-4.5375000000000005,50000,6270,0.1254
9127,0.8250000000000002,1.2375000000000007,-4.125,50000,6175,0.1235
9128,0.8250000000000002,1.2375000000000007,-3.7125,50000,6397,0.12794
9129,0.8250000000000002,1.2375000000000007,-3.3,50000,6466,0.12932
9130,0.8250000000000002,1.2375000000000007,-2.8875,50000,6598,0.13196
9131,0.8250000000000002,1.2375000000000007,-2.475,50000,6703,0.13406
9132,0.8250000000000002,1.2375000000000007,-2.0625,50000,6837,0.13674
9133,0.8250000000000002,1.2375000000000007,-1.65,50000,6967,0.13934
9134,0.8250000000000002,1.2375000000000007,-1.2374999999999998,50000,7030,0.1406
9135,0.8250000000000002,1.2375000000000007,-0.8250000000000002,50000,7112,0.14224
9136,0.8250000000000002,1.2375000000000007,-0.4124999999999996,50000,7145,0.1429
9137,0.8250000000000002,1.2375000000000007,0.0,50000,7160,0.1432
9138,0.8250000000000002,1.2375000000000007,0.4125000000000005,50000,7102,0.14204
9139,0.8250000000000002,1.2375000000000007,0.8250000000000002,50000,6953,0.13906
9140,0.8250000000000002,1.2375000000000007,1.2375000000000007,50000,6950,0.139
9141,0.8250000000000002,1.2375000000000007,1.6500000000000004,50000,7030,0.1406
9142,0.8250000000000002,1.2375000000000007,2.0625,50000,6855,0.1371
9143,0.8250000000000002,1.2375000000000007,2.4750000000000005,50000,6765,0.1353
9144,0.8250000000000002,1.2375000000000007,2.8875,50000,6579,0.13158
9145,0.8250000000000002,1.2375000000000007,3.3,50000,6480,0.1296
9146,0.8250000000000002,1.2375000000000007,3.712500000000001,50000,6414,0.12828
9147,0.8250000000000002,1.2375000000000007,4.125000000000001,50000,6405,0.1281
9148,0.8250000000000002,1.2375000000000007,4.5375000000000005,50000,6250,0.125
9149,0.8250000000000002,1.2375000000000007,4.95,50000,6230,0.1246
9150,0.8250000000000002,1.6500000000000004,-4.95,50000,6376,0.12752
9151,0.8250000000000002,1.6500000000000004,-4.5375000000000005,50000,6097,0.12194
9152,0.8250000000000002,1.6500000000000004,-4.125,50000,6334,0.12668
9153,0.8250000000000002,1.6500000000000004,-3.7125,50000,6377,0.12754
9154,0.8250000000000002,1.6500000000000004,-3.3,50000,6535,0.1307
9155,0.8250000000000002,1.6500000000000004,-2.8875,50000,6608,0.13216
9156,0.8250000000000002,1.6500000000000004,-2.475,50000,6782,0.13564
9157,0.8250000000000002,1.6500000000000004,-2.0625,50000,7012,0.14024
9158,0.8250000000000002,1.6500000000000004,-1.65,50000,7121,0.14242
9159,0.8250000000000002,1.6500000000000004,-1.2374999999999998,50000,7539,0.15078
9160,0.8250000000000002,1.6500000000000004,-0.8250000000000002,50000,7345,0.1469
9161,0.8250000000000002,1.6500000000000004,-0.4124999999999996,50000,7549,0.15098
9162,0.8250000000000002,1.6500000000000004,0.0,50000,7252,0.14504
9163,0.8250000000000002,1.6500000000000004,0.4125000000000005,50000,7343,0.14686
9164,0.8250000000000002,1.6500000000000004,0.8250000000000002,50000,7453,0.14906
9165,0.8250000000000002,1.6500000000000004,1.2375000000000007,50000,7243,0.14486
9166,0.8250000000000002,1.6500000000000004,1.6500000000000004,50000,7152,0.14304
9167,0.8250000000000002,1.6500000000000004,2.0625,50000,6976,0.13952
9168,0.8250000000000002,1.6500000000000004,2.4750000000000005,50000,6783,0.13566
9169,0.8250000000000002,1.6500000000000004,2.8875,50000,6587,0.13174
9170,0.8250000000000002,1.6500000000000004,3.3,50000,6508,0.13016
9171,0.8250000000000002,1.6500000000000004,3.712500000000001,50000,6429,0.12858
9172,0.8250000000000002,1.6500000000000004,4.125000000000001,50000,6244,0.12488
9173,0.8250000000000002,1.6500000000000004,4.5375000000000005,50000,6221,0.12442
9174,0.8250000000000002,1.6500000000000004,4.95,50000,6418,0.12836
9175,0.8250000000000002,2.0625,-4.95,50000,6289,0.12578
9176,0.8250000000000002,2.0625,-4.5375000000000005,50000,6192,0.12384
9177,0.8250000000000002,2.0625,-4.125,50000,6266,0.12532
9178,0.8250000000000002,2.0625,-3.7125,50000,6538,0.13076
9179,0.8250000000000002,2.0625,-3.3,50000,6581,0.13162
9180,0.8250000000000002,2.0625,-2.8875,50000,6860,0.1372
9181,0.8250000000000002,2.0625,-2.475,50000,7079,0.14158
9182,0.8250000000000002,2.0625,-2.0625,50000,7175,0.1435
9183,0.8250000000000002,2.0625,-1.65,50000,7585,0.1517
9184,0.8250000000000002,2.0625,-1.2374999999999998,50000,7499,0.14998
9185,0.8250000000000002,2.0625,-0.8250000000000002,50000,7749,0.15498
9186,0.8250000000000002,2.0625,-0.4124999999999996,50000,7733,0.15466
9187,0.8250000000000002,2.0625,0.0,50000,7830,0.1566
9188,0.8250000000000002,2.0625,0.4125000000000005,50000,7871,0.15742
9189,0.8250000000000002,2.0625,0.8250000000000002,50000,7628,0.15256
9190,0.8250000000000002,2.0625,1.2375000000000007,50000,7617,0.15234
9191,0.8250000000000002,2.0625,1.6500000000000004,50000,7370,0.1474
9192,0.8250000000000002,2.0625,2.0625,50000,7314,0.14628
9193,0.8250000000000002,2.0625,2.4750000000000005,50000,6936,0.13872
9194,0.8250000000000002,2.0625,2.8875,50000,6727,0.13454
9195,0.8250000000000002,2.0625,3.3,50000,6472,0.12944
9196,0.8250000000000002,2.0625,3.712500000000001,50000,6474,0.12948
9197,0.8250000000000002,2.0625,4.125000000000001,50000,6316,0.12632
9198,0.8250000000000002,2.0625,4.5375000000000005,50000,6250,0.125
9199,0.8250000000000002,2.0625,4.95,50000,6334,0.12668
9200,0.8250000000000002,2.4750000000000005,-4.95,50000,6198,0.12396
9201,0.8250000000000002,2.4750000000000005,-4.5375000000000005,50000,6257,0.12514
9202,0.8250000000000002,2.4750000000000005,-4.125,50000,6284,0.12568
9203,0.8250000000000002,2.4750000000000005,-3.7125,50000,6546,0.13092
9204,0.8250000000000002,2.4750000000000005,-3.3,50000,6649,0.13298
9205,0.8250000000000002,2.4750000000000005,-2.8875,50000,6885,0.1377
9206,0.8250000000000002,2.4750000000000005,-2.475,50000,7311,0.14622
9207,0.8250000000000002,2.4750000000000005,-2.0625,50000,7593,0.15186
9208,0.8250000000000002,2.4750000000000005,-1.65,50000,7819,0.15638
9209,0.8250000000000002,2.4750000000000005,-1.2374999999999998,50000,7953,0.15906
9210,0.8250000000000002,2.4750000000000005,-0.8250000000000002,50000,8265,0.1653
9211,0.8250000000000002,2.4750000000000005,-0.4124999999999996,50000,8214,0.16428
9212,0.8250000000000002,2.4750000000000005,0.0,50000,8375,0.1675
9213,0.8250000000000002,2.4750000000000005,0.4125000000000005,50000,8349,0.16698
9214,0.8250000000000002,2.4750000000000005,0.8250000000000002,50000,8144,0.16288
9215,0.8250000000000002,2.4750000000000005,1.2375000000000007,50000,7962,0.15924
9216,0.8250000000000002,2.4750000000000005,1.6500000000000004,50000,7770,0.1554
9217,0.8250000000000002,2.4750000000000005,2.0625,50000,7755,0.1551
9218,0.8250000000000002,2.4750000000000005,2.4750000000000005,50000,7364,0.14728
9219,0.8250000000000002,2.4750000000000005,2.8875,50000,7069,0.14138
9220,0.8250000000000002,2.4750000000000005,3.3,50000,6643,0.13286
9221,0.8250000000000002,2.4750000000000005,3.712500000000001,50000,6664,0.13328
9222,0.8250000000000002,2.4750000000000005,4.125000000000001,50000,6389,0.12778
9223,0.8250000000000002,2.4750000000000005,4.5375000000000005,50000,6227,0.12454
9224,0.8250000000000002,2.4750000000000005,4.95,50000,6345,0.1269
9225,0.8250000000000002,2.8875,-4.95,50000,6163,0.12326
9226,0.8250000000000002,2.8875,-4.5375000000000005,50000,6011,0.12022
9227,0.8250000000000002,2.8875,-4.125,50000,6076,0.12152
9228,0.8250000000000002,2.8875,-3.7125,50000,6408,0.12816
9229,0.8250000000000002,2.8875,-3.3,50000,6740,0.1348
9230,0.8250000000000002,2.8875,-2.8875,50000,7296,0.14592
9231,0.8250000000000002,2.8875,-2.475,50000,7528,0.15056
9232,0.8250000000000002,2.8875,-2.0625,50000,7961,0.15922
9233,0.8250000000000002,2.8875,-1.65,50000,8334,0.16668
9234,0.8250000000000002,2.8875,-1.2374999999999998,50000,8651,0.17302
9235,0.8250000000000002,2.8875,-0.8250000000000002,50000,8717,0.17434
9236,0.8250000000000002,2.8875,-0.4124999999999996,50000,8962,0.17924
9237,0.8250000000000002,2.8875,0.0,50000,8917,0.17834
9238,0.8250000000000002,2.8875,0.4125000000000005,50000,8841,0.17682
9239,0.8250000000000002,2.8875,0.8250000000000002,50000,8929,0.17858
9240,0.8250000000000002,2.8875,1.2375000000000007,50000,8617,0.17234
9241,0.8250000000000002,2.8875,1.6500000000000004,50000,8269,0.16538
9242,0.8250000000000002,2.8875,2.0625,50000,8086,0.16172
9243,0.8250000000000002,2.8875,2.4750000000000005,50000,7560,0.1512
9244,0.8250000000000002,2.8875,2.8875,50000,7264,0.14528
9245,0.8250000000000002,2.8875,3.3,50000,6696,0.13392
9246,0.8250000000000002,2.8875,3.712500000000001,50000,6424,0.12848
9247,0.8250000000000002,2.8875,4.125000000000001,50000,6134,0.12268
9248,0.8250000000000002,2.8875,4.5375000000000005,50000,6137,0.12274
9249,0.8250000000000002,2.8875,4.95,50000,6107,0.12214
9250,0.8250000000000002,3.3,-4.95,50000,5763,0.11526
9251,0.8250000000000002,3.3,-4.5375000000000005,50000,5861,0.11722
9252,0.8250000000000002,3.3,-4.125,50000,6016,0.12032
9253,0.8250000000000002,3.3,-3.7125,50000,6267,0.12534
9254,0.8250000000000002,3.3,-3.3,50000,6834,0.13668
9255,0.8250000000000002,3.3,-2.8875,50000,7416,0.14832
9256,0.8250000000000002,3.3,-2.475,50000,7960,0.1592
9257,0.8250000000000002,3.3,-2.0625,50000,8548,0.17096
9258,0.8250000000000002,3.3,-1.65,50000,9003,0.18006
9259,0.8250000000000002,3.3,-1.2374999999999998,50000,9304,0.18608
9260,0.8250000000000002,3.3,-0.8250000000000002,50000,9460,0.1892
9261,0.8250000000000002,3.3,-0.4124999999999996,50000,9656,0.19312
9262,0.8250000000000002,3.3,0.0,50000,9667,0.19334
9263,0.8250000000000002,3.3,0.4125000000000005,50000,9546,0.19092
9264,0.8250000000000002,3.3,0.8250000000000002,50000,9572,0.19144
9265,0.8250000000000002,3.3,1.2375000000000007,50000,9392,0.18784
9266,0.8250000000000002,3.3,1.6500000000000004,50000,9070,0.1814
9267,0.8250000000000002,3.3,2.0625,50000,8761,0.17522
9268,0.8250000000000002,3.3,2.4750000000000005,50000,8079,0.16158
9269,0.8250000000000002,3.3,2.8875,50000,7242,0.14484
9270,0.8250000000000002,3.3,3.3,50000,6704,0.13408
9271,0.8250000000000002,3.3,3.712500000000001,50000,6317,0.12634
9272,0.8250000000000002,3.3,4.125000000000001,50000,5923,0.11846
9273,0.8250000000000002,3.3,4.5375000000000005,50000,5784,0.11568
9274,0.8250000000000002,3.3,4.95,50000,5862,0.11724
9275,0.8250000000000002,3.712500000000001,-4.95,50000,5445,0.1089
9276,0.8250000000000002,3.712500000000001,-4.5375000000000005,50000,5260,0.1052
9277,0.8250000000000002,3.712500000000001,-4.125,50000,5622,0.11244
9278,0.8250000000000002,3.712500000000001,-3.7125,50000,6157,0.12314
9279,0.8250000000000002,3.712500000000001,-3.3,50000,6953,0.13906
9280,0.8250000000000002,3.712500000000001,-2.8875,50000,7816,0.15632
9281,0.8250000000000002,3.712500000000001,-2.475,50000,8567,0.17134
9282,0.8250000000000002,3.712500000000001,-2.0625,50000,9236,0.18472
9283,0.8250000000000002,3.712500000000001,-1.65,50000,9717,0.19434
9284,0.8250000000000002,3.712500000000001,-1.2374999999999998,50000,10154,0.20308
9285,0.8250000000000002,3.712500000000001,-0.8250000000000002,50000,10299,0.20598
9286,0.8250000000000002,3.712500000000001,-0.4124999999999996,50000,10368,0.20736
9287,0.8250000000000002,3.712500000000001,0.0,50000,10567,0.21134
9288,0.8250000000000002,3.712500000000001,0.4125000000000005,50000,10435,0.2087
9289,0.8250000000000002,3.712500000000001,0.8250000000000002,50000,10286,0.20572
9290,0.8250000000000002,3.712500000000001,1.2375000000000007,50000,10219,0.20438
9291,0.8250000000000002,3.712500000000001,1.6500000000000004,50000,9830,0.1966
9292,0.8250000000000002,3.712500000000001,2.0625,50000,9226,0.18452
9293,0.8250000000000002,3.712500000000001,2.4750000000000005,50000,8710,0.1742
9294,0.8250000000000002,3.712500000000001,2.8875,50000,7803,0.15606
9295,0.8250000000000002,3.712500000000001,3.3,50000,6860,0.1372
9296,0.8250000000000002,3.712500000000001,3.712500000000001,50000,6007,0.12014
9297,0.8250000000000002,3.712500000000001,4.125000000000001,50000,5632,0.11264
9298,0.8250000000000002,3.712500000000001,4.5375000000000005,50000,5430,0.1086
9299,0.8250000000000002,3.712500000000001,4.95,50000,5378,0.10756
9300,0.8250000000000002,4.125000000000001,-4.95,50000,4836,0.09672
9301,0.8250000000000002,4.125000000000001,-4.5375000000000005,50000,4831,0.09662
9302,0.8250000000000002,4.125000000000001,-4.125,50000,5027,0.10054
9303,0.8250000000000002,4.125000000000001,-3.7125,50000,5608,0.11216
9304,0.8250000000000002,4.125000000000001,-3.3,50000,6706,0.13412
9305,0.8250000000000002,4.125000000000001,-2.8875,50000,8166,0.16332
9306,0.8250000000000002,4.125000000000001,-2.475,50000,9549,0.19098
9307,0.8250000000000002,4.125000000000001,-2.0625,50000,10323,0.20646
9308,0.8250000000000002,4.125000000000001,-1.65,50000,11043,0.22086
9309,0.8250000000000002,4.125000000000001,-1.2374999999999998,50000,11206,0.22412
9310,0.8250000000000002,4.125000000000001,-0.8250000000000002,50000,11409,0.22818
9311,0.8250000000000002,4.125000000000001,-0.4124999999999996,50000,11565,0.2313
9312,0.8250000000000002,4.125000000000001,0.0,50000,11589,0.23178
9313,0.8250000000000002,4.125000000000001,0.4125000000000005,50000,11539,0.23078
9314,0.8250000000000002,4.125000000000001,0.8250000000000002,50000,11401,0.22802
9315,0.8250000000000002,4.125000000000001,1.2375000000000007,50000,11128,0.22256
9316,0.8250000000000002,4.125000000000001,1.6500000000000004,50000,10943,0.21886
9317,0.8250000000000002,4.125000000000001,2.0625,50000,10401,0.20802
9318,0.8250000000000002,4.125000000000001,2.4750000000000005,50000,9513,0.19026
9319,0.8250000000000002,4.125000000000001,2.8875,50000,8165,0.1633
9320,0.8250000000000002,4.125000000000001,3.3,50000,6593,0.13186
9321,0.8250000000000002,4.125000000000001,3.712500000000001,50000,5634,0.11268
9322,0.8250000000000002,4.125000000000001,4.125000000000001,50000,4940,0.0988
9323,0.8250000000000002,4.125000000000001,4.5375000000000005,50000,4758,0.09516
9324,0.8250000000000002,4.125000000000001,4.95,50000,4721,0.09442
9325,0.8250000000000002,4.5375000000000005,-4.95,50000,3834,0.07668
9326,0.8250000000000002,4.5375000000000005,-4.5375000000000005,50000,3767,0.07534
9327,0.8250000000000002,4.5375000000000005,-4.125,50000,4083,0.08166
9328,0.8250000000000002,4.5375000000000005,-3.7125,50000,4865,0.0973
9329,0.8250000000000002,4.5375000000000005,-3.3,50000,6069,0.12138
9330,0.8250000000000002,4.5375000000000005,-2.8875,50000,8943,0.17886
9331,0.8250000000000002,4.5375000000000005,-2.475,50000,11056,0.22112
9332,0.8250000000000002,4.5375000000000005,-2.0625,50000,11907,0.23814
9333,0.8250000000000002,4.5375000000000005,-1.65,50000,12399,0.24798
9334,0.8250000000000002,4.5375000000000005,-1.2374999999999998,50000,12640,0.2528
9335,0.8250000000000002,4.5375000000000005,-0.8250000000000002,50000,12602,0.25204
9336,0.8250000000000002,4.5375000000000005,-0.4124999999999996,50000,12620,0.2524
9337,0.8250000000000002,4.5375000000000005,0.0,50000,12757,0.25514
9338,0.8250000000000002,4.5375000000000005,0.4125000000000005,50000,12640,0.2528
9339,0.8250000000000002,4.5375000000000005,0.8250000000000002,50000,12573,0.25146
9340,0.8250000000000002,4.5375000000000005,1.2375000000000007,50000,12406,0.24812
9341,0.8250000000000002,4.5375000000000005,1.6500000000000004,50000,12299,0.24598
9342,0.8250000000000002,4.5375000000000005,2.0625,50000,11898,0.23796
9343,0.8250000000000002,4.5375000000000005,2.4750000000000005,50000,11037,0.22074
9344,0.8250000000000002,4.5375000000000005,2.8875,50000,8837,0.17674
9345,0.8250000000000002,4.5375000000000005,3.3,50000,5904,0.11808
9346,0.8250000000000002,4.5375000000000005,3.712500000000001,50000,4674,0.09348
9347,0.8250000000000002,4.5375000000000005,4.125000000000001,50000,4039,0.08078
9348,0.8250000000000002,4.5375000000000005,4.5375000000000005,50000,3756,0.07512
9349,0.8250000000000002,4.5375000000000005,4.95,50000,3820,0.0764
9350,0.8250000000000002,4.95,-4.95,50000,2605,0.0521
9351,0.8250000000000002,4.95,-4.5375000000000005,50000,2543,0.05086
9352,0.8250000000000002,4.95,-4.125,50000,2792,0.05584
9353,0.8250000000000002,4.95,-3.7125,50000,3003,0.06006
9354,0.8250000000000002,4.95,-3.3,50000,3267,0.06534
9355,0.8250000000000002,4.95,-2.8875,50000,12553,0.25106
9356,0.8250000000000002,4.95,-2.475,50000,13761,0.27522
9357,0.8250000000000002,4.95,-2.0625,50000,13801,0.27602
9358,0.8250000000000002,4.95,-1.65,50000,14127,0.28254
9359,0.8250000000000002,4.95,-1.2374999999999998,50000,14073,0.28146
9360,0.8250000000000002,4.95,-0.8250000000000002,50000,13978,0.27956
9361,0.8250000000000002,4.95,-0.4124999999999996,50000,14227,0.28454
9362,0.8250000000000002,4.95,0.0,50000,14292,0.28584
9363,0.8250000000000002,4.95,0.4125000000000005,50000,14176,0.28352
9364,0.8250000000000002,4.95,0.8250000000000002,50000,13943,0.27886
9365,0.8250000000000002,4.95,1.2375000000000007,50000,14026,0.28052
9366,0.8250000000000002,4.95,1.6500000000000004,50000,13997,0.27994
9367,0.8250000000000002,4.95,2.0625,50000,13928,0.27856
9368,0.8250000000000002,4.95,2.4750000000000005,50000,13677,0.27354
9369,0.8250000000000002,4.95,2.8875,50000,12752,0.25504
9370,0.8250000000000002,4.95,3.3,50000,3335,0.0667
9371,0.8250000000000002,4.95,3.712500000000001,50000,2951,0.05902
9372,0.8250000000000002,4.95,4.125000000000001,50000,2781,0.05562
9373,0.8250000000000002,4.95,4.5375000000000005,50000,2699,0.05398
9374,0.8250000000000002,4.95,4.95,50000,2642,0.05284
9375,1.2375000000000007,-4.95,-4.95,50000,5690,0.1138
9376,1.2375000000000007,-4.95,-4.5375000000000005,50000,5531,0.11062
9377,1.2375000000000007,-4.95,-4.125,50000,5686,0.11372
9378,1.2375000000000007,-4.95,-3.7125,50000,5784,0.11568
9379,1.2375000000000007,-4.95,-3.3,50000,5671,0.11342
9380,1.2375000000000007,-4.95,-2.8875,50000,5824,0.11648
9381,1.2375000000000007,-4.95,-2.475,50000,5835,0.1167
9382,1.2375000000000007,-4.95,-2.0625,50000,5775,0.1155
9383,1.2375000000000007,-4.95,-1.65,50000,5908,0.11816
9384,1.2375000000000007,-4.95,-1.2374999999999998,50000,5975,0.1195
9385,1.2375000000000007,-4.95,-0.8250000000000002,50000,5787,0.11574
9386,1.2375000000000007,-4.95,-0.4124999999999996,50000,5908,0.11816
9387,1.2375000000000007,-4.95,0.0,50000,5965,0.1193
9388,1.2375000000000007,-4.95,0.4125000000000005,50000,5940,0.1188
9389,1.2375000000000007,-4.95,0.8250000000000002,50000,5961,0.11922
9390,1.2375000000000007,-4.95,1.2375000000000007,50000,5880,0.1176
9391,1.2375000000000007,-4.95,1.6500000000000004,50000,5846,0.11692
9392,1.2375000000000007,-4.95,2.0625,50000,5801,0.11602
9393,1.2375000000000007,-4.95,2.4750000000000005,50000,5844,0.11688
9394,1.2375000000000007,-4.95,2.8875,50000,5770,0.1154
9395,1.2375000000000007,-4.95,3.3,50000,5745,0.1149
9396,1.2375000000000007,-4.95,3.712500000000001,50000,5817,0.11634
9397,1.2375000000000007,-4.95,4.125000000000001,50000,5748,0.11496
9398,1.2375000000000007,-4.95,4.5375000000000005,50000,5698,0.11396
9399,1.2375000000000007,-4.95,4.95,50000,5610,0.1122
9400,1.2375000000000007,-4.5375000000000005,-4.95,50000,5721,0.11442
9401,1.2375000000000007,-4.5375000000000005,-4.5375000000000005,50000,5827,0.11654
9402,1.2375000000000007,-4.5375000000000005,-4.125,50000,5685,0.1137
9403,1.2375000000000007,-4.5375000000000005,-3.7125,50000,5686,0.11372
9404,1.2375000000000007,-4.5375000000000005,-3.3,50000,5749,0.11498
9405,1.2375000000000007,-4.5375000000000005,-2.8875,50000,5758,0.11516
9406,1.2375000000000007,-4.5375000000000005,-2.475,50000,5800,0.116
9407,1.2375000000000007,-4.5375000000000005,-2.0625,50000,5895,0.1179
9408,1.2375000000000007,-4.5375000000000005,-1.65,50000,5829,0.11658
9409,1.2375000000000007,-4.5375000000000005,-1.2374999999999998,50000,5790,0.1158
9410,1.2375000000000007,-4.5375000000000005,-0.8250000000000002,50000,5882,0.11764
9411,1.2375000000000007,-4.5375000000000005,-0.4124999999999996,50000,5861,0.11722
9412,1.2375000000000007,-4.5375000000000005,0.0,50000,5835,0.1167
9413,1.2375000000000007,-4.5375000000000005,0.4125000000000005,50000,5911,0.11822
9414,1.2375000000000007,-4.5375000000000005,0.8250000000000002,50000,5923,0.11846
9415,1.2375000000000007,-4.5375000000000005,1.2375000000000007,50000,5888,0.11776
9416,1.2375000000000007,-4.5375000000000005,1.6500000000000004,50000,5912,0.11824
9417,1.2375000000000007,-4.5375000000000005,2.0625,50000,5890,0.1178
9418,1.2375000000000007,-4.5375000000000005,2.4750000000000005,50000,5809,0.11618
9419,1.2375000000000007,-4.5375000000000005,2.8875,50000,5886,0.11772
9420,1.2375000000000007,-4.5375000000000005,3.3,50000,5697,0.11394
9421,1.2375000000000007,-4.5375000000000005,3.712500000000001,50000,5723,0.11446
9422,1.2375000000000007,-4.5375000000000005,4.125000000000001,50000,5760,0.1152
9423,1.2375000000000007,-4.5375000000000005,4.5375000000000005,50000,5623,0.11246
9424,1.2375000000000007,-4.5375000000000005,4.95,50000,5643,0.11286
9425,1.2375000000000007,-4.125,-4.95,50000,5716,0.11432
9426,1.2375000000000007,-4.125,-4.5375000000000005,50000,5760,0.1152
9427,1.2375000000000007,-4.125,-4.125,50000,5695,0.1139
9428,1.2375000000000007,-4.125,-3.7125,50000,5671,0.11342
9429,1.2375000000000007,-4.125,-3.3,50000,5815,0.1163
9430,1.2375000000000007,-4.125,-2.8875,50000,5812,0.11624
9431,1.2375000000000007,-4.125,-2.475,50000,5953,0.11906
9432,1.2375000000000007,-4.125,-2.0625,50000,5716,0.11432
9433,1.2375000000000007,-4.125,-1.65,50000,5961,0.11922
9434,1.2375000000000007,-4.125,-1.2374999999999998,50000,5725,0.1145
9435,1.2375000000000007,-4.125,-0.8250000000000002,50000,5814,0.11628
9436,1.2375000000000007,-4.125,-0.4124999999999996,50000,5804,0.11608
9437,1.2375000000000007,-4.125,0.0,50000,6005,0.1201
9438,1.2375000000000007,-4.125,0.4125000000000005,50000,5876,0.11752
9439,1.2375000000000007,-4.125,0.8250000000000002,50000,5752,0.11504
9440,1.2375000000000007,-4.125,1.2375000000000007,50000,5866,0.11732
9441,1.2375000000000007,-4.125,1.6500000000000004,50000,5920,0.1184
9442,1.2375000000000007,-4.125,2.0625,50000,5957,0.11914
9443,1.2375000000000007,-4.125,2.4750000000000005,50000,5760,0.1152
9444,1.2375000000000007,-4.125,2.8875,50000,5842,0.11684
9445,1.2375000000000007,-4.125,3.3,50000,5682,0.11364
9446,1.2375000000000007,-4.125,3.712500000000001,50000,5775,0.1155
9447,1.2375000000000007,-4.125,4.125000000000001,50000,5887,0.11774
9448,1.2375000000000007,-4.125,4.5375000000000005,50000,5676,0.11352
9449,1.2375000000000007,-4.125,4.95,50000,5595,0.1119
9450,1.2375000000000007,-3.7125,-4.95,50000,5688,0.11376
9451,1.2375000000000007,-3.7125,-4.5375000000000005,50000,5764,0.11528
9452,1.2375000000000007,-3.7125,-4.125,50000,5765,0.1153
9453,1.2375000000000007,-3.7125,-3.7125,50000,5774,0.11548
9454,1.2375000000000007,-3.7125,-3.3,50000,5792,0.11584
9455,1.2375000000000007,-3.7125,-2.8875,50000,5858,0.11716
9456,1.2375000000000007,-3.7125,-2.475,50000,5848,0.11696
9457,1.2375000000000007,-3.7125,-2.0625,50000,5947,0.11894
9458,1.2375000000000007,-3.7125,-1.65,50000,5891,0.11782
9459,1.2375000000000007,-3.7125,-1.2374999999999998,50000,5891,0.11782
9460,1.2375000000000007,-3.7125,-0.8250000000000002,50000,5838,0.11676
9461,1.2375000000000007,-3.7125,-0.4124999999999996,50000,5847,0.11694
9462,1.2375000000000007,-3.7125,0.0,50000,5954,0.11908
9463,1.2375000000000007,-3.7125,0.4125000000000005,50000,5849,0.11698
9464,1.2375000000000007,-3.7125,0.8250000000000002,50000,5839,0.11678
9465,1.2375000000000007,-3.7125,1.2375000000000007,50000,5921,0.11842
9466,1.2375000000000007,-3.7125,1.6500000000000004,50000,5893,0.11786
9467,1.2375000000000007,-3.7125,2.0625,50000,5876,0.11752
9468,1.2375000000000007,-3.7125,2.4750000000000005,50000,5816,0.11632
9469,1.2375000000000007,-3.7125,2.8875,50000,5714,0.11428
9470,1.2375000000000007,-3.7125,3.3,50000,5698,0.11396
9471,1.2375000000000007,-3.7125,3.712500000000001,50000,5853,0.11706
9472,1.2375000000000007,-3.7125,4.125000000000001,50000,5664,0.11328
9473,1.2375000000000007,-3.7125,4.5375000000000005,50000,5763,0.11526
9474,1.2375000000000007,-3.7125,4.95,50000,5621,0.11242
9475,1.2375000000000007,-3.3,-4.95,50000,5754,0.11508
9476,1.2375000000000007,-3.3,-4.5375000000000005,50000,5781,0.11562
9477,1.2375000000000007,-3.3,-4.125,50000,5763,0.11526
9478,1.2375000000000007,-3.3,-3.7125,50000,5868,0.11736
9479,1.2375000000000007,-3.3,-3.3,50000,5883,0.11766
9480,1.2375000000000007,-3.3,-2.8875,50000,5847,0.11694
9481,1.2375000000000007,-3.3,-2.475,50000,5864,0.11728
9482,1.2375000000000007,-3.3,-2.0625,50000,5831,0.11662
9483,1.2375000000000007,-3.3,-1.65,50000,5931,0.11862
9484,1.2375000000000007,-3.3,-1.2374999999999998,50000,5899,0.11798
9485,1.2375000000000007,-3.3,-0.8250000000000002,50000,5841,0.11682
9486,1.2375000000000007,-3.3,-0.4124999999999996,50000,5937,0.11874
9487,1.2375000000000007,-3.3,0.0,50000,5964,0.11928
9488,1.2375000000000007,-3.3,0.4125000000000005,50000,5964,0.11928
9489,1.2375000000000007,-3.3,0.8250000000000002,50000,5969,0.11938
9490,1.2375000000000007,-3.3,1.2375000000000007,50000,5921,0.11842
9491,1.2375000000000007,-3.3,1.6500000000000004,50000,5899,0.11798
9492,1.2375000000000007,-3.3,2.0625,50000,5946,0.11892
9493,1.2375000000000007,-3.3,2.4750000000000005,50000,5745,0.1149
9494,1.2375000000000007,-3.3,2.8875,50000,5793,0.11586
9495,1.2375000000000007,-3.3,3.3,50000,5859,0.11718
9496,1.2375000000000007,-3.3,3.712500000000001,50000,5683,0.11366
9497,1.2375000000000007,-3.3,4.125000000000001,50000,5704,0.11408
9498,1.2375000000000007,-3.3,4.5375000000000005,50000,5667,0.11334
9499,1.2375000000000007,-3.3,4.95,50000,5750,0.115
9500,1.2375000000000007,-2.8875,-4.95,50000,5852,0.11704
9501,1.2375000000000007,-2.8875,-4.5375000000000005,50000,5825,0.1165
9502,1.2375000000000007,-2.8875,-4.125,50000,5695,0.1139
9503,1.2375000000000007,-2.8875,-3.7125,50000,5705,0.1141
9504,1.2375000000000007,-2.8875,-3.3,50000,5792,0.11584
9505,1.2375000000000007,-2.8875,-2.8875,50000,5807,0.11614
9506,1.2375000000000007,-2.8875,-2.475,50000,5866,0.11732
9507,1.2375000000000007,-2.8875,-2.0625,50000,5890,0.1178
9508,1.2375000000000007,-2.8875,-1.65,50000,5914,0.11828
9509,1.2375000000000007,-2.8875,-1.2374999999999998,50000,5900,0.118
9510,1.2375000000000007,-2.8875,-0.8250000000000002,50000,5849,0.11698
9511,1.2375000000000007,-2.8875,-0.4124999999999996,50000,5775,0.1155
9512,1.2375000000000007,-2.8875,0.0,50000,5948,0.11896
9513,1.2375000000000007,-2.8875,0.4125000000000005,50000,5791,0.11582
9514,1.2375000000000007,-2.8875,0.8250000000000002,50000,5915,0.1183
9515,1.2375000000000007,-2.8875,1.2375000000000007,50000,5973,0.11946
9516,1.2375000000000007,-2.8875,1.6500000000000004,50000,6008,0.12016
9517,1.2375000000000007,-2.8875,2.0625,50000,5863,0.11726
9518,1.2375000000000007,-2.8875,2.4750000000000005,50000,5788,0.11576
9519,1.2375000000000007,-2.8875,2.8875,50000,5906,0.11812
9520,1.2375000000000007,-2.8875,3.3,50000,5897,0.11794
9521,1.2375000000000007,-2.8875,3.712500000000001,50000,5891,0.11782
9522,1.2375000000000007,-2.8875,4.125000000000001,50000,5744,0.11488
9523,1.2375000000000007,-2.8875,4.5375000000000005,50000,5787,0.11574
9524,1.2375000000000007,-2.8875,4.95,50000,5840,0.1168
9525,1.2375000000000007,-2.475,-4.95,50000,5806,0.11612
9526,1.2375000000000007,-2.475,-4.5375000000000005,50000,5890,0.1178
9527,1.2375000000000007,-2.475,-4.125,50000,5817,0.11634
9528,1.2375000000000007,-2.475,-3.7125,50000,5755,0.1151
9529,1.2375000000000007,-2.475,-3.3,50000,5881,0.11762
9530,1.2375000000000007,-2.475,-2.8875,50000,6006,0.12012
9531,1.2375000000000007,-2.475,-2.475,50000,6070,0.1214
9532,1.2375000000000007,-2.475,-2.0625,50000,5910,0.1182
9533,1.2375000000000007,-2.475,-1.65,50000,5909,0.11818
9534,1.2375000000000007,-2.475,-1.2374999999999998,50000,5963,0.11926
9535,1.2375000000000007,-2.475,-0.8250000000000002,50000,5769,0.11538
9536,1.2375000000000007,-2.475,-0.4124999999999996,50000,5906,0.11812
9537,1.2375000000000007,-2.475,0.0,50000,5975,0.1195
9538,1.2375000000000007,-2.475,0.4125000000000005,50000,5838,0.11676
9539,1.2375000000000007,-2.475,0.8250000000000002,50000,5947,0.11894
9540,1.2375000000000007,-2.475,1.2375000000000007,50000,5900,0.118
9541,1.2375000000000007,-2.475,1.6500000000000004,50000,6004,0.12008
9542,1.2375000000000007,-2.475,2.0625,50000,5912,0.11824
9543,1.2375000000000007,-2.475,2.4750000000000005,50000,5916,0.11832
9544,1.2375000000000007,-2.475,2.8875,50000,5977,0.11954
9545,1.2375000000000007,-2.475,3.3,50000,5943,0.11886
9546,1.2375000000000007,-2.475,3.712500000000001,50000,5927,0.11854
9547,1.2375000000000007,-2.475,4.125000000000001,50000,5900,0.118
9548,1.2375000000000007,-2.475,4.5375000000000005,50000,5693,0.11386
9549,1.2375000000000007,-2.475,4.95,50000,5862,0.11724
9550,1.2375000000000007,-2.0625,-4.95,50000,5850,0.117
9551,1.2375000000000007,-2.0625,-4.5375000000000005,50000,5837,0.11674
9552,1.2375000000000007,-2.0625,-4.125,50000,5905,0.1181
9553,1.2375000000000007,-2.0625,-3.7125,50000,5877,0.11754
9554,1.2375000000000007,-2.0625,-3.3,50000,5745,0.1149
9555,1.2375000000000007,-2.0625,-2.8875,50000,5953,0.11906
9556,1.2375000000000007,-2.0625,-2.475,50000,5885,0.1177
9557,1.2375000000000007,-2.0625,-2.0625,50000,5929,0.11858
9558,1.2375000000000007,-2.0625,-1.65,50000,5970,0.1194
9559,1.2375000000000007,-2.0625,-1.2374999999999998,50000,6040,0.1208
9560,1.2375000000000007,-2.0625,-0.8250000000000002,50000,6067,0.12134
9561,1.2375000000000007,-2.0625,-0.4124999999999996,50000,5909,0.11818
9562,1.2375000000000007,-2.0625,0.0,50000,6000,0.12
9563,1.2375000000000007,-2.0625,0.4125000000000005,50000,6017,0.12034
9564,1.2375000000000007,-2.0625,0.8250000000000002,50000,5969,0.11938
9565,1.2375000000000007,-2.0625,1.2375000000000007,50000,5972,0.11944
9566,1.2375000000000007,-2.0625,1.6500000000000004,50000,6013,0.12026
9567,1.2375000000000007,-2.0625,2.0625,50000,5961,0.11922
9568,1.2375000000000007,-2.0625,2.4750000000000005,50000,6015,0.1203
9569,1.2375000000000007,-2.0625,2.8875,50000,5769,0.11538
9570,1.2375000000000007,-2.0625,3.3,50000,5855,0.1171
9571,1.2375000000000007,-2.0625,3.712500000000001,50000,5879,0.11758
9572,1.2375000000000007,-2.0625,4.125000000000001,50000,5832,0.11664
9573,1.2375000000000007,-2.0625,4.5375000000000005,50000,5753,0.11506
9574,1.2375000000000007,-2.0625,4.95,50000,5870,0.1174
9575,1.2375000000000007,-1.65,-4.95,50000,5820,0.1164
9576,1.2375000000000007,-1.65,-4.5375000000000005,50000,5974,0.11948
9577,1.2375000000000007,-1.65,-4.125,50000,5831,0.11662
9578,1.2375000000000007,-1.65,-3.7125,50000,5941,0.11882
9579,1.2375000000000007,-1.65,-3.3,50000,5948,0.11896
9580,1.2375000000000007,-1.65,-2.8875,50000,5936,0.11872
9581,1.2375000000000007,-1.65,-2.475,50000,6036,0.12072
9582,1.2375000000000007,-1.65,-2.0625,50000,5982,0.11964
9583,1.2375000000000007,-1.65,-1.65,50000,6012,0.12024
9584,1.2375000000000007,-1.65,-1.2374999999999998,50000,5999,0.11998
9585,1.2375000000000007,-1.65,-0.8250000000000002,50000,6096,0.12192
9586,1.2375000000000007,-1.65,-0.4124999999999996,50000,5946,0.11892
9587,1.2375000000000007,-1.65,0.0,50000,6085,0.1217
9588,1.2375000000000007,-1.65,0.4125000000000005,50000,6149,0.12298
9589,1.2375000000000007,-1.65,0.8250000000000002,50000,5950,0.119
9590,1.2375000000000007,-1.65,1.2375000000000007,50000,5920,0.1184
9591,1.2375000000000007,-1.65,1.6500000000000004,50000,5916,0.11832
9592,1.2375000000000007,-1.65,2.0625,50000,6029,0.12058
9593,1.2375000000000007,-1.65,2.4750000000000005,50000,6031,0.12062
9594,1.2375000000000007,-1.65,2.8875,50000,5883,0.11766
9595,1.2375000000000007,-1.65,3.3,50000,5977,0.11954
9596,1.2375000000000007,-1.65,3.712500000000001,50000,5954,0.11908
9597,1.2375000000000007,-1.65,4.125000000000001,50000,5886,0.11772
9598,1.2375000000000007,-1.65,4.5375000000000005,50000,5883,0.11766
9599,1.2375000000000007,-1.65,4.95,50000,5834,0.11668
9600,1.2375000000000007,-1.2374999999999998,-4.95,50000,5954,0.11908
9601,1.2375000000000007,-1.2374999999999998,-4.5375000000000005,50000,5857,0.11714
9602,1.2375000000000007,-1.2374999999999998,-4.125,50000,5971,0.11942
9603,1.2375000000000007,-1.2374999999999998,-3.7125,50000,5871,0.11742
9604,1.2375000000000007,-1.2374999999999998,-3.3,50000,5986,0.11972
9605,1.2375000000000007,-1.2374999999999998,-2.8875,50000,5970,0.1194
9606,1.2375000000000007,-1.2374999999999998,-2.475,50000,6070,0.1214
9607,1.2375000000000007,-1.2374999999999998,-2.0625,50000,5989,0.11978
9608,1.2375000000000007,-1.2374999999999998,-1.65,50000,6035,0.1207
9609,1.2375000000000007,-1.2374999999999998,-1.2374999999999998,50000,6159,0.12318
9610,1.2375000000000007,-1.2374999999999998,-0.8250000000000002,50000,6125,0.1225
9611,1.2375000000000007,-1.2374999999999998,-0.4124999999999996,50000,5990,0.1198
9612,1.2375000000000007,-1.2374999999999998,0.0,50000,6055,0.1211
9613,1.2375000000000007,-1.2374999999999998,0.4125000000000005,50000,6086,0.12172
9614,1.2375000000000007,-1.2374999999999998,0.8250000000000002,50000,6088,0.12176
9615,1.2375000000000007,-1.2374999999999998,1.2375000000000007,50000,6021,0.12042
9616,1.2375000000000007,-1.2374999999999998,1.6500000000000004,50000,6059,0.12118
9617,1.2375000000000007,-1.2374999999999998,2.0625,50000,6072,0.12144
9618,1.2375000000000007,-1.2374999999999998,2.4750000000000005,50000,5923,0.11846
9619,1.2375000000000007,-1.2374999999999998,2.8875,50000,6042,0.12084
9620,1.2375000000000007,-1.2374999999999998,3.3,50000,6091,0.12182
9621,1.2375000000000007,-1.2374999999999998,3.712500000000001,50000,5916,0.11832
9622,1.2375000000000007,-1.2374999999999998,4.125000000000001,50000,5862,0.11724
9623,1.2375000000000007,-1.2374999999999998,4.5375000000000005,50000,5934,0.11868
9624,1.2375000000000007,-1.2374999999999998,4.95,50000,6006,0.12012
9625,1.2375000000000007,-0.8250000000000002,-4.95,50000,5960,0.1192
9626,1.2375000000000007,-0.8250000000000002,-4.5375000000000005,50000,5997,0.11994
9627,1.2375000000000007,-0.8250000000000002,-4.125,50000,6035,0.1207
9628,1.2375000000000007,-0.8250000000000002,-3.7125,50000,6005,0.1201
9629,1.2375000000000007,-0.8250000000000002,-3.3,50000,6084,0.12168
9630,1.2375000000000007,-0.8250000000000002,-2.8875,50000,6065,0.1213
9631,1.2375000000000007,-0.8250000000000002,-2.475,50000,6035,0.1207
9632,1.2375000000000007,-0.8250000000000002,-2.0625,50000,6269,0.12538
9633,1.2375000000000007,-0.8250000000000002,-1.65,50000,6071,0.12142
9634,1.2375000000000007,-0.8250000000000002,-1.2374999999999998,50000,6188,0.12376
9635,1.2375000000000007,-0.8250000000000002,-0.8250000000000002,50000,6210,0.1242
9636,1.2375000000000007,-0.8250000000000002,-0.4124999999999996,50000,6274,0.12548
9637,1.2375000000000007,-0.8250000000000002,0.0,50000,6167,0.12334
9638,1.2375000000000007,-0.8250000000000002,0.4125000000000005,50000,6234,0.12468
9639,1.2375000000000007,-0.8250000000000002,0.8250000000000002,50000,6214,0.12428
9640,1.2375000000000007,-0.8250000000000002,1.2375000000000007,50000,6090,0.1218
9641,1.2375000000000007,-0.8250000000000002,1.6500000000000004,50000,6089,0.12178
9642,1.2375000000000007,-0.8250000000000002,2.0625,50000,6205,0.1241
9643,1.2375000000000007,-0.8250000000000002,2.4750000000000005,50000,6276,0.12552
9644,1.2375000000000007,-0.8250000000000002,2.8875,50000,6102,0.12204
9645,1.2375000000000007,-0.8250000000000002,3.3,50000,6077,0.12154
9646,1.2375000000000007,-0.8250000000000002,3.712500000000001,50000,6110,0.1222
9647,1.2375000000000007,-0.8250000000000002,4.125000000000001,50000,5973,0.11946
9648,1.2375000000000007,-0.8250000000000002,4.5375000000000005,50000,5966,0.11932
9649,1.2375000000000007,-0.8250000000000002,4.95,50000,5975,0.1195
9650,1.2375000000000007,-0.4124999999999996,-4.95,50000,6108,0.12216
9651,1.2375000000000007,-0.4124999999999996,-4.5375000000000005,50000,5945,0.1189
9652,1.2375000000000007,-0.4124999999999996,-4.125,50000,6019,0.12038
9653,1.2375000000000007,-0.4124999999999996,-3.7125,50000,5938,0.11876
9654,1.2375000000000007,-0.4124999999999996,-3.3,50000,6029,0.12058
9655,1.2375000000000007,-0.4124999999999996,-2.8875,50000,6194,0.12388
9656,1.2375000000000007,-0.4124999999999996,-2.475,50000,6079,0.12158
9657,1.2375000000000007,-0.4124999999999996,-2.0625,50000,6254,0.12508
9658,1.2375000000000007,-0.4124999999999996,-1.65,50000,6144,0.12288
9659,1.2375000000000007,-0.4124999999999996,-1.2374999999999998,50000,6281,0.12562
9660,1.2375000000000007,-0.4124999999999996,-0.8250000000000002,50000,6267,0.12534
9661,1.2375000000000007,-0.4124999999999996,-0.4124999999999996,50000,6369,0.12738
9662,1.2375000000000007,-0.4124999999999996,0.0,50000,6236,0.12472
9663,1.2375000000000007,-0.4124999999999996,0.4125000000000005,50000,6378,0.12756
9664,1.2375000000000007,-0.4124999999999996,0.8250000000000002,50000,6270,0.1254
9665,1.2375000000000007,-0.4124999999999996,1.2375000000000007,50000,6405,0.1281
9666,1.2375000000000007,-0.4124999999999996,1.6500000000000004,50000,6328,0.12656
9667,1.2375000000000007,-0.4124999999999996,2.0625,50000,6115,0.1223
9668,1.2375000000000007,-0.4124999999999996,2.4750000000000005,50000,6175,0.1235
9669,1.2375000000000007,-0.4124999999999996,2.8875,50000,6134,0.12268
9670,1.2375000000000007,-0.4124999999999996,3.3,50000,6111,0.12222
9671,1.2375000000000007,-0.4124999999999996,3.712500000000001,50000,6090,0.1218
9672,1.2375000000000007,-0.4124999999999996,4.125000000000001,50000,5946,0.11892
9673,1.2375000000000007,-0.4124999999999996,4.5375000000000005,50000,6088,0.12176
9674,1.2375000000000007,-0.4124999999999996,4.95,50000,6144,0.12288
9675,1.2375000000000007,0.0,-4.95,50000,6093,0.12186
9676,1.2375000000000007,0.0,-4.5375000000000005,50000,5910,0.1182
9677,1.2375000000000007,0.0,-4.125,50000,6219,0.12438
9678,1.2375000000000007,0.0,-3.7125,50000,6102,0.12204
9679,1.2375000000000007,0.0,-3.3,50000,6101,0.12202
9680,1.2375000000000007,0.0,-2.8875,50000,6166,0.12332
9681,1.2375000000000007,0.0,-2.475,50000,6313,0.12626
9682,1.2375000000000007,0.0,-2.0625,50000,6379,0.12758
9683,1.2375000000000007,0.0,-1.65,50000,6384,0.12768
9684,1.2375000000000007,0.0,-1.2374999999999998,50000,6390,0.1278
9685,1.2375000000000007,0.0,-0.8250000000000002,50000,6541,0.13082
9686,1.2375000000000007,0.0,-0.4124999999999996,50000,6510,0.1302
9687,1.2375000000000007,0.0,0.0,50000,6430,0.1286
9688,1.2375000000000007,0.0,0.4125000000000005,50000,6440,0.1288
9689,1.2375000000000007,0.0,0.8250000000000002,50000,6297,0.12594
9690,1.2375000000000007,0.0,1.2375000000000007,50000,6333,0.12666
9691,1.2375000000000007,0.0,1.6500000000000004,50000,6217,0.12434
9692,1.2375000000000007,0.0,2.0625,50000,6239,0.12478
9693,1.2375000000000007,0.0,2.4750000000000005,50000,6197,0.12394
9694,1.2375000000000007,0.0,2.8875,50000,6285,0.1257
9695,1.2375000000000007,0.0,3.3,50000,6163,0.12326
9696,1.2375000000000007,0.0,3.712500000000001,50000,5951,0.11902
9697,1.2375000000000007,0.0,4.125000000000001,50000,6207,0.12414
9698,1.2375000000000007,0.0,4.5375000000000005,50000,6078,0.12156
9699,1.2375000000000007,0.0,4.95,50000,6224,0.12448
9700,1.2375000000000007,0.4125000000000005,-4.95,50000,6121,0.12242
9701,1.2375000000000007,0.4125000000000005,-4.5375000000000005,50000,6136,0.12272
9702,1.2375000000000007,0.4125000000000005,-4.125,50000,6114,0.12228
9703,1.2375000000000007,0.4125000000000005,-3.7125,50000,6232,0.12464
9704,1.2375000000000007,0.4125000000000005,-3.3,50000,6265,0.1253
9705,1.2375000000000007,0.4125000000000005,-2.8875,50000,6291,0.12582
9706,1.2375000000000007,0.4125000000000005,-2.475,50000,6377,0.12754
9707,1.2375000000000007,0.4125000000000005,-2.0625,50000,6514,0.13028
9708,1.2375000000000007,0.4125000000000005,-1.65,50000,6376,0.12752
9709,1.2375000000000007,0.4125000000000005,-1.2374999999999998,50000,6466,0.12932
9710,1.2375000000000007,0.4125000000000005,-0.8250000000000002,50000,6639,0.13278
9711,1.2375000000000007,0.4125000000000005,-0.4124999999999996,50000,6631,0.13262
9712,1.2375000000000007,0.4125000000000005,0.0,50000,6684,0.13368
9713,1.2375000000000007,0.4125000000000005,0.4125000000000005,50000,6616,0.13232
9714,1.2375000000000007,0.4125000000000005,0.8250000000000002,50000,6622,0.13244
9715,1.2375000000000007,0.4125000000000005,1.2375000000000007,50000,6518,0.13036
9716,1.2375000000000007,0.4125000000000005,1.6500000000000004,50000,6394,0.12788
9717,1.2375000000000007,0.4125000000000005,2.0625,50000,6523,0.13046
9718,1.2375000000000007,0.4125000000000005,2.4750000000000005,50000,6269,0.12538
9719,1.2375000000000007,0.4125000000000005,2.8875,50000,6240,0.1248
9720,1.2375000000000007,0.4125000000000005,3.3,50000,6322,0.12644
9721,1.2375000000000007,0.4125000000000005,3.712500000000001,50000,6225,0.1245
9722,1.2375000000000007,0.4125000000000005,4.125000000000001,50000,6167,0.12334
9723,1.2375000000000007,0.4125000000000005,4.5375000000000005,50000,6095,0.1219
9724,1.2375000000000007,0.4125000000000005,4.95,50000,6148,0.12296
9725,1.2375000000000007,0.8250000000000002,-4.95,50000,6227,0.12454
9726,1.2375000000000007,0.8250000000000002,-4.5375000000000005,50000,6248,0.12496
9727,1.2375000000000007,0.8250000000000002,-4.125,50000,6143,0.12286
9728,1.2375000000000007,0.8250000000000002,-3.7125,50000,6340,0.1268
9729,1.2375000000000007,0.8250000000000002,-3.3,50000,6210,0.1242
9730,1.2375000000000007,0.8250000000000002,-2.8875,50000,6506,0.13012
9731,1.2375000000000007,0.8250000000000002,-2.475,50000,6390,0.1278
9732,1.2375000000000007,0.8250000000000002,-2.0625,50000,6570,0.1314
9733,1.2375000000000007,0.8250000000000002,-1.65,50000,6657,0.13314
9734,1.2375000000000007,0.8250000000000002,-1.2374999999999998,50000,6686,0.13372
9735,1.2375000000000007,0.8250000000000002,-0.8250000000000002,50000,6933,0.13866
9736,1.2375000000000007,0.8250000000000002,-0.4124999999999996,50000,6799,0.13598
9737,1.2375000000000007,0.8250000000000002,0.0,50000,6804,0.13608
9738,1.2375000000000007,0.8250000000000002,0.4125000000000005,50000,6817,0.13634
9739,1.2375000000000007,0.8250000000000002,0.8250000000000002,50000,6691,0.13382
9740,1.2375000000000007,0.8250000000000002,1.2375000000000007,50000,6703,0.13406
9741,1.2375000000000007,0.8250000000000002,1.6500000000000004,50000,6712,0.13424
9742,1.2375000000000007,0.8250000000000002,2.0625,50000,6569,0.13138
9743,1.2375000000000007,0.8250000000000002,2.4750000000000005,50000,6484,0.12968
9744,1.2375000000000007,0.8250000000000002,2.8875,50000,6367,0.12734
9745,1.2375000000000007,0.8250000000000002,3.3,50000,6356,0.12712
9746,1.2375000000000007,0.8250000000000002,3.712500000000001,50000,6235,0.1247
9747,1.2375000000000007,0.8250000000000002,4.125000000000001,50000,6086,0.12172
9748,1.2375000000000007,0.8250000000000002,4.5375000000000005,50000,6225,0.1245
9749,1.2375000000000007,0.8250000000000002,4.95,50000,6064,0.12128
9750,1.2375000000000007,1.2375000000000007,-4.95,50000,6171,0.12342
9751,1.2375000000000007,1.2375000000000007,-4.5375000000000005,50000,6134,0.12268
9752,1.2375000000000007,1.2375000000000007,-4.125,50000,6189,0.12378
9753,1.2375000000000007,1.2375000000000007,-3.7125,50000,6305,0.1261
9754,1.2375000000000007,1.2375000000000007,-3.3,50000,6311,0.12622
9755,1.2375000000000007,1.2375000000000007,-2.8875,50000,6609,0.13218
9756,1.2375000000000007,1.2375000000000007,-2.475,50000,6656,0.13312
9757,1.2375000000000007,1.2375000000000007,-2.0625,50000,6770,0.1354
9758,1.2375000000000007,1.2375000000000007,-1.65,50000,6820,0.1364
9759,1.2375000000000007,1.2375000000000007,-1.2374999999999998,50000,6962,0.13924
9760,1.2375000000000007,1.2375000000000007,-0.8250000000000002,50000,7021,0.14042
9761,1.2375000000000007,1.2375000000000007,-0.4124999999999996,50000,7136,0.14272
9762,1.2375000000000007,1.2375000000000007,0.0,50000,7000,0.14
9763,1.2375000000000007,1.2375000000000007,0.4125000000000005,50000,6854,0.13708
9764,1.2375000000000007,1.2375000000000007,0.8250000000000002,50000,7033,0.14066
9765,1.2375000000000007,1.2375000000000007,1.2375000000000007,50000,6907,0.13814
9766,1.2375000000000007,1.2375000000000007,1.6500000000000004,50000,6911,0.13822
9767,1.2375000000000007,1.2375000000000007,2.0625,50000,6846,0.13692
9768,1.2375000000000007,1.2375000000000007,2.4750000000000005,50000,6584,0.13168
9769,1.2375000000000007,1.2375000000000007,2.8875,50000,6416,0.12832
9770,1.2375000000000007,1.2375000000000007,3.3,50000,6363,0.12726
9771,1.2375000000000007,1.2375000000000007,3.712500000000001,50000,6298,0.12596
9772,1.2375000000000007,1.2375000000000007,4.125000000000001,50000,6111,0.12222
9773,1.2375000000000007,1.2375000000000007,4.5375000000000005,50000,6345,0.1269
9774,1.2375000000000007,1.2375000000000007,4.95,50000,6190,0.1238
9775,1.2375000000000007,1.6500000000000004,-4.95,50000,6179,0.12358
9776,1.2375000000000007,1.6500000000000004,-4.5375000000000005,50000,6208,0.12416
9777,1.2375000000000007,1.6500000000000004,-4.125,50000,6212,0.12424
9778,1.2375000000000007,1.6500000000000004,-3.7125,50000,6410,0.1282
9779,1.2375000000000007,1.6500000000000004,-3.3,50000,6450,0.129
9780,1.2375000000000007,1.6500000000000004,-2.8875,50000,6661,0.13322
9781,1.2375000000000007,1.6500000000000004,-2.475,50000,6849,0.13698
9782,1.2375000000000007,1.6500000000000004,-2.0625,50000,6918,0.13836
9783,1.2375000000000007,1.6500000000000004,-1.65,50000,7150,0.143
9784,1.2375000000000007,1.6500000000000004,-1.2374999999999998,50000,7122,0.14244
9785,1.2375000000000007,1.6500000000000004,-0.8250000000000002,50000,7217,0.14434
9786,1.2375000000000007,1.6500000000000004,-0.4124999999999996,50000,7276,0.14552
9787,1.2375000000000007,1.6500000000000004,0.0,50000,7305,0.1461
9788,1.2375000000000007,1.6500000000000004,0.4125000000000005,50000,7259,0.14518
9789,1.2375000000000007,1.6500000000000004,0.8250000000000002,50000,7346,0.14692
9790,1.2375000000000007,1.6500000000000004,1.2375000000000007,50000,7072,0.14144
9791,1.2375000000000007,1.6500000000000004,1.6500000000000004,50000,7067,0.14134
9792,1.2375000000000007,1.6500000000000004,2.0625,50000,6834,0.13668
9793,1.2375000000000007,1.6500000000000004,2.4750000000000005,50000,6799,0.13598
9794,1.2375000000000007,1.6500000000000004,2.8875,50000,6576,0.13152
9795,1.2375000000000007,1.6500000000000004,3.3,50000,6413,0.12826
9796,1.2375000000000007,1.6500000000000004,3.712500000000001,50000,6348,0.12696
9797,1.2375000000000007,1.6500000000000004,4.125000000000001,50000,6257,0.12514
9798,1.2375000000000007,1.6500000000000004,4.5375000000000005,50000,6160,0.1232
9799,1.2375000000000007,1.6500000000000004,4.95,50000,6167,0.12334
9800,1.2375000000000007,2.0625,-4.95,50000,6259,0.12518
9801,1.2375000000000007,2.0625,-4.5375000000000005,50000,6244,0.12488
9802,1.2375000000000007,2.0625,-4.125,50000,6213,0.12426
9803,1.2375000000000007,2.0625,-3.7125,50000,6303,0.12606
9804,1.2375000000000007,2.0625,-3.3,50000,6457,0.12914
9805,1.2375000000000007,2.0625,-2.8875,50000,6806,0.13612
9806,1.2375000000000007,2.0625,-2.475,50000,7021,0.14042
9807,1.2375000000000007,2.0625,-2.0625,50000,7307,0.14614
9808,1.2375000000000007,2.0625,-1.65,50000,7416,0.14832
9809,1.2375000000000007,2.0625,-1.2374999999999998,50000,7474,0.14948
9810,1.2375000000000007,2.0625,-0.8250000000000002,50000,7579,0.15158
9811,1.2375000000000007,2.0625,-0.4124999999999996,50000,7544,0.15088
9812,1.2375000000000007,2.0625,0.0,50000,7694,0.15388
9813,1.2375000000000007,2.0625,0.4125000000000005,50000,7567,0.15134
9814,1.2375000000000007,2.0625,0.8250000000000002,50000,7656,0.15312
9815,1.2375000000000007,2.0625,1.2375000000000007,50000,7510,0.1502
9816,1.2375000000000007,2.0625,1.6500000000000004,50000,7369,0.14738
9817,1.2375000000000007,2.0625,2.0625,50000,7207,0.14414
9818,1.2375000000000007,2.0625,2.4750000000000005,50000,7037,0.14074
9819,1.2375000000000007,2.0625,2.8875,50000,6489,0.12978
9820,1.2375000000000007,2.0625,3.3,50000,6488,0.12976
9821,1.2375000000000007,2.0625,3.712500000000001,50000,6339,0.12678
9822,1.2375000000000007,2.0625,4.125000000000001,50000,6252,0.12504
9823,1.2375000000000007,2.0625,4.5375000000000005,50000,6275,0.1255
9824,1.2375000000000007,2.0625,4.95,50000,6283,0.12566
9825,1.2375000000000007,2.4750000000000005,-4.95,50000,6206,0.12412
9826,1.2375000000000007,2.4750000000000005,-4.5375000000000005,50000,6247,0.12494
9827,1.2375000000000007,2.4750000000000005,-4.125,50000,6175,0.1235
9828,1.2375000000000007,2.4750000000000005,-3.7125,50000,6337,0.12674
9829,1.2375000000000007,2.4750000000000005,-3.3,50000,6617,0.13234
9830,1.2375000000000007,2.4750000000000005,-2.8875,50000,6824,0.13648
9831,1.2375000000000007,2.4750000000000005,-2.475,50000,7277,0.14554
9832,1.2375000000000007,2.4750000000000005,-2.0625,50000,7512,0.15024
9833,1.2375000000000007,2.4750000000000005,-1.65,50000,7712,0.15424
9834,1.2375000000000007,2.4750000000000005,-1.2374999999999998,50000,7848,0.15696
9835,1.2375000000000007,2.4750000000000005,-0.8250000000000002,50000,7870,0.1574
9836,1.2375000000000007,2.4750000000000005,-0.4124999999999996,50000,8012,0.16024
9837,1.2375000000000007,2.4750000000000005,0.0,50000,8280,0.1656
9838,1.2375000000000007,2.4750000000000005,0.4125000000000005,50000,8095,0.1619
9839,1.2375000000000007,2.4750000000000005,0.8250000000000002,50000,8046,0.16092
9840,1.2375000000000007,2.4750000000000005,1.2375000000000007,50000,7815,0.1563
9841,1.2375000000000007,2.4750000000000005,1.6500000000000004,50000,7800,0.156
9842,1.2375000000000007,2.4750000000000005,2.0625,50000,7371,0.14742
9843,1.2375000000000007,2.4750000000000005,2.4750000000000005,50000,7337,0.14674
9844,1.2375000000000007,2.4750000000000005,2.8875,50000,6974,0.13948
9845,1.2375000000000007,2.4750000000000005,3.3,50000,6470,0.1294
9846,1.2375000000000007,2.4750000000000005,3.712500000000001,50000,6353,0.12706
9847,1.2375000000000007,2.4750000000000005,4.125000000000001,50000,6359,0.12718
9848,1.2375000000000007,2.4750000000000005,4.5375000000000005,50000,6158,0.12316
9849,1.2375000000000007,2.4750000000000005,4.95,50000,6217,0.12434
9850,1.2375000000000007,2.8875,-4.95,50000,5952,0.11904
9851,1.2375000000000007,2.8875,-4.5375000000000005,50000,5928,0.11856
9852,1.2375000000000007,2.8875,-4.125,50000,6077,0.12154
9853,1.2375000000000007,2.8875,-3.7125,50000,6449,0.12898
9854,1.2375000000000007,2.8875,-3.3,50000,6779,0.13558
9855,1.2375000000000007,2.8875,-2.8875,50000,7135,0.1427
9856,1.2375000000000007,2.8875,-2.475,50000,7509,0.15018
9857,1.2375000000000007,2.8875,-2.0625,50000,7889,0.15778
9858,1.2375000000000007,2.8875,-1.65,50000,8229,0.16458
9859,1.2375000000000007,2.8875,-1.2374999999999998,50000,8357,0.16714
9860,1.2375000000000007,2.8875,-0.8250000000000002,50000,8738,0.17476
9861,1.2375000000000007,2.8875,-0.4124999999999996,50000,8562,0.17124
9862,1.2375000000000007,2.8875,0.0,50000,8819,0.17638
9863,1.2375000000000007,2.8875,0.4125000000000005,50000,8662,0.17324
9864,1.2375000000000007,2.8875,0.8250000000000002,50000,8698,0.17396
9865,1.2375000000000007,2.8875,1.2375000000000007,50000,8445,0.1689
9866,1.2375000000000007,2.8875,1.6500000000000004,50000,8135,0.1627
9867,1.2375000000000007,2.8875,2.0625,50000,7865,0.1573
9868,1.2375000000000007,2.8875,2.4750000000000005,50000,7474,0.14948
9869,1.2375000000000007,2.8875,2.8875,50000,7224,0.14448
9870,1.2375000000000007,2.8875,3.3,50000,6716,0.13432
9871,1.2375000000000007,2.8875,3.712500000000001,50000,6212,0.12424
9872,1.2375000000000007,2.8875,4.125000000000001,50000,6067,0.12134
9873,1.2375000000000007,2.8875,4.5375000000000005,50000,5991,0.11982
9874,1.2375000000000007,2.8875,4.95,50000,5980,0.1196
9875,1.2375000000000007,3.3,-4.95,50000,5802,0.11604
9876,1.2375000000000007,3.3,-4.5375000000000005,50000,5698,0.11396
9877,1.2375000000000007,3.3,-4.125,50000,5820,0.1164
9878,1.2375000000000007,3.3,-3.7125,50000,6439,0.12878
9879,1.2375000000000007,3.3,-3.3,50000,6750,0.135
9880,1.2375000000000007,3.3,-2.8875,50000,7235,0.1447
9881,1.2375000000000007,3.3,-2.475,50000,7940,0.1588
9882,1.2375000000000007,3.3,-2.0625,50000,8566,0.17132
9883,1.2375000000000007,3.3,-1.65,50000,8786,0.17572
9884,1.2375000000000007,3.3,-1.2374999999999998,50000,9032,0.18064
9885,1.2375000000000007,3.3,-0.8250000000000002,50000,9462,0.18924
9886,1.2375000000000007,3.3,-0.4124999999999996,50000,9366,0.18732
9887,1.2375000000000007,3.3,0.0,50000,9503,0.19006
9888,1.2375000000000007,3.3,0.4125000000000005,50000,9599,0.19198
9889,1.2375000000000007,3.3,0.8250000000000002,50000,9271,0.18542
9890,1.2375000000000007,3.3,1.2375000000000007,50000,9086,0.18172
9891,1.2375000000000007,3.3,1.6500000000000004,50000,8897,0.17794
9892,1.2375000000000007,3.3,2.0625,50000,8450,0.169
9893,1.2375000000000007,3.3,2.4750000000000005,50000,7943,0.15886
9894,1.2375000000000007,3.3,2.8875,50000,7304,0.14608
9895,1.2375000000000007,3.3,3.3,50000,6793,0.13586
9896,1.2375000000000007,3.3,3.712500000000001,50000,6217,0.12434
9897,1.2375000000000007,3.3,4.125000000000001,50000,5805,0.1161
9898,1.2375000000000007,3.3,4.5375000000000005,50000,5813,0.11626
9899,1.2375000000000007,3.3,4.95,50000,5790,0.1158
9900,1.2375000000000007,3.712500000000001,-4.95,50000,5392,0.10784
9901,1.2375000000000007,3.712500000000001,-4.5375000000000005,50000,5230,0.1046
9902,1.2375000000000007,3.712500000000001,-4.125,50000,5459,0.10918
9903,1.2375000000000007,3.712500000000001,-3.7125,50000,6088,0.12176
9904,1.2375000000000007,3.712500000000001,-3.3,50000,6622,0.13244
9905,1.2375000000000007,3.712500000000001,-2.8875,50000,7517,0.15034
9906,1.2375000000000007,3.712500000000001,-2.475,50000,8443,0.16886
9907,1.2375000000000007,3.712500000000001,-2.0625,50000,9145,0.1829
9908,1.2375000000000007,3.712500000000001,-1.65,50000,9649,0.19298
9909,1.2375000000000007,3.712500000000001,-1.2374999999999998,50000,10071,0.20142
9910,1.2375000000000007,3.712500000000001,-0.8250000000000002,50000,10096,0.20192
9911,1.2375000000000007,3.712500000000001,-0.4124999999999996,50000,10272,0.20544
9912,1.2375000000000007,3.712500000000001,0.0,50000,10288,0.20576
9913,1.2375000000000007,3.712500000000001,0.4125000000000005,50000,10094,0.20188
9914,1.2375000000000007,3.712500000000001,0.8250000000000002,50000,10116,0.20232
9915,1.2375000000000007,3.712500000000001,1.2375000000000007,50000,9979,0.19958
9916,1.2375000000000007,3.712500000000001,1.6500000000000004,50000,9739,0.19478
9917,1.2375000000000007,3.712500000000001,2.0625,50000,9240,0.1848
9918,1.2375000000000007,3.712500000000001,2.4750000000000005,50000,8499,0.16998
9919,1.2375000000000007,3.712500000000001,2.8875,50000,7633,0.15266
9920,1.2375000000000007,3.712500000000001,3.3,50000,6666,0.13332
9921,1.2375000000000007,3.712500000000001,3.712500000000001,50000,5977,0.11954
9922,1.2375000000000007,3.712500000000001,4.125000000000001,50000,5458,0.10916
9923,1.2375000000000007,3.712500000000001,4.5375000000000005,50000,5370,0.1074
9924,1.2375000000000007,3.712500000000001,4.95,50000,5383,0.10766
9925,1.2375000000000007,4.125000000000001,-4.95,50000,4768,0.09536
9926,1.2375000000000007,4.125000000000001,-4.5375000000000005,50000,4522,0.09044
9927,1.2375000000000007,4.125000000000001,-4.125,50000,4837,0.09674
9928,1.2375000000000007,4.125000000000001,-3.7125,50000,5488,0.10976
9929,1.2375000000000007,4.125000000000001,-3.3,50000,6595,0.1319
9930,1.2375000000000007,4.125000000000001,-2.8875,50000,8192,0.16384
9931,1.2375000000000007,4.125000000000001,-2.475,50000,9276,0.18552
9932,1.2375000000000007,4.125000000000001,-2.0625,50000,10439,0.20878
9933,1.2375000000000007,4.125000000000001,-1.65,50000,10717,0.21434
9934,1.2375000000000007,4.125000000000001,-1.2374999999999998,50000,11111,0.22222
9935,1.2375000000000007,4.125000000000001,-0.8250000000000002,50000,11304,0.22608
9936,1.2375000000000007,4.125000000000001,-0.4124999999999996,50000,11254,0.22508
9937,1.2375000000000007,4.125000000000001,0.0,50000,11361,0.22722
9938,1.2375000000000007,4.125000000000001,0.4125000000000005,50000,11279,0.22558
9939,1.2375000000000007,4.125000000000001,0.8250000000000002,50000,11205,0.2241
9940,1.2375000000000007,4.125000000000001,1.2375000000000007,50000,10995,0.2199
9941,1.2375000000000007,4.125000000000001,1.6500000000000004,50000,10735,0.2147
9942,1.2375000000000007,4.125000000000001,2.0625,50000,10324,0.20648
9943,1.2375000000000007,4.125000000000001,2.4750000000000005,50000,9519,0.19038
9944,1.2375000000000007,4.125000000000001,2.8875,50000,8018,0.16036
9945,1.2375000000000007,4.125000000000001,3.3,50000,6506,0.13012
9946,1.2375000000000007,4.125000000000001,3.712500000000001,50000,5577,0.11154
9947,1.2375000000000007,4.125000000000001,4.125000000000001,50000,4726,0.09452
9948,1.2375000000000007,4.125000000000001,4.5375000000000005,50000,4742,0.09484
9949,1.2375000000000007,4.125000000000001,4.95,50000,4643,0.09286
9950,1.2375000000000007,4.5375000000000005,-4.95,50000,3919,0.07838
9951,1.2375000000000007,4.5375000000000005,-4.5375000000000005,50000,3675,0.0735
9952,1.2375000000000007,4.5375000000000005,-4.125,50000,3812,0.07624
9953,1.2375000000000007,4.5375000000000005,-3.7125,50000,4510,0.0902
9954,1.2375000000000007,4.5375000000000005,-3.3,50000,5974,0.11948
9955,1.2375000000000007,4.5375000000000005,-2.8875,50000,8775,0.1755
9956,1.2375000000000007,4.5375000000000005,-2.475,50000,10957,0.21914
9957,1.2375000000000007,4.5375000000000005,-2.0625,50000,11692,0.23384
9958,1.2375000000000007,4.5375000000000005,-1.65,50000,12088,0.24176
9959,1.2375000000000007,4.5375000000000005,-1.2374999999999998,50000,12348,0.24696
9960,1.2375000000000007,4.5375000000000005,-0.8250000000000002,50000,12627,0.25254
9961,1.2375000000000007,4.5375000000000005,-0.4124999999999996,50000,12586,0.25172
9962,1.2375000000000007,4.5375000000000005,0.0,50000,12766,0.25532
9963,1.2375000000000007,4.5375000000000005,0.4125000000000005,50000,12526,0.25052
9964,1.2375000000000007,4.5375000000000005,0.8250000000000002,50000,12597,0.25194
9965,1.2375000000000007,4.5375000000000005,1.2375000000000007,50000,12451,0.24902
9966,1.2375000000000007,4.5375000000000005,1.6500000000000004,50000,12201,0.24402
9967,1.2375000000000007,4.5375000000000005,2.0625,50000,11803,0.23606
9968,1.2375000000000007,4.5375000000000005,2.4750000000000005,50000,10979,0.21958
9969,1.2375000000000007,4.5375000000000005,2.8875,50000,8939,0.17878
9970,1.2375000000000007,4.5375000000000005,3.3,50000,6031,0.12062
9971,1.2375000000000007,4.5375000000000005,3.712500000000001,50000,4576,0.09152
9972,1.2375000000000007,4.5375000000000005,4.125000000000001,50000,3932,0.07864
9973,1.2375000000000007,4.5375000000000005,4.5375000000000005,50000,3724,0.07448
9974,1.2375000000000007,4.5375000000000005,4.95,50000,3819,0.07638
9975,1.2375000000000007,4.95,-4.95,50000,2515,0.0503
9976,1.2375000000000007,4.95,-4.5375000000000005,50000,2569,0.05138
9977,1.2375000000000007,4.95,-4.125,50000,2729,0.05458
9978,1.2375000000000007,4.95,-3.7125,50000,2876,0.05752
9979,1.2375000000000007,4.95,-3.3,50000,3249,0.06498
9980,1.2375000000000007,4.95,-2.8875,50000,12611,0.25222
9981,1.2375000000000007,4.95,-2.475,50000,13611,0.27222
9982,1.2375000000000007,4.95,-2.0625,50000,13992,0.27984
9983,1.2375000000000007,4.95,-1.65,50000,13881,0.27762
9984,1.2375000000000007,4.95,-1.2374999999999998,50000,14074,0.28148
9985,1.2375000000000007,4.95,-0.8250000000000002,50000,13935,0.2787
9986,1.2375000000000007,4.95,-0.4124999999999996,50000,14209,0.28418
9987,1.2375000000000007,4.95,0.0,50000,14013,0.28026
9988,1.2375000000000007,4.95,0.4125000000000005,50000,14145,0.2829
9989,1.2375000000000007,4.95,0.8250000000000002,50000,14158,0.28316
9990,1.2375000000000007,4.95,1.2375000000000007,50000,14142,0.28284
9991,1.2375000000000007,4.95,1.6500000000000004,50000,13851,0.27702
9992,1.2375000000000007,4.95,2.0625,50000,13786,0.27572
9993,1.2375000000000007,4.95,2.4750000000000005,50000,13770,0.2754
9994,1.2375000000000007,4.95,2.8875,50000,12759,0.25518
9995,1.2375000000000007,4.95,3.3,50000,3278,0.06556
9996,1.2375000000000007,4.95,3.712500000000001,50000,2872,0.05744
9997,1.2375000000000007,4.95,4.125000000000001,50000,2782,0.05564
9998,1.2375000000000007,4.95,4.5375000000000005,50000,2652,0.05304
9999,1.2375000000000007,4.95,4.95,50000,2543,0.05086
10000,1.6500000000000004,-4.95,-4.95,50000,5703,0.11406
10001,1.6500000000000004,-4.95,-4.5375000000000005,50000,5662,0.11324
10002,1.6500000000000004,-4.95,-4.125,50000,5743,0.11486
10003,1.6500000000000004,-4.95,-3.7125,50000,5702,0.11404
10004,1.6500000000000004,-4.95,-3.3,50000,5805,0.1161
10005,1.6500000000000004,-4.95,-2.8875,50000,5740,0.1148
10006,1.6500000000000004,-4.95,-2.475,50000,5933,0.11866
10007,1.6500000000000004,-4.95,-2.0625,50000,5777,0.11554
10008,1.6500000000000004,-4.95,-1.65,50000,5764,0.11528
10009,1.6500000000000004,-4.95,-1.2374999999999998,50000,5772,0.11544
10010,1.6500000000000004,-4.95,-0.8250000000000002,50000,5932,0.11864
10011,1.6500000000000004,-4.95,-0.4124999999999996,50000,6005,0.1201
10012,1.6500000000000004,-4.95,0.0,50000,5820,0.1164
10013,1.6500000000000004,-4.95,0.4125000000000005,50000,5815,0.1163
10014,1.6500000000000004,-4.95,0.8250000000000002,50000,5758,0.11516
10015,1.6500000000000004,-4.95,1.2375000000000007,50000,5892,0.11784
10016,1.6500000000000004,-4.95,1.6500000000000004,50000,5877,0.11754
10017,1.6500000000000004,-4.95,2.0625,50000,5917,0.11834
10018,1.6500000000000004,-4.95,2.4750000000000005,50000,5863,0.11726
10019,1.6500000000000004,-4.95,2.8875,50000,5847,0.11694
10020,1.6500000000000004,-4.95,3.3,50000,5747,0.11494
10021,1.6500000000000004,-4.95,3.712500000000001,50000,5739,0.11478
10022,1.6500000000000004,-4.95,4.125000000000001,50000,5623,0.11246
10023,1.6500000000000004,-4.95,4.5375000000000005,50000,5659,0.11318
10024,1.6500000000000004,-4.95,4.95,50000,5650,0.113
10025,1.6500000000000004,-4.5375000000000005,-4.95,50000,5568,0.11136
10026,1.6500000000000004,-4.5375000000000005,-4.5375000000000005,50000,5580,0.1116
10027,1.6500000000000004,-4.5375000000000005,-4.125,50000,5775,0.1155
10028,1.6500000000000004,-4.5375000000000005,-3.7125,50000,5743,0.11486
10029,1.6500000000000004,-4.5375000000000005,-3.3,50000,5886,0.11772
10030,1.6500000000000004,-4.5375000000000005,-2.8875,50000,5738,0.11476
10031,1.6500000000000004,-4.5375000000000005,-2.475,50000,5799,0.11598
10032,1.6500000000000004,-4.5375000000000005,-2.0625,50000,5744,0.11488
10033,1.6500000000000004,-4.5375000000000005,-1.65,50000,5761,0.11522
10034,1.6500000000000004,-4.5375000000000005,-1.2374999999999998,50000,5951,0.11902
10035,1.6500000000000004,-4.5375000000000005,-0.8250000000000002,50000,5867,0.11734
10036,1.6500000000000004,-4.5375000000000005,-0.4124999999999996,50000,5833,0.11666
10037,1.6500000000000004,-4.5375000000000005,0.0,50000,5764,0.11528
10038,1.6500000000000004,-4.5375000000000005,0.4125000000000005,50000,6016,0.12032
10039,1.6500000000000004,-4.5375000000000005,0.8250000000000002,50000,5889,0.11778
10040,1.6500000000000004,-4.5375000000000005,1.2375000000000007,50000,5902,0.11804
10041,1.6500000000000004,-4.5375000000000005,1.6500000000000004,50000,5830,0.1166
10042,1.6500000000000004,-4.5375000000000005,2.0625,50000,5942,0.11884
10043,1.6500000000000004,-4.5375000000000005,2.4750000000000005,50000,5798,0.11596
10044,1.6500000000000004,-4.5375000000000005,2.8875,50000,5782,0.11564
10045,1.6500000000000004,-4.5375000000000005,3.3,50000,5746,0.11492
10046,1.6500000000000004,-4.5375000000000005,3.712500000000001,50000,5611,0.11222
10047,1.6500000000000004,-4.5375000000000005,4.125000000000001,50000,5834,0.11668
10048,1.6500000000000004,-4.5375000000000005,4.5375000000000005,50000,5650,0.113
10049,1.6500000000000004,-4.5375000000000005,4.95,50000,5600,0.112
10050,1.6500000000000004,-4.125,-4.95,50000,5659,0.11318
10051,1.6500000000000004,-4.125,-4.5375000000000005,50000,5728,0.11456
10052,1.6500000000000004,-4.125,-4.125,50000,5656,0.11312
10053,1.6500000000000004,-4.125,-3.7125,50000,5802,0.11604
10054,1.6500000000000004,-4.125,-3.3,50000,5726,0.11452
10055,1.6500000000000004,-4.125,-2.8875,50000,5772,0.11544
10056,1.6500000000000004,-4.125,-2.475,50000,5847,0.11694
10057,1.6500000000000004,-4.125,-2.0625,50000,5849,0.11698
10058,1.6500000000000004,-4.125,-1.65,50000,5879,0.11758
10059,1.6500000000000004,-4.125,-1.2374999999999998,50000,5907,0.11814
10060,1.6500000000000004,-4.125,-0.8250000000000002,50000,6010,0.1202
10061,1.6500000000000004,-4.125,-0.4124999999999996,50000,5834,0.11668
10062,1.6500000000000004,-4.125,0.0,50000,5937,0.11874
10063,1.6500000000000004,-4.125,0.4125000000000005,50000,5922,0.11844
10064,1.6500000000000004,-4.125,0.8250000000000002,50000,5938,0.11876
10065,1.6500000000000004,-4.125,1.2375000000000007,50000,5832,0.11664
10066,1.6500000000000004,-4.125,1.6500000000000004,50000,5933,0.11866
10067,1.6500000000000004,-4.125,2.0625,50000,5913,0.11826
10068,1.6500000000000004,-4.125,2.4750000000000005,50000,5800,0.116
10069,1.6500000000000004,-4.125,2.8875,50000,5798,0.11596
10070,1.6500000000000004,-4.125,3.3,50000,5764,0.11528
10071,1.6500000000000004,-4.125,3.712500000000001,50000,5735,0.1147
10072,1.6500000000000004,-4.125,4.125000000000001,50000,5702,0.11404
10073,1.6500000000000004,-4.125,4.5375000000000005,50000,5733,0.11466
10074,1.6500000000000004,-4.125,4.95,50000,5675,0.1135
10075,1.6500000000000004,-3.7125,-4.95,50000,5799,0.11598
10076,1.6500000000000004,-3.7125,-4.5375000000000005,50000,5613,0.11226
10077,1.6500000000000004,-3.7125,-4.125,50000,5640,0.1128
10078,1.6500000000000004,-3.7125,-3.7125,50000,5733,0.11466
10079,1.6500000000000004,-3.7125,-3.3,50000,5798,0.11596
10080,1.6500000000000004,-3.7125,-2.8875,50000,5848,0.11696
10081,1.6500000000000004,-3.7125,-2.475,50000,5787,0.11574
10082,1.6500000000000004,-3.7125,-2.0625,50000,5852,0.11704
10083,1.6500000000000004,-3.7125,-1.65,50000,5815,0.1163
10084,1.6500000000000004,-3.7125,-1.2374999999999998,50000,5934,0.11868
10085,1.6500000000000004,-3.7125,-0.8250000000000002,50000,5817,0.11634
10086,1.6500000000000004,-3.7125,-0.4124999999999996,50000,5924,0.11848
10087,1.6500000000000004,-3.7125,0.0,50000,5923,0.11846
10088,1.6500000000000004,-3.7125,0.4125000000000005,50000,5873,0.11746
10089,1.6500000000000004,-3.7125,0.8250000000000002,50000,6015,0.1203
10090,1.6500000000000004,-3.7125,1.2375000000000007,50000,5814,0.11628
10091,1.6500000000000004,-3.7125,1.6500000000000004,50000,5874,0.11748
10092,1.6500000000000004,-3.7125,2.0625,50000,5800,0.116
10093,1.6500000000000004,-3.7125,2.4750000000000005,50000,5713,0.11426
10094,1.6500000000000004,-3.7125,2.8875,50000,5669,0.11338
10095,1.6500000000000004,-3.7125,3.3,50000,5867,0.11734
10096,1.6500000000000004,-3.7125,3.712500000000001,50000,5600,0.112
10097,1.6500000000000004,-3.7125,4.125000000000001,50000,5689,0.11378
10098,1.6500000000000004,-3.7125,4.5375000000000005,50000,5715,0.1143
10099,1.6500000000000004,-3.7125,4.95,50000,5604,0.11208
10100,1.6500000000000004,-3.3,-4.95,50000,5763,0.11526
10101,1.6500000000000004,-3.3,-4.5375000000000005,50000,5699,0.11398
10102,1.6500000000000004,-3.3,-4.125,50000,5680,0.1136
10103,1.6500000000000004,-3.3,-3.7125,50000,5784,0.11568
10104,1.6500000000000004,-3.3,-3.3,50000,5660,0.1132
10105,1.6500000000000004,-3.3,-2.8875,50000,5838,0.11676
10106,1.6500000000000004,-3.3,-2.475,50000,5855,0.1171
10107,1.6500000000000004,-3.3,-2.0625,50000,5707,0.11414
10108,1.6500000000000004,-3.3,-1.65,50000,5854,0.11708
10109,1.6500000000000004,-3.3,-1.2374999999999998,50000,5963,0.11926
10110,1.6500000000000004,-3.3,-0.8250000000000002,50000,5885,0.1177
10111,1.6500000000000004,-3.3,-0.4124999999999996,50000,5963,0.11926
10112,1.6500000000000004,-3.3,0.0,50000,5790,0.1158
10113,1.6500000000000004,-3.3,0.4125000000000005,50000,6009,0.12018
10114,1.6500000000000004,-3.3,0.8250000000000002,50000,5991,0.11982
10115,1.6500000000000004,-3.3,1.2375000000000007,50000,5868,0.11736
10116,1.6500000000000004,-3.3,1.6500000000000004,50000,5830,0.1166
10117,1.6500000000000004,-3.3,2.0625,50000,5688,0.11376
10118,1.6500000000000004,-3.3,2.4750000000000005,50000,5802,0.11604
10119,1.6500000000000004,-3.3,2.8875,50000,5813,0.11626
10120,1.6500000000000004,-3.3,3.3,50000,5757,0.11514
10121,1.6500000000000004,-3.3,3.712500000000001,50000,5630,0.1126
10122,1.6500000000000004,-3.3,4.125000000000001,50000,5726,0.11452
10123,1.6500000000000004,-3.3,4.5375000000000005,50000,5832,0.11664
10124,1.6500000000000004,-3.3,4.95,50000,5813,0.11626
10125,1.6500000000000004,-2.8875,-4.95,50000,5763,0.11526
10126,1.6500000000000004,-2.8875,-4.5375000000000005,50000,5737,0.11474
10127,1.6500000000000004,-2.8875,-4.125,50000,5718,0.11436
10128,1.6500000000000004,-2.8875,-3.7125,50000,5774,0.11548
10129,1.6500000000000004,-2.8875,-3.3,50000,5671,0.11342
10130,1.6500000000000004,-2.8875,-2.8875,50000,5865,0.1173
10131,1.6500000000000004,-2.8875,-2.475,50000,5799,0.11598
10132,1.6500000000000004,-2.8875,-2.0625,50000,5911,0.11822
10133,1.6500000000000004,-2.8875,-1.65,50000,5895,0.1179
10134,1.6500000000000004,-2.8875,-1.2374999999999998,50000,6008,0.12016
10135,1.6500000000000004,-2.8875,-0.8250000000000002,50000,5811,0.11622
10136,1.6500000000000004,-2.8875,-0.4124999999999996,50000,5987,0.11974
10137,1.6500000000000004,-2.8875,0.0,50000,5865,0.1173
10138,1.6500000000000004,-2.8875,0.4125000000000005,50000,5978,0.11956
10139,1.6500000000000004,-2.8875,0.8250000000000002,50000,5882,0.11764
10140,1.6500000000000004,-2.8875,1.2375000000000007,50000,5786,0.11572
10141,1.6500000000000004,-2.8875,1.6500000000000004,50000,5819,0.11638
10142,1.6500000000000004,-2.8875,2.0625,50000,5960,0.1192
10143,1.6500000000000004,-2.8875,2.4750000000000005,50000,5911,0.11822
10144,1.6500000000000004,-2.8875,2.8875,50000,5819,0.11638
10145,1.6500000000000004,-2.8875,3.3,50000,5882,0.11764
10146,1.6500000000000004,-2.8875,3.712500000000001,50000,5906,0.11812
10147,1.6500000000000004,-2.8875,4.125000000000001,50000,5652,0.11304
10148,1.6500000000000004,-2.8875,4.5375000000000005,50000,5793,0.11586
10149,1.6500000000000004,-2.8875,4.95,50000,5659,0.11318
10150,1.6500000000000004,-2.475,-4.95,50000,5724,0.11448
10151,1.6500000000000004,-2.475,-4.5375000000000005,50000,5780,0.1156
10152,1.6500000000000004,-2.475,-4.125,50000,5639,0.11278
10153,1.6500000000000004,-2.475,-3.7125,50000,5698,0.11396
10154,1.6500000000000004,-2.475,-3.3,50000,5805,0.1161
10155,1.6500000000000004,-2.475,-2.8875,50000,5876,0.11752
10156,1.6500000000000004,-2.475,-2.475,50000,5960,0.1192
10157,1.6500000000000004,-2.475,-2.0625,50000,5954,0.11908
10158,1.6500000000000004,-2.475,-1.65,50000,5974,0.11948
10159,1.6500000000000004,-2.475,-1.2374999999999998,50000,5889,0.11778
10160,1.6500000000000004,-2.475,-0.8250000000000002,50000,6055,0.1211
10161,1.6500000000000004,-2.475,-0.4124999999999996,50000,5849,0.11698
10162,1.6500000000000004,-2.475,0.0,50000,5903,0.11806
10163,1.6500000000000004,-2.475,0.4125000000000005,50000,5972,0.11944
10164,1.6500000000000004,-2.475,0.8250000000000002,50000,5927,0.11854
10165,1.6500000000000004,-2.475,1.2375000000000007,50000,6008,0.12016
10166,1.6500000000000004,-2.475,1.6500000000000004,50000,5975,0.1195
10167,1.6500000000000004,-2.475,2.0625,50000,5879,0.11758
10168,1.6500000000000004,-2.475,2.4750000000000005,50000,5948,0.11896
10169,1.6500000000000004,-2.475,2.8875,50000,5907,0.11814
10170,1.6500000000000004,-2.475,3.3,50000,5771,0.11542
10171,1.6500000000000004,-2.475,3.712500000000001,50000,5871,0.11742
10172,1.6500000000000004,-2.475,4.125000000000001,50000,5807,0.11614
10173,1.6500000000000004,-2.475,4.5375000000000005,50000,5955,0.1191
10174,1.6500000000000004,-2.475,4.95,50000,5725,0.1145
10175,1.6500000000000004,-2.0625,-4.95,50000,5822,0.11644
10176,1.6500000000000004,-2.0625,-4.5375000000000005,50000,5900,0.118
10177,1.6500000000000004,-2.0625,-4.125,50000,5943,0.11886
10178,1.6500000000000004,-2.0625,-3.7125,50000,5843,0.11686
10179,1.6500000000000004,-2.0625,-3.3,50000,5872,0.11744
10180,1.6500000000000004,-2.0625,-2.8875,50000,5953,0.11906
10181,1.6500000000000004,-2.0625,-2.475,50000,5982,0.11964
10182,1.6500000000000004,-2.0625,-2.0625,50000,5984,0.11968
10183,1.6500000000000004,-2.0625,-1.65,50000,5990,0.1198
10184,1.6500000000000004,-2.0625,-1.2374999999999998,50000,5915,0.1183
10185,1.6500000000000004,-2.0625,-0.8250000000000002,50000,5967,0.11934
10186,1.6500000000000004,-2.0625,-0.4124999999999996,50000,5935,0.1187
10187,1.6500000000000004,-2.0625,0.0,50000,5971,0.11942
10188,1.6500000000000004,-2.0625,0.4125000000000005,50000,5935,0.1187
10189,1.6500000000000004,-2.0625,0.8250000000000002,50000,5933,0.11866
10190,1.6500000000000004,-2.0625,1.2375000000000007,50000,5903,0.11806
10191,1.6500000000000004,-2.0625,1.6500000000000004,50000,5924,0.11848
10192,1.6500000000000004,-2.0625,2.0625,50000,6026,0.12052
10193,1.6500000000000004,-2.0625,2.4750000000000005,50000,5805,0.1161
10194,1.6500000000000004,-2.0625,2.8875,50000,5911,0.11822
10195,1.6500000000000004,-2.0625,3.3,50000,5867,0.11734
10196,1.6500000000000004,-2.0625,3.712500000000001,50000,5757,0.11514
10197,1.6500000000000004,-2.0625,4.125000000000001,50000,5853,0.11706
10198,1.6500000000000004,-2.0625,4.5375000000000005,50000,5812,0.11624
10199,1.6500000000000004,-2.0625,4.95,50000,5687,0.11374
10200,1.6500000000000004,-1.65,-4.95,50000,5960,0.1192
10201,1.6500000000000004,-1.65,-4.5375000000000005,50000,5873,0.11746
10202,1.6500000000000004,-1.65,-4.125,50000,5978,0.11956
10203,1.6500000000000004,-1.65,-3.7125,50000,5963,0.11926
10204,1.6500000000000004,-1.65,-3.3,50000,5985,0.1197
10205,1.6500000000000004,-1.65,-2.8875,50000,5932,0.11864
10206,1.6500000000000004,-1.65,-2.475,50000,6017,0.12034
10207,1.6500000000000004,-1.65,-2.0625,50000,5970,0.1194
10208,1.6500000000000004,-1.65,-1.65,50000,6072,0.12144
10209,1.6500000000000004,-1.65,-1.2374999999999998,50000,5985,0.1197
10210,1.6500000000000004,-1.65,-0.8250000000000002,50000,5987,0.11974
10211,1.6500000000000004,-1.65,-0.4124999999999996,50000,6140,0.1228
10212,1.6500000000000004,-1.65,0.0,50000,6085,0.1217
10213,1.6500000000000004,-1.65,0.4125000000000005,50000,6122,0.12244
10214,1.6500000000000004,-1.65,0.8250000000000002,50000,6116,0.12232
10215,1.6500000000000004,-1.65,1.2375000000000007,50000,6000,0.12
10216,1.6500000000000004,-1.65,1.6500000000000004,50000,5943,0.11886
10217,1.6500000000000004,-1.65,2.0625,50000,6027,0.12054
10218,1.6500000000000004,-1.65,2.4750000000000005,50000,6029,0.12058
10219,1.6500000000000004,-1.65,2.8875,50000,6159,0.12318
10220,1.6500000000000004,-1.65,3.3,50000,5972,0.11944
10221,1.6500000000000004,-1.65,3.712500000000001,50000,5923,0.11846
10222,1.6500000000000004,-1.65,4.125000000000001,50000,5843,0.11686
10223,1.6500000000000004,-1.65,4.5375000000000005,50000,5926,0.11852
10224,1.6500000000000004,-1.65,4.95,50000,5825,0.1165
10225,1.6500000000000004,-1.2374999999999998,-4.95,50000,5921,0.11842
10226,1.6500000000000004,-1.2374999999999998,-4.5375000000000005,50000,5804,0.11608
10227,1.6500000000000004,-1.2374999999999998,-4.125,50000,5878,0.11756
10228,1.6500000000000004,-1.2374999999999998,-3.7125,50000,6048,0.12096
10229,1.6500000000000004,-1.2374999999999998,-3.3,50000,5993,0.11986
10230,1.6500000000000004,-1.2374999999999998,-2.8875,50000,5961,0.11922
10231,1.6500000000000004,-1.2374999999999998,-2.475,50000,6000,0.12
10232,1.6500000000000004,-1.2374999999999998,-2.0625,50000,5905,0.1181
10233,1.6500000000000004,-1.2374999999999998,-1.65,50000,6222,0.12444
10234,1.6500000000000004,-1.2374999999999998,-1.2374999999999998,50000,6138,0.12276
10235,1.6500000000000004,-1.2374999999999998,-0.8250000000000002,50000,6022,0.12044
10236,1.6500000000000004,-1.2374999999999998,-0.4124999999999996,50000,6088,0.12176
10237,1.6500000000000004,-1.2374999999999998,0.0,50000,6098,0.12196
10238,1.6500000000000004,-1.2374999999999998,0.4125000000000005,50000,6313,0.12626
10239,1.6500000000000004,-1.2374999999999998,0.8250000000000002,50000,6006,0.12012
10240,1.6500000000000004,-1.2374999999999998,1.2375000000000007,50000,6106,0.12212
10241,1.6500000000000004,-1.2374999999999998,1.6500000000000004,50000,6044,0.12088
10242,1.6500000000000004,-1.2374999999999998,2.0625,50000,6042,0.12084
10243,1.6500000000000004,-1.2374999999999998,2.4750000000000005,50000,6267,0.12534
10244,1.6500000000000004,-1.2374999999999998,2.8875,50000,6072,0.12144
10245,1.6500000000000004,-1.2374999999999998,3.3,50000,5950,0.119
10246,1.6500000000000004,-1.2374999999999998,3.712500000000001,50000,6017,0.12034
10247,1.6500000000000004,-1.2374999999999998,4.125000000000001,50000,5885,0.1177
10248,1.6500000000000004,-1.2374999999999998,4.5375000000000005,50000,5880,0.1176
10249,1.6500000000000004,-1.2374999999999998,4.95,50000,5785,0.1157
10250,1.6500000000000004,-0.8250000000000002,-4.95,50000,5940,0.1188
10251,1.6500000000000004,-0.8250000000000002,-4.5375000000000005,50000,6028,0.12056
10252,1.6500000000000004,-0.8250000000000002,-4.125,50000,6199,0.12398
10253,1.6500000000000004,-0.8250000000000002,-3.7125,50000,6068,0.12136
10254,1.6500000000000004,-0.8250000000000002,-3.3,50000,6056,0.12112
10255,1.6500000000000004,-0.8250000000000002,-2.8875,50000,6095,0.1219
10256,1.6500000000000004,-0.8250000000000002,-2.475,50000,6123,0.12246
10257,1.6500000000000004,-0.8250000000000002,-2.0625,50000,6041,0.12082
10258,1.6500000000000004,-0.8250000000000002,-1.65,50000,6224,0.12448
10259,1.6500000000000004,-0.8250000000000002,-1.2374999999999998,50000,6246,0.12492
10260,1.6500000000000004,-0.8250000000000002,-0.8250000000000002,50000,6253,0.12506
10261,1.6500000000000004,-0.8250000000000002,-0.4124999999999996,50000,6261,0.12522
10262,1.6500000000000004,-0.8250000000000002,0.0,50000,6069,0.12138
10263,1.6500000000000004,-0.8250000000000002,0.4125000000000005,50000,6181,0.12362
10264,1.6500000000000004,-0.8250000000000002,0.8250000000000002,50000,6283,0.12566
10265,1.6500000000000004,-0.8250000000000002,1.2375000000000007,50000,6259,0.12518
10266,1.6500000000000004,-0.8250000000000002,1.6500000000000004,50000,6144,0.12288
10267,1.6500000000000004,-0.8250000000000002,2.0625,50000,6085,0.1217
10268,1.6500000000000004,-0.8250000000000002,2.4750000000000005,50000,6009,0.12018
10269,1.6500000000000004,-0.8250000000000002,2.8875,50000,6108,0.12216
10270,1.6500000000000004,-0.8250000000000002,3.3,50000,5962,0.11924
10271,1.6500000000000004,-0.8250000000000002,3.712500000000001,50000,5951,0.11902
10272,1.6500000000000004,-0.8250000000000002,4.125000000000001,50000,6060,0.1212
10273,1.6500000000000004,-0.8250000000000002,4.5375000000000005,50000,6044,0.12088
10274,1.6500000000000004,-0.8250000000000002,4.95,50000,5990,0.1198
10275,1.6500000000000004,-0.4124999999999996,-4.95,50000,6112,0.12224
10276,1.6500000000000004,-0.4124999999999996,-4.5375000000000005,50000,5862,0.11724
10277,1.6500000000000004,-0.4124999999999996,-4.125,50000,6026,0.12052
10278,1.6500000000000004,-0.4124999999999996,-3.7125,50000,5916,0.11832
10279,1.6500000000000004,-0.4124999999999996,-3.3,50000,6152,0.12304
10280,1.6500000000000004,-0.4124999999999996,-2.8875,50000,6092,0.12184
10281,1.6500000000000004,-0.4124999999999996,-2.475,50000,6125,0.1225
10282,1.6500000000000004,-0.4124999999999996,-2.0625,50000,6267,0.12534
10283,1.6500000000000004,-0.4124999999999996,-1.65,50000,6139,0.12278
10284,1.6500000000000004,-0.4124999999999996,-1.2374999999999998,50000,6369,0.12738
10285,1.6500000000000004,-0.4124999999999996,-0.8250000000000002,50000,6310,0.1262
10286,1.6500000000000004,-0.4124999999999996,-0.4124999999999996,50000,6210,0.1242
10287,1.6500000000000004,-0.4124999999999996,0.0,50000,6201,0.12402
10288,1.6500000000000004,-0.4124999999999996,0.4125000000000005,50000,6227,0.12454
10289,1.6500000000000004,-0.4124999999999996,0.8250000000000002,50000,6360,0.1272
10290,1.6500000000000004,-0.4124999999999996,1.2375000000000007,50000,6161,0.12322
10291,1.6500000000000004,-0.4124999999999996,1.6500000000000004,50000,6231,0.12462
10292,1.6500000000000004,-0.4124999999999996,2.0625,50000,6269,0.12538
10293,1.6500000000000004,-0.4124999999999996,2.4750000000000005,50000,6032,0.12064
10294,1.6500000000000004,-0.4124999999999996,2.8875,50000,6179,0.12358
10295,1.6500000000000004,-0.4124999999999996,3.3,50000,5958,0.11916
10296,1.6500000000000004,-0.4124999999999996,3.712500000000001,50000,6036,0.12072
10297,1.6500000000000004,-0.4124999999999996,4.125000000000001,50000,6063,0.12126
10298,1.6500000000000004,-0.4124999999999996,4.5375000000000005,50000,6027,0.12054
10299,1.6500000000000004,-0.4124999999999996,4.95,50000,6080,0.1216
10300,1.6500000000000004,0.0,-4.95,50000,6049,0.12098
10301,1.6500000000000004,0.0,-4.5375000000000005,50000,5989,0.11978
10302,1.6500000000000004,0.0,-4.125,50000,6058,0.12116
10303,1.6500000000000004,0.0,-3.7125,50000,6018,0.12036
10304,1.6500000000000004,0.0,-3.3,50000,6040,0.1208
10305,1.6500000000000004,0.0,-2.8875,50000,6056,0.12112
10306,1.6500000000000004,0.0,-2.475,50000,6371,0.12742
10307,1.6500000000000004,0.0,-2.0625,50000,6277,0.12554
10308,1.6500000000000004,0.0,-1.65,50000,6381,0.12762
10309,1.6500000000000004,0.0,-1.2374999999999998,50000,6412,0.12824
10310,1.6500000000000004,0.0,-0.8250000000000002,50000,6375,0.1275
10311,1.6500000000000004,0.0,-0.4124999999999996,50000,6398,0.12796
10312,1.6500000000000004,0.0,0.0,50000,6403,0.12806
10313,1.6500000000000004,0.0,0.4125000000000005,50000,6355,0.1271
10314,1.6500000000000004,0.0,0.8250000000000002,50000,6456,0.12912
10315,1.6500000000000004,0.0,1.2375000000000007,50000,6365,0.1273
10316,1.6500000000000004,0.0,1.6500000000000004,50000,6127,0.12254
10317,1.6500000000000004,0.0,2.0625,50000,6233,0.12466
10318,1.6500000000000004,0.0,2.4750000000000005,50000,6276,0.12552
10319,1.6500000000000004,0.0,2.8875,50000,6209,0.12418
10320,1.6500000000000004,0.0,3.3,50000,6015,0.1203
10321,1.6500000000000004,0.0,3.712500000000001,50000,6176,0.12352
10322,1.6500000000000004,0.0,4.125000000000001,50000,5978,0.11956
10323,1.6500000000000004,0.0,4.5375000000000005,50000,6005,0.1201
10324,1.6500000000000004,0.0,4.95,50000,6094,0.12188
10325,1.6500000000000004,0.4125000000000005,-4.95,50000,6241,0.12482
10326,1.6500000000000004,0.4125000000000005,-4.5375000000000005,50000,6165,0.1233
10327,1.6500000000000004,0.4125000000000005,-4.125,50000,6014,0.12028
10328,1.6500000000000004,0.4125000000000005,-3.7125,50000,6059,0.12118
10329,1.6500000000000004,0.4125000000000005,-3.3,50000,6167,0.12334
10330,1.6500000000000004,0.4125000000000005,-2.8875,50000,6266,0.12532
10331,1.6500000000000004,0.4125000000000005,-2.475,50000,6338,0.12676
10332,1.6500000000000004,0.4125000000000005,-2.0625,50000,6353,0.12706
10333,1.6500000000000004,0.4125000000000005,-1.65,50000,6411,0.12822
10334,1.6500000000000004,0.4125000000000005,-1.2374999999999998,50000,6512,0.13024
10335,1.6500000000000004,0.4125000000000005,-0.8250000000000002,50000,6499,0.12998
10336,1.6500000000000004,0.4125000000000005,-0.4124999999999996,50000,6594,0.13188
10337,1.6500000000000004,0.4125000000000005,0.0,50000,6552,0.13104
10338,1.6500000000000004,0.4125000000000005,0.4125000000000005,50000,6665,0.1333
10339,1.6500000000000004,0.4125000000000005,0.8250000000000002,50000,6599,0.13198
10340,1.6500000000000004,0.4125000000000005,1.2375000000000007,50000,6549,0.13098
10341,1.6500000000000004,0.4125000000000005,1.6500000000000004,50000,6491,0.12982
10342,1.6500000000000004,0.4125000000000005,2.0625,50000,6557,0.13114
10343,1.6500000000000004,0.4125000000000005,2.4750000000000005,50000,6333,0.12666
10344,1.6500000000000004,0.4125000000000005,2.8875,50000,6252,0.12504
10345,1.6500000000000004,0.4125000000000005,3.3,50000,6173,0.12346
10346,1.6500000000000004,0.4125000000000005,3.712500000000001,50000,6108,0.12216
10347,1.6500000000000004,0.4125000000000005,4.125000000000001,50000,6052,0.12104
10348,1.6500000000000004,0.4125000000000005,4.5375000000000005,50000,6127,0.12254
10349,1.6500000000000004,0.4125000000000005,4.95,50000,6034,0.12068
10350,1.6500000000000004,0.8250000000000002,-4.95,50000,6234,0.12468
10351,1.6500000000000004,0.8250000000000002,-4.5375000000000005,50000,6214,0.12428
10352,1.6500000000000004,0.8250000000000002,-4.125,50000,6214,0.12428
10353,1.6500000000000004,0.8250000000000002,-3.7125,50000,6251,0.12502
10354,1.6500000000000004,0.8250000000000002,-3.3,50000,6213,0.12426
10355,1.6500000000000004,0.8250000000000002,-2.8875,50000,6407,0.12814
10356,1.6500000000000004,0.8250000000000002,-2.475,50000,6447,0.12894
10357,1.6500000000000004,0.8250000000000002,-2.0625,50000,6521,0.13042
10358,1.6500000000000004,0.8250000000000002,-1.65,50000,6610,0.1322
10359,1.6500000000000004,0.8250000000000002,-1.2374999999999998,50000,6705,0.1341
10360,1.6500000000000004,0.8250000000000002,-0.8250000000000002,50000,6764,0.13528
10361,1.6500000000000004,0.8250000000000002,-0.4124999999999996,50000,6729,0.13458
10362,1.6500000000000004,0.8250000000000002,0.0,50000,6652,0.13304
10363,1.6500000000000004,0.8250000000000002,0.4125000000000005,50000,6823,0.13646
10364,1.6500000000000004,0.8250000000000002,0.8250000000000002,50000,6689,0.13378
10365,1.6500000000000004,0.8250000000000002,1.2375000000000007,50000,6536,0.13072
10366,1.6500000000000004,0.8250000000000002,1.6500000000000004,50000,6556,0.13112
10367,1.6500000000000004,0.8250000000000002,2.0625,50000,6597,0.13194
10368,1.6500000000000004,0.8250000000000002,2.4750000000000005,50000,6329,0.12658
10369,1.6500000000000004,0.8250000000000002,2.8875,50000,6404,0.12808
10370,1.6500000000000004,0.8250000000000002,3.3,50000,6285,0.1257
10371,1.6500000000000004,0.8250000000000002,3.712500000000001,50000,6191,0.12382
10372,1.6500000000000004,0.8250000000000002,4.125000000000001,50000,6150,0.123
10373,1.6500000000000004,0.8250000000000002,4.5375000000000005,50000,6102,0.12204
10374,1.6500000000000004,0.8250000000000002,4.95,50000,6242,0.12484
10375,1.6500000000000004,1.2375000000000007,-4.95,50000,6236,0.12472
10376,1.6500000000000004,1.2375000000000007,-4.5375000000000005,50000,6170,0.1234
10377,1.6500000000000004,1.2375000000000007,-4.125,50000,6216,0.12432
10378,1.6500000000000004,1.2375000000000007,-3.7125,50000,6104,0.12208
10379,1.6500000000000004,1.2375000000000007,-3.3,50000,6246,0.12492
10380,1.6500000000000004,1.2375000000000007,-2.8875,50000,6514,0.13028
10381,1.6500000000000004,1.2375000000000007,-2.475,50000,6460,0.1292
10382,1.6500000000000004,1.2375000000000007,-2.0625,50000,6580,0.1316
10383,1.6500000000000004,1.2375000000000007,-1.65,50000,6717,0.13434
10384,1.6500000000000004,1.2375000000000007,-1.2374999999999998,50000,6757,0.13514
10385,1.6500000000000004,1.2375000000000007,-0.8250000000000002,50000,6788,0.13576
10386,1.6500000000000004,1.2375000000000007,-0.4124999999999996,50000,7002,0.14004
10387,1.6500000000000004,1.2375000000000007,0.0,50000,6929,0.13858
10388,1.6500000000000004,1.2375000000000007,0.4125000000000005,50000,7109,0.14218
10389,1.6500000000000004,1.2375000000000007,0.8250000000000002,50000,6970,0.1394
10390,1.6500000000000004,1.2375000000000007,1.2375000000000007,50000,6772,0.13544
10391,1.6500000000000004,1.2375000000000007,1.6500000000000004,50000,6674,0.13348
10392,1.6500000000000004,1.2375000000000007,2.0625,50000,6804,0.13608
10393,1.6500000000000004,1.2375000000000007,2.4750000000000005,50000,6490,0.1298
10394,1.6500000000000004,1.2375000000000007,2.8875,50000,6321,0.12642
10395,1.6500000000000004,1.2375000000000007,3.3,50000,6264,0.12528
10396,1.6500000000000004,1.2375000000000007,3.712500000000001,50000,6207,0.12414
10397,1.6500000000000004,1.2375000000000007,4.125000000000001,50000,6205,0.1241
10398,1.6500000000000004,1.2375000000000007,4.5375000000000005,50000,6071,0.12142
10399,1.6500000000000004,1.2375000000000007,4.95,50000,6176,0.12352
10400,1.6500000000000004,1.6500000000000004,-4.95,50000,6189,0.12378
10401,1.6500000000000004,1.6500000000000004,-4.5375000000000005,50000,6175,0.1235
10402,1.6500000000000004,1.6500000000000004,-4.125,50000,6176,0.12352
10403,1.6500000000000004,1.6500000000000004,-3.7125,50000,6209,0.12418
10404,1.6500000000000004,1.6500000000000004,-3.3,50000,6307,0.12614
10405,1.6500000000000004,1.6500000000000004,-2.8875,50000,6469,0.12938
10406,1.6500000000000004,1.6500000000000004,-2.475,50000,6723,0.13446
10407,1.6500000000000004,1.6500000000000004,-2.0625,50000,6764,0.13528
10408,1.6500000000000004,1.6500000000000004,-1.65,50000,6943,0.13886
10409,1.6500000000000004,1.6500000000000004,-1.2374999999999998,50000,7018,0.14036
10410,1.6500000000000004,1.6500000000000004,-0.8250000000000002,50000,7140,0.1428
10411,1.6500000000000004,1.6500000000000004,-0.4124999999999996,50000,7261,0.14522
10412,1.6500000000000004,1.6500000000000004,0.0,50000,7291,0.14582
10413,1.6500000000000004,1.6500000000000004,0.4125000000000005,50000,7188,0.14376
10414,1.6500000000000004,1.6500000000000004,0.8250000000000002,50000,7058,0.14116
10415,1.6500000000000004,1.6500000000000004,1.2375000000000007,50000,7015,0.1403
10416,1.6500000000000004,1.6500000000000004,1.6500000000000004,50000,7048,0.14096
10417,1.6500000000000004,1.6500000000000004,2.0625,50000,6834,0.13668
10418,1.6500000000000004,1.6500000000000004,2.4750000000000005,50000,6624,0.13248
10419,1.6500000000000004,1.6500000000000004,2.8875,50000,6568,0.13136
10420,1.6500000000000004,1.6500000000000004,3.3,50000,6526,0.13052
10421,1.6500000000000004,1.6500000000000004,3.712500000000001,50000,6216,0.12432
10422,1.6500000000000004,1.6500000000000004,4.125000000000001,50000,6352,0.12704
10423,1.6500000000000004,1.6500000000000004,4.5375000000000005,50000,6181,0.12362
10424,1.6500000000000004,1.6500000000000004,4.95,50000,6316,0.12632
10425,1.6500000000000004,2.0625,-4.95,50000,6177,0.12354
10426,1.6500000000000004,2.0625,-4.5375000000000005,50000,6207,0.12414
10427,1.6500000000000004,2.0625,-4.125,50000,6162,0.12324
10428,1.6500000000000004,2.0625,-3.7125,50000,6266,0.12532
10429,1.6500000000000004,2.0625,-3.3,50000,6544,0.13088
10430,1.6500000000000004,2.0625,-2.8875,50000,6648,0.13296
10431,1.6500000000000004,2.0625,-2.475,50000,6833,0.13666
10432,1.6500000000000004,2.0625,-2.0625,50000,6973,0.13946
10433,1.6500000000000004,2.0625,-1.65,50000,7373,0.14746
10434,1.6500000000000004,2.0625,-1.2374999999999998,50000,7354,0.14708
10435,1.6500000000000004,2.0625,-0.8250000000000002,50000,7381,0.14762
10436,1.6500000000000004,2.0625,-0.4124999999999996,50000,7559,0.15118
10437,1.6500000000000004,2.0625,0.0,50000,7611,0.15222
10438,1.6500000000000004,2.0625,0.4125000000000005,50000,7511,0.15022
10439,1.6500000000000004,2.0625,0.8250000000000002,50000,7523,0.15046
10440,1.6500000000000004,2.0625,1.2375000000000007,50000,7460,0.1492
10441,1.6500000000000004,2.0625,1.6500000000000004,50000,7233,0.14466
10442,1.6500000000000004,2.0625,2.0625,50000,7207,0.14414
10443,1.6500000000000004,2.0625,2.4750000000000005,50000,6913,0.13826
10444,1.6500000000000004,2.0625,2.8875,50000,6646,0.13292
10445,1.6500000000000004,2.0625,3.3,50000,6378,0.12756
10446,1.6500000000000004,2.0625,3.712500000000001,50000,6479,0.12958
10447,1.6500000000000004,2.0625,4.125000000000001,50000,6022,0.12044
10448,1.6500000000000004,2.0625,4.5375000000000005,50000,6089,0.12178
10449,1.6500000000000004,2.0625,4.95,50000,6243,0.12486
10450,1.6500000000000004,2.4750000000000005,-4.95,50000,6061,0.12122
10451,1.6500000000000004,2.4750000000000005,-4.5375000000000005,50000,6026,0.12052
10452,1.6500000000000004,2.4750000000000005,-4.125,50000,6153,0.12306
10453,1.6500000000000004,2.4750000000000005,-3.7125,50000,6269,0.12538
10454,1.6500000000000004,2.4750000000000005,-3.3,50000,6527,0.13054
10455,1.6500000000000004,2.4750000000000005,-2.8875,50000,6796,0.13592
10456,1.6500000000000004,2.4750000000000005,-2.475,50000,6982,0.13964
10457,1.6500000000000004,2.4750000000000005,-2.0625,50000,7376,0.14752
10458,1.6500000000000004,2.4750000000000005,-1.65,50000,7586,0.15172
10459,1.6500000000000004,2.4750000000000005,-1.2374999999999998,50000,7877,0.15754
10460,1.6500000000000004,2.4750000000000005,-0.8250000000000002,50000,7743,0.15486
10461,1.6500000000000004,2.4750000000000005,-0.4124999999999996,50000,7950,0.159
10462,1.6500000000000004,2.4750000000000005,0.0,50000,8004,0.16008
10463,1.6500000000000004,2.4750000000000005,0.4125000000000005,50000,7914,0.15828
10464,1.6500000000000004,2.4750000000000005,0.8250000000000002,50000,7817,0.15634
10465,1.6500000000000004,2.4750000000000005,1.2375000000000007,50000,7655,0.1531
10466,1.6500000000000004,2.4750000000000005,1.6500000000000004,50000,7695,0.1539
10467,1.6500000000000004,2.4750000000000005,2.0625,50000,7267,0.14534
10468,1.6500000000000004,2.4750000000000005,2.4750000000000005,50000,7067,0.14134
10469,1.6500000000000004,2.4750000000000005,2.8875,50000,6772,0.13544
10470,1.6500000000000004,2.4750000000000005,3.3,50000,6424,0.12848
10471,1.6500000000000004,2.4750000000000005,3.712500000000001,50000,6367,0.12734
10472,1.6500000000000004,2.4750000000000005,4.125000000000001,50000,6181,0.12362
10473,1.6500000000000004,2.4750000000000005,4.5375000000000005,50000,6078,0.12156
10474,1.6500000000000004,2.4750000000000005,4.95,50000,6001,0.12002
10475,1.6500000000000004,2.8875,-4.95,50000,5928,0.11856
10476,1.6500000000000004,2.8875,-4.5375000000000005,50000,5990,0.1198
10477,1.6500000000000004,2.8875,-4.125,50000,6105,0.1221
10478,1.6500000000000004,2.8875,-3.7125,50000,6120,0.1224
10479,1.6500000000000004,2.8875,-3.3,50000,6553,0.13106
10480,1.6500000000000004,2.8875,-2.8875,50000,7038,0.14076
10481,1.6500000000000004,2.8875,-2.475,50000,7224,0.14448
10482,1.6500000000000004,2.8875,-2.0625,50000,7517,0.15034
10483,1.6500000000000004,2.8875,-1.65,50000,7910,0.1582
10484,1.6500000000000004,2.8875,-1.2374999999999998,50000,8236,0.16472
10485,1.6500000000000004,2.8875,-0.8250000000000002,50000,8390,0.1678
10486,1.6500000000000004,2.8875,-0.4124999999999996,50000,8287,0.16574
10487,1.6500000000000004,2.8875,0.0,50000,8395,0.1679
10488,1.6500000000000004,2.8875,0.4125000000000005,50000,8429,0.16858
10489,1.6500000000000004,2.8875,0.8250000000000002,50000,8547,0.17094
10490,1.6500000000000004,2.8875,1.2375000000000007,50000,8175,0.1635
10491,1.6500000000000004,2.8875,1.6500000000000004,50000,7956,0.15912
10492,1.6500000000000004,2.8875,2.0625,50000,7657,0.15314
10493,1.6500000000000004,2.8875,2.4750000000000005,50000,7412,0.14824
10494,1.6500000000000004,2.8875,2.8875,50000,6854,0.13708
10495,1.6500000000000004,2.8875,3.3,50000,6576,0.13152
10496,1.6500000000000004,2.8875,3.712500000000001,50000,6185,0.1237
10497,1.6500000000000004,2.8875,4.125000000000001,50000,5963,0.11926
10498,1.6500000000000004,2.8875,4.5375000000000005,50000,5914,0.11828
10499,1.6500000000000004,2.8875,4.95,50000,5870,0.1174
10500,1.6500000000000004,3.3,-4.95,50000,5586,0.11172
10501,1.6500000000000004,3.3,-4.5375000000000005,50000,5644,0.11288
10502,1.6500000000000004,3.3,-4.125,50000,5699,0.11398
10503,1.6500000000000004,3.3,-3.7125,50000,6081,0.12162
10504,1.6500000000000004,3.3,-3.3,50000,6417,0.12834
10505,1.6500000000000004,3.3,-2.8875,50000,7285,0.1457
10506,1.6500000000000004,3.3,-2.475,50000,7689,0.15378
10507,1.6500000000000004,3.3,-2.0625,50000,8201,0.16402
10508,1.6500000000000004,3.3,-1.65,50000,8585,0.1717
10509,1.6500000000000004,3.3,-1.2374999999999998,50000,8742,0.17484
10510,1.6500000000000004,3.3,-0.8250000000000002,50000,9014,0.18028
10511,1.6500000000000004,3.3,-0.4124999999999996,50000,9214,0.18428
10512,1.6500000000000004,3.3,0.0,50000,9237,0.18474
10513,1.6500000000000004,3.3,0.4125000000000005,50000,9066,0.18132
10514,1.6500000000000004,3.3,0.8250000000000002,50000,8933,0.17866
10515,1.6500000000000004,3.3,1.2375000000000007,50000,8832,0.17664
10516,1.6500000000000004,3.3,1.6500000000000004,50000,8404,0.16808
10517,1.6500000000000004,3.3,2.0625,50000,8103,0.16206
10518,1.6500000000000004,3.3,2.4750000000000005,50000,7668,0.15336
10519,1.6500000000000004,3.3,2.8875,50000,7021,0.14042
10520,1.6500000000000004,3.3,3.3,50000,6603,0.13206
10521,1.6500000000000004,3.3,3.712500000000001,50000,6059,0.12118
10522,1.6500000000000004,3.3,4.125000000000001,50000,5851,0.11702
10523,1.6500000000000004,3.3,4.5375000000000005,50000,5665,0.1133
10524,1.6500000000000004,3.3,4.95,50000,5673,0.11346
10525,1.6500000000000004,3.712500000000001,-4.95,50000,5163,0.10326
10526,1.6500000000000004,3.712500000000001,-4.5375000000000005,50000,5295,0.1059
10527,1.6500000000000004,3.712500000000001,-4.125,50000,5442,0.10884
10528,1.6500000000000004,3.712500000000001,-3.7125,50000,5843,0.11686
10529,1.6500000000000004,3.712500000000001,-3.3,50000,6676,0.13352
10530,1.6500000000000004,3.712500000000001,-2.8875,50000,7401,0.14802
10531,1.6500000000000004,3.712500000000001,-2.475,50000,8286,0.16572
10532,1.6500000000000004,3.712500000000001,-2.0625,50000,8967,0.17934
10533,1.6500000000000004,3.712500000000001,-1.65,50000,9196,0.18392
10534,1.6500000000000004,3.712500000000001,-1.2374999999999998,50000,9697,0.19394
10535,1.6500000000000004,3.712500000000001,-0.8250000000000002,50000,9992,0.19984
10536,1.6500000000000004,3.712500000000001,-0.4124999999999996,50000,9875,0.1975
10537,1.6500000000000004,3.712500000000001,0.0,50000,9787,0.19574
10538,1.6500000000000004,3.712500000000001,0.4125000000000005,50000,9891,0.19782
10539,1.6500000000000004,3.712500000000001,0.8250000000000002,50000,9769,0.19538
10540,1.6500000000000004,3.712500000000001,1.2375000000000007,50000,9677,0.19354
10541,1.6500000000000004,3.712500000000001,1.6500000000000004,50000,9353,0.18706
10542,1.6500000000000004,3.712500000000001,2.0625,50000,8790,0.1758
10543,1.6500000000000004,3.712500000000001,2.4750000000000005,50000,8186,0.16372
10544,1.6500000000000004,3.712500000000001,2.8875,50000,7232,0.14464
10545,1.6500000000000004,3.712500000000001,3.3,50000,6630,0.1326
10546,1.6500000000000004,3.712500000000001,3.712500000000001,50000,5771,0.11542
10547,1.6500000000000004,3.712500000000001,4.125000000000001,50000,5391,0.10782
10548,1.6500000000000004,3.712500000000001,4.5375000000000005,50000,5237,0.10474
10549,1.6500000000000004,3.712500000000001,4.95,50000,5176,0.10352
10550,1.6500000000000004,4.125000000000001,-4.95,50000,4666,0.09332
10551,1.6500000000000004,4.125000000000001,-4.5375000000000005,50000,4584,0.09168
10552,1.6500000000000004,4.125000000000001,-4.125,50000,4811,0.09622
10553,1.6500000000000004,4.125000000000001,-3.7125,50000,5436,0.10872
10554,1.6500000000000004,4.125000000000001,-3.3,50000,6311,0.12622
10555,1.6500000000000004,4.125000000000001,-2.8875,50000,7822,0.15644
10556,1.6500000000000004,4.125000000000001,-2.475,50000,9181,0.18362
10557,1.6500000000000004,4.125000000000001,-2.0625,50000,9942,0.19884
10558,1.6500000000000004,4.125000000000001,-1.65,50000,10692,0.21384
10559,1.6500000000000004,4.125000000000001,-1.2374999999999998,50000,10784,0.21568
10560,1.6500000000000004,4.125000000000001,-0.8250000000000002,50000,10859,0.21718
10561,1.6500000000000004,4.125000000000001,-0.4124999999999996,50000,11106,0.22212
10562,1.6500000000000004,4.125000000000001,0.0,50000,11061,0.22122
10563,1.6500000000000004,4.125000000000001,0.4125000000000005,50000,11072,0.22144
10564,1.6500000000000004,4.125000000000001,0.8250000000000002,50000,10875,0.2175
10565,1.6500000000000004,4.125000000000001,1.2375000000000007,50000,10666,0.21332
10566,1.6500000000000004,4.125000000000001,1.6500000000000004,50000,10618,0.21236
10567,1.6500000000000004,4.125000000000001,2.0625,50000,10087,0.20174
10568,1.6500000000000004,4.125000000000001,2.4750000000000005,50000,9046,0.18092
10569,1.6500000000000004,4.125000000000001,2.8875,50000,8014,0.16028
10570,1.6500000000000004,4.125000000000001,3.3,50000,6407,0.12814
10571,1.6500000000000004,4.125000000000001,3.712500000000001,50000,5390,0.1078
10572,1.6500000000000004,4.125000000000001,4.125000000000001,50000,4870,0.0974
10573,1.6500000000000004,4.125000000000001,4.5375000000000005,50000,4501,0.09002
10574,1.6500000000000004,4.125000000000001,4.95,50000,4685,0.0937
10575,1.6500000000000004,4.5375000000000005,-4.95,50000,3875,0.0775
10576,1.6500000000000004,4.5375000000000005,-4.5375000000000005,50000,3532,0.07064
10577,1.6500000000000004,4.5375000000000005,-4.125,50000,3897,0.07794
10578,1.6500000000000004,4.5375000000000005,-3.7125,50000,4407,0.08814
10579,1.6500000000000004,4.5375000000000005,-3.3,50000,5767,0.11534
10580,1.6500000000000004,4.5375000000000005,-2.8875,50000,8582,0.17164
10581,1.6500000000000004,4.5375000000000005,-2.475,50000,10798,0.21596
10582,1.6500000000000004,4.5375000000000005,-2.0625,50000,11503,0.23006
10583,1.6500000000000004,4.5375000000000005,-1.65,50000,12154,0.24308
10584,1.6500000000000004,4.5375000000000005,-1.2374999999999998,50000,12421,0.24842
10585,1.6500000000000004,4.5375000000000005,-0.8250000000000002,50000,12206,0.24412
10586,1.6500000000000004,4.5375000000000005,-0.4124999999999996,50000,12345,0.2469
10587,1.6500000000000004,4.5375000000000005,0.0,50000,12403,0.24806
10588,1.6500000000000004,4.5375000000000005,0.4125000000000005,50000,12481,0.24962
10589,1.6500000000000004,4.5375000000000005,0.8250000000000002,50000,12404,0.24808
10590,1.6500000000000004,4.5375000000000005,1.2375000000000007,50000,12251,0.24502
10591,1.6500000000000004,4.5375000000000005,1.6500000000000004,50000,11985,0.2397
10592,1.6500000000000004,4.5375000000000005,2.0625,50000,11722,0.23444
10593,1.6500000000000004,4.5375000000000005,2.4750000000000005,50000,10882,0.21764
10594,1.6500000000000004,4.5375000000000005,2.8875,50000,8864,0.17728
10595,1.6500000000000004,4.5375000000000005,3.3,50000,5850,0.117
10596,1.6500000000000004,4.5375000000000005,3.712500000000001,50000,4527,0.09054
10597,1.6500000000000004,4.5375000000000005,4.125000000000001,50000,3824,0.07648
10598,1.6500000000000004,4.5375000000000005,4.5375000000000005,50000,3675,0.0735
10599,1.6500000000000004,4.5375000000000005,4.95,50000,3657,0.07314
10600,1.6500000000000004,4.95,-4.95,50000,2578,0.05156
10601,1.6500000000000004,4.95,-4.5375000000000005,50000,2539,0.05078
10602,1.6500000000000004,4.95,-4.125,50000,2797,0.05594
10603,1.6500000000000004,4.95,-3.7125,50000,2940,0.0588
10604,1.6500000000000004,4.95,-3.3,50000,3234,0.06468
10605,1.6500000000000004,4.95,-2.8875,50000,12466,0.24932
10606,1.6500000000000004,4.95,-2.475,50000,13670,0.2734
10607,1.6500000000000004,4.95,-2.0625,50000,13885,0.2777
10608,1.6500000000000004,4.95,-1.65,50000,13794,0.27588
10609,1.6500000000000004,4.95,-1.2374999999999998,50000,14289,0.28578
10610,1.6500000000000004,4.95,-0.8250000000000002,50000,13940,0.2788
10611,1.6500000000000004,4.95,-0.4124999999999996,50000,14018,0.28036
10612,1.6500000000000004,4.95,0.0,50000,14219,0.28438
10613,1.6500000000000004,4.95,0.4125000000000005,50000,14028,0.28056
10614,1.6500000000000004,4.95,0.8250000000000002,50000,14073,0.28146
10615,1.6500000000000004,4.95,1.2375000000000007,50000,14095,0.2819
10616,1.6500000000000004,4.95,1.6500000000000004,50000,14272,0.28544
10617,1.6500000000000004,4.95,2.0625,50000,13780,0.2756
10618,1.6500000000000004,4.95,2.4750000000000005,50000,13936,0.27872
10619,1.6500000000000004,4.95,2.8875,50000,12702,0.25404
10620,1.6500000000000004,4.95,3.3,50000,3282,0.06564
10621,1.6500000000000004,4.95,3.712500000000001,50000,2847,0.05694
10622,1.6500000000000004,4.95,4.125000000000001,50000,2744,0.05488
10623,1.6500000000000004,4.95,4.5375000000000005,50000,2669,0.05338
10624,1.6500000000000004,4.95,4.95,50000,2463,0.04926
10625,2.0625,-4.95,-4.95,50000,5602,0.11204
10626,2.0625,-4.95,-4.5375000000000005,50000,5626,0.11252
10627,2.0625,-4.95,-4.125,50000,5666,0.11332
10628,2.0625,-4.95,-3.7125,50000,5764,0.11528
10629,2.0625,-4.95,-3.3,50000,5690,0.1138
10630,2.0625,-4.95,-2.8875,50000,5785,0.1157
10631,2.0625,-4.95,-2.475,50000,5832,0.11664
10632,2.0625,-4.95,-2.0625,50000,5796,0.11592
10633,2.0625,-4.95,-1.65,50000,5889,0.11778
10634,2.0625,-4.95,-1.2374999999999998,50000,5806,0.11612
10635,2.0625,-4.95,-0.8250000000000002,50000,5976,0.11952
10636,2.0625,-4.95,-0.4124999999999996,50000,5870,0.1174
10637,2.0625,-4.95,0.0,50000,5780,0.1156
10638,2.0625,-4.95,0.4125000000000005,50000,5855,0.1171
10639,2.0625,-4.95,0.8250000000000002,50000,5796,0.11592
10640,2.0625,-4.95,1.2375000000000007,50000,5804,0.11608
10641,2.0625,-4.95,1.6500000000000004,50000,6027,0.12054
10642,2.0625,-4.95,2.0625,50000,5879,0.11758
10643,2.0625,-4.95,2.4750000000000005,50000,5695,0.1139
10644,2.0625,-4.95,2.8875,50000,5792,0.11584
10645,2.0625,-4.95,3.3,50000,5735,0.1147
10646,2.0625,-4.95,3.712500000000001,50000,5584,0.11168
10647,2.0625,-4.95,4.125000000000001,50000,5691,0.11382
10648,2.0625,-4.95,4.5375000000000005,50000,5662,0.11324
10649,2.0625,-4.95,4.95,50000,5558,0.11116
10650,2.0625,-4.5375000000000005,-4.95,50000,5693,0.11386
10651,2.0625,-4.5375000000000005,-4.5375000000000005,50000,5532,0.11064
10652,2.0625,-4.5375000000000005,-4.125,50000,5693,0.11386
10653,2.0625,-4.5375000000000005,-3.7125,50000,5643,0.11286
10654,2.0625,-4.5375000000000005,-3.3,50000,5769,0.11538
10655,2.0625,-4.5375000000000005,-2.8875,50000,5829,0.11658
10656,2.0625,-4.5375000000000005,-2.475,50000,5812,0.11624
10657,2.0625,-4.5375000000000005,-2.0625,50000,5761,0.11522
10658,2.0625,-4.5375000000000005,-1.65,50000,5969,0.11938
10659,2.0625,-4.5375000000000005,-1.2374999999999998,50000,5938,0.11876
10660,2.0625,-4.5375000000000005,-0.8250000000000002,50000,5929,0.11858
10661,2.0625,-4.5375000000000005,-0.4124999999999996,50000,5763,0.11526
10662,2.0625,-4.5375000000000005,0.0,50000,5899,0.11798
10663,2.0625,-4.5375000000000005,0.4125000000000005,50000,5882,0.11764
10664,2.0625,-4.5375000000000005,0.8250000000000002,50000,5697,0.11394
10665,2.0625,-4.5375000000000005,1.2375000000000007,50000,5844,0.11688
10666,2.0625,-4.5375000000000005,1.6500000000000004,50000,5807,0.11614
10667,2.0625,-4.5375000000000005,2.0625,50000,5880,0.1176
10668,2.0625,-4.5375000000000005,2.4750000000000005,50000,5752,0.11504
10669,2.0625,-4.5375000000000005,2.8875,50000,5749,0.11498
10670,2.0625,-4.5375000000000005,3.3,50000,5713,0.11426
10671,2.0625,-4.5375000000000005,3.712500000000001,50000,5591,0.11182
10672,2.0625,-4.5375000000000005,4.125000000000001,50000,5472,0.10944
10673,2.0625,-4.5375000000000005,4.5375000000000005,50000,5526,0.11052
10674,2.0625,-4.5375000000000005,4.95,50000,5758,0.11516
10675,2.0625,-4.125,-4.95,50000,5663,0.11326
10676,2.0625,-4.125,-4.5375000000000005,50000,5689,0.11378
10677,2.0625,-4.125,-4.125,50000,5713,0.11426
10678,2.0625,-4.125,-3.7125,50000,5689,0.11378
10679,2.0625,-4.125,-3.3,50000,5748,0.11496
10680,2.0625,-4.125,-2.8875,50000,5830,0.1166
10681,2.0625,-4.125,-2.475,50000,5765,0.1153
10682,2.0625,-4.125,-2.0625,50000,5877,0.11754
10683,2.0625,-4.125,-1.65,50000,5904,0.11808
10684,2.0625,-4.125,-1.2374999999999998,50000,5819,0.11638
10685,2.0625,-4.125,-0.8250000000000002,50000,5803,0.11606
10686,2.0625,-4.125,-0.4124999999999996,50000,5754,0.11508
10687,2.0625,-4.125,0.0,50000,5724,0.11448
10688,2.0625,-4.125,0.4125000000000005,50000,5819,0.11638
10689,2.0625,-4.125,0.8250000000000002,50000,5834,0.11668
10690,2.0625,-4.125,1.2375000000000007,50000,6012,0.12024
10691,2.0625,-4.125,1.6500000000000004,50000,5762,0.11524
10692,2.0625,-4.125,2.0625,50000,5840,0.1168
10693,2.0625,-4.125,2.4750000000000005,50000,5840,0.1168
10694,2.0625,-4.125,2.8875,50000,5831,0.11662
10695,2.0625,-4.125,3.3,50000,5930,0.1186
10696,2.0625,-4.125,3.712500000000001,50000,5779,0.11558
10697,2.0625,-4.125,4.125000000000001,50000,5616,0.11232
10698,2.0625,-4.125,4.5375000000000005,50000,5687,0.11374
10699,2.0625,-4.125,4.95,50000,5704,0.11408
10700,2.0625,-3.7125,-4.95,50000,5726,0.11452
10701,2.0625,-3.7125,-4.5375000000000005,50000,5641,0.11282
10702,2.0625,-3.7125,-4.125,50000,5673,0.11346
10703,2.0625,-3.7125,-3.7125,50000,5806,0.11612
10704,2.0625,-3.7125,-3.3,50000,5764,0.11528
10705,2.0625,-3.7125,-2.8875,50000,5787,0.11574
10706,2.0625,-3.7125,-2.475,50000,5805,0.1161
10707,2.0625,-3.7125,-2.0625,50000,5753,0.11506
10708,2.0625,-3.7125,-1.65,50000,5687,0.11374
10709,2.0625,-3.7125,-1.2374999999999998,50000,5808,0.11616
10710,2.0625,-3.7125,-0.8250000000000002,50000,5857,0.11714
10711,2.0625,-3.7125,-0.4124999999999996,50000,5761,0.11522
10712,2.0625,-3.7125,0.0,50000,5795,0.1159
10713,2.0625,-3.7125,0.4125000000000005,50000,5884,0.11768
10714,2.0625,-3.7125,0.8250000000000002,50000,5820,0.1164
10715,2.0625,-3.7125,1.2375000000000007,50000,5887,0.11774
10716,2.0625,-3.7125,1.6500000000000004,50000,5759,0.11518
10717,2.0625,-3.7125,2.0625,50000,5759,0.11518
10718,2.0625,-3.7125,2.4750000000000005,50000,5811,0.11622
10719,2.0625,-3.7125,2.8875,50000,5840,0.1168
10720,2.0625,-3.7125,3.3,50000,5578,0.11156
10721,2.0625,-3.7125,3.712500000000001,50000,5726,0.11452
10722,2.0625,-3.7125,4.125000000000001,50000,5688,0.11376
10723,2.0625,-3.7125,4.5375000000000005,50000,5681,0.11362
10724,2.0625,-3.7125,4.95,50000,5744,0.11488
10725,2.0625,-3.3,-4.95,50000,5611,0.11222
10726,2.0625,-3.3,-4.5375000000000005,50000,5729,0.11458
10727,2.0625,-3.3,-4.125,50000,5727,0.11454
10728,2.0625,-3.3,-3.7125,50000,5879,0.11758
10729,2.0625,-3.3,-3.3,50000,5743,0.11486
10730,2.0625,-3.3,-2.8875,50000,5653,0.11306
10731,2.0625,-3.3,-2.475,50000,5748,0.11496
10732,2.0625,-3.3,-2.0625,50000,5892,0.11784
10733,2.0625,-3.3,-1.65,50000,5897,0.11794
10734,2.0625,-3.3,-1.2374999999999998,50000,5823,0.11646
10735,2.0625,-3.3,-0.8250000000000002,50000,5859,0.11718
10736,2.0625,-3.3,-0.4124999999999996,50000,5827,0.11654
10737,2.0625,-3.3,0.0,50000,5854,0.11708
10738,2.0625,-3.3,0.4125000000000005,50000,5853,0.11706
10739,2.0625,-3.3,0.8250000000000002,50000,5821,0.11642
10740,2.0625,-3.3,1.2375000000000007,50000,5865,0.1173
10741,2.0625,-3.3,1.6500000000000004,50000,5782,0.11564
10742,2.0625,-3.3,2.0625,50000,5740,0.1148
10743,2.0625,-3.3,2.4750000000000005,50000,5894,0.11788
10744,2.0625,-3.3,2.8875,50000,5840,0.1168
10745,2.0625,-3.3,3.3,50000,5812,0.11624
10746,2.0625,-3.3,3.712500000000001,50000,5816,0.11632
10747,2.0625,-3.3,4.125000000000001,50000,5851,0.11702
10748,2.0625,-3.3,4.5375000000000005,50000,5652,0.11304
10749,2.0625,-3.3,4.95,50000,5828,0.11656
10750,2.0625,-2.8875,-4.95,50000,5821,0.11642
10751,2.0625,-2.8875,-4.5375000000000005,50000,5704,0.11408
10752,2.0625,-2.8875,-4.125,50000,5820,0.1164
10753,2.0625,-2.8875,-3.7125,50000,5774,0.11548
10754,2.0625,-2.8875,-3.3,50000,5755,0.1151
10755,2.0625,-2.8875,-2.8875,50000,5798,0.11596
10756,2.0625,-2.8875,-2.475,50000,5838,0.11676
10757,2.0625,-2.8875,-2.0625,50000,5870,0.1174
10758,2.0625,-2.8875,-1.65,50000,5918,0.11836
10759,2.0625,-2.8875,-1.2374999999999998,50000,5869,0.11738
10760,2.0625,-2.8875,-0.8250000000000002,50000,5896,0.11792
10761,2.0625,-2.8875,-0.4124999999999996,50000,5964,0.11928
10762,2.0625,-2.8875,0.0,50000,5932,0.11864
10763,2.0625,-2.8875,0.4125000000000005,50000,5902,0.11804
10764,2.0625,-2.8875,0.8250000000000002,50000,5804,0.11608
10765,2.0625,-2.8875,1.2375000000000007,50000,6078,0.12156
10766,2.0625,-2.8875,1.6500000000000004,50000,5945,0.1189
10767,2.0625,-2.8875,2.0625,50000,5759,0.11518
10768,2.0625,-2.8875,2.4750000000000005,50000,5830,0.1166
10769,2.0625,-2.8875,2.8875,50000,5868,0.11736
10770,2.0625,-2.8875,3.3,50000,5845,0.1169
10771,2.0625,-2.8875,3.712500000000001,50000,5757,0.11514
10772,2.0625,-2.8875,4.125000000000001,50000,5783,0.11566
10773,2.0625,-2.8875,4.5375000000000005,50000,5627,0.11254
10774,2.0625,-2.8875,4.95,50000,5639,0.11278
10775,2.0625,-2.475,-4.95,50000,5694,0.11388
10776,2.0625,-2.475,-4.5375000000000005,50000,5723,0.11446
10777,2.0625,-2.475,-4.125,50000,5702,0.11404
10778,2.0625,-2.475,-3.7125,50000,5946,0.11892
10779,2.0625,-2.475,-3.3,50000,5677,0.11354
10780,2.0625,-2.475,-2.8875,50000,5755,0.1151
10781,2.0625,-2.475,-2.475,50000,5902,0.11804
10782,2.0625,-2.475,-2.0625,50000,5859,0.11718
10783,2.0625,-2.475,-1.65,50000,5905,0.1181
10784,2.0625,-2.475,-1.2374999999999998,50000,5919,0.11838
10785,2.0625,-2.475,-0.8250000000000002,50000,5874,0.11748
10786,2.0625,-2.475,-0.4124999999999996,50000,5969,0.11938
10787,2.0625,-2.475,0.0,50000,5918,0.11836
10788,2.0625,-2.475,0.4125000000000005,50000,6005,0.1201
10789,2.0625,-2.475,0.8250000000000002,50000,6007,0.12014
10790,2.0625,-2.475,1.2375000000000007,50000,6014,0.12028
10791,2.0625,-2.475,1.6500000000000004,50000,5882,0.11764
10792,2.0625,-2.475,2.0625,50000,5828,0.11656
10793,2.0625,-2.475,2.4750000000000005,50000,5780,0.1156
10794,2.0625,-2.475,2.8875,50000,5805,0.1161
10795,2.0625,-2.475,3.3,50000,5855,0.1171
10796,2.0625,-2.475,3.712500000000001,50000,5804,0.11608
10797,2.0625,-2.475,4.125000000000001,50000,5755,0.1151
10798,2.0625,-2.475,4.5375000000000005,50000,5607,0.11214
10799,2.0625,-2.475,4.95,50000,5726,0.11452
10800,2.0625,-2.0625,-4.95,50000,5787,0.11574
10801,2.0625,-2.0625,-4.5375000000000005,50000,5846,0.11692
10802,2.0625,-2.0625,-4.125,50000,5886,0.11772
10803,2.0625,-2.0625,-3.7125,50000,5868,0.11736
10804,2.0625,-2.0625,-3.3,50000,5824,0.11648
10805,2.0625,-2.0625,-2.8875,50000,5762,0.11524
10806,2.0625,-2.0625,-2.475,50000,5954,0.11908
10807,2.0625,-2.0625,-2.0625,50000,6028,0.12056
10808,2.0625,-2.0625,-1.65,50000,6057,0.12114
10809,2.0625,-2.0625,-1.2374999999999998,50000,6105,0.1221
10810,2.0625,-2.0625,-0.8250000000000002,50000,5983,0.11966
10811,2.0625,-2.0625,-0.4124999999999996,50000,5994,0.11988
10812,2.0625,-2.0625,0.0,50000,6000,0.12
10813,2.0625,-2.0625,0.4125000000000005,50000,6022,0.12044
10814,2.0625,-2.0625,0.8250000000000002,50000,6084,0.12168
10815,2.0625,-2.0625,1.2375000000000007,50000,5955,0.1191
10816,2.0625,-2.0625,1.6500000000000004,50000,5918,0.11836
10817,2.0625,-2.0625,2.0625,50000,5853,0.11706
10818,2.0625,-2.0625,2.4750000000000005,50000,5843,0.11686
10819,2.0625,-2.0625,2.8875,50000,5771,0.11542
10820,2.0625,-2.0625,3.3,50000,5848,0.11696
10821,2.0625,-2.0625,3.712500000000001,50000,5799,0.11598
10822,2.0625,-2.0625,4.125000000000001,50000,5996,0.11992
10823,2.0625,-2.0625,4.5375000000000005,50000,5809,0.11618
10824,2.0625,-2.0625,4.95,50000,5775,0.1155
10825,2.0625,-1.65,-4.95,50000,5795,0.1159
10826,2.0625,-1.65,-4.5375000000000005,50000,5814,0.11628
10827,2.0625,-1.65,-4.125,50000,5772,0.11544
10828,2.0625,-1.65,-3.7125,50000,5895,0.1179
10829,2.0625,-1.65,-3.3,50000,5937,0.11874
10830,2.0625,-1.65,-2.8875,50000,5898,0.11796
10831,2.0625,-1.65,-2.475,50000,5946,0.11892
10832,2.0625,-1.65,-2.0625,50000,5948,0.11896
10833,2.0625,-1.65,-1.65,50000,5928,0.11856
10834,2.0625,-1.65,-1.2374999999999998,50000,6157,0.12314
10835,2.0625,-1.65,-0.8250000000000002,50000,6078,0.12156
10836,2.0625,-1.65,-0.4124999999999996,50000,6001,0.12002
10837,2.0625,-1.65,0.0,50000,6127,0.12254
10838,2.0625,-1.65,0.4125000000000005,50000,5965,0.1193
10839,2.0625,-1.65,0.8250000000000002,50000,6024,0.12048
10840,2.0625,-1.65,1.2375000000000007,50000,6157,0.12314
10841,2.0625,-1.65,1.6500000000000004,50000,6028,0.12056
10842,2.0625,-1.65,2.0625,50000,6018,0.12036
10843,2.0625,-1.65,2.4750000000000005,50000,5978,0.11956
10844,2.0625,-1.65,2.8875,50000,5790,0.1158
10845,2.0625,-1.65,3.3,50000,5903,0.11806
10846,2.0625,-1.65,3.712500000000001,50000,5807,0.11614
10847,2.0625,-1.65,4.125000000000001,50000,5851,0.11702
10848,2.0625,-1.65,4.5375000000000005,50000,5847,0.11694
10849,2.0625,-1.65,4.95,50000,5954,0.11908
10850,2.0625,-1.2374999999999998,-4.95,50000,5883,0.11766
10851,2.0625,-1.2374999999999998,-4.5375000000000005,50000,5851,0.11702
10852,2.0625,-1.2374999999999998,-4.125,50000,5902,0.11804
10853,2.0625,-1.2374999999999998,-3.7125,50000,5904,0.11808
10854,2.0625,-1.2374999999999998,-3.3,50000,5998,0.11996
10855,2.0625,-1.2374999999999998,-2.8875,50000,5921,0.11842
10856,2.0625,-1.2374999999999998,-2.475,50000,6069,0.12138
10857,2.0625,-1.2374999999999998,-2.0625,50000,6097,0.12194
10858,2.0625,-1.2374999999999998,-1.65,50000,6060,0.1212
10859,2.0625,-1.2374999999999998,-1.2374999999999998,50000,5968,0.11936
10860,2.0625,-1.2374999999999998,-0.8250000000000002,50000,6093,0.12186
10861,2.0625,-1.2374999999999998,-0.4124999999999996,50000,5934,0.11868
10862,2.0625,-1.2374999999999998,0.0,50000,6085,0.1217
10863,2.0625,-1.2374999999999998,0.4125000000000005,50000,6146,0.12292
10864,2.0625,-1.2374999999999998,0.8250000000000002,50000,6174,0.12348
10865,2.0625,-1.2374999999999998,1.2375000000000007,50000,6130,0.1226
10866,2.0625,-1.2374999999999998,1.6500000000000004,50000,6001,0.12002
10867,2.0625,-1.2374999999999998,2.0625,50000,6109,0.12218
10868,2.0625,-1.2374999999999998,2.4750000000000005,50000,5899,0.11798
10869,2.0625,-1.2374999999999998,2.8875,50000,6050,0.121
10870,2.0625,-1.2374999999999998,3.3,50000,6001,0.12002
10871,2.0625,-1.2374999999999998,3.712500000000001,50000,5924,0.11848
10872,2.0625,-1.2374999999999998,4.125000000000001,50000,5783,0.11566
10873,2.0625,-1.2374999999999998,4.5375000000000005,50000,5954,0.11908
10874,2.0625,-1.2374999999999998,4.95,50000,5758,0.11516
10875,2.0625,-0.8250000000000002,-4.95,50000,6003,0.12006
10876,2.0625,-0.8250000000000002,-4.5375000000000005,50000,5894,0.11788
10877,2.0625,-0.8250000000000002,-4.125,50000,5981,0.11962
10878,2.0625,-0.8250000000000002,-3.7125,50000,5922,0.11844
10879,2.0625,-0.8250000000000002,-3.3,50000,6067,0.12134
10880,2.0625,-0.8250000000000002,-2.8875,50000,6059,0.12118
10881,2.0625,-0.8250000000000002,-2.475,50000,6042,0.12084
10882,2.0625,-0.8250000000000002,-2.0625,50000,6099,0.12198
10883,2.0625,-0.8250000000000002,-1.65,50000,6107,0.12214
10884,2.0625,-0.8250000000000002,-1.2374999999999998,50000,6052,0.12104
10885,2.0625,-0.8250000000000002,-0.8250000000000002,50000,6130,0.1226
10886,2.0625,-0.8250000000000002,-0.4124999999999996,50000,6253,0.12506
10887,2.0625,-0.8250000000000002,0.0,50000,6279,0.12558
10888,2.0625,-0.8250000000000002,0.4125000000000005,50000,6088,0.12176
10889,2.0625,-0.8250000000000002,0.8250000000000002,50000,6363,0.12726
10890,2.0625,-0.8250000000000002,1.2375000000000007,50000,6145,0.1229
10891,2.0625,-0.8250000000000002,1.6500000000000004,50000,6307,0.12614
10892,2.0625,-0.8250000000000002,2.0625,50000,6109,0.12218
10893,2.0625,-0.8250000000000002,2.4750000000000005,50000,6092,0.12184
10894,2.0625,-0.8250000000000002,2.8875,50000,5883,0.11766
10895,2.0625,-0.8250000000000002,3.3,50000,6011,0.12022
10896,2.0625,-0.8250000000000002,3.712500000000001,50000,5904,0.11808
10897,2.0625,-0.8250000000000002,4.125000000000001,50000,5967,0.11934
10898,2.0625,-0.8250000000000002,4.5375000000000005,50000,6007,0.12014
10899,2.0625,-0.8250000000000002,4.95,50000,6006,0.12012
10900,2.0625,-0.4124999999999996,-4.95,50000,5970,0.1194
10901,2.0625,-0.4124999999999996,-4.5375000000000005,50000,5977,0.11954
10902,2.0625,-0.4124999999999996,-4.125,50000,6030,0.1206
10903,2.0625,-0.4124999999999996,-3.7125,50000,5953,0.11906
10904,2.0625,-0.4124999999999996,-3.3,50000,5994,0.11988
10905,2.0625,-0.4124999999999996,-2.8875,50000,6020,0.1204
10906,2.0625,-0.4124999999999996,-2.475,50000,6078,0.12156
10907,2.0625,-0.4124999999999996,-2.0625,50000,6170,0.1234
10908,2.0625,-0.4124999999999996,-1.65,50000,6241,0.12482
10909,2.0625,-0.4124999999999996,-1.2374999999999998,50000,6199,0.12398
10910,2.0625,-0.4124999999999996,-0.8250000000000002,50000,6313,0.12626
10911,2.0625,-0.4124999999999996,-0.4124999999999996,50000,6256,0.12512
10912,2.0625,-0.4124999999999996,0.0,50000,6239,0.12478
10913,2.0625,-0.4124999999999996,0.4125000000000005,50000,6277,0.12554
10914,2.0625,-0.4124999999999996,0.8250000000000002,50000,6261,0.12522
10915,2.0625,-0.4124999999999996,1.2375000000000007,50000,6228,0.12456
10916,2.0625,-0.4124999999999996,1.6500000000000004,50000,6172,0.12344
10917,2.0625,-0.4124999999999996,2.0625,50000,6134,0.12268
10918,2.0625,-0.4124999999999996,2.4750000000000005,50000,6041,0.12082
10919,2.0625,-0.4124999999999996,2.8875,50000,6049,0.12098
10920,2.0625,-0.4124999999999996,3.3,50000,6053,0.12106
10921,2.0625,-0.4124999999999996,3.712500000000001,50000,5942,0.11884
10922,2.0625,-0.4124999999999996,4.125000000000001,50000,5995,0.1199
10923,2.0625,-0.4124999999999996,4.5375000000000005,50000,5957,0.11914
10924,2.0625,-0.4124999999999996,4.95,50000,5923,0.11846
10925,2.0625,0.0,-4.95,50000,5904,0.11808
10926,2.0625,0.0,-4.5375000000000005,50000,5915,0.1183
10927,2.0625,0.0,-4.125,50000,6105,0.1221
10928,2.0625,0.0,-3.7125,50000,6011,0.12022
10929,2.0625,0.0,-3.3,50000,6278,0.12556
10930,2.0625,0.0,-2.8875,50000,6129,0.12258
10931,2.0625,0.0,-2.475,50000,6144,0.12288
10932,2.0625,0.0,-2.0625,50000,6201,0.12402
10933,2.0625,0.0,-1.65,50000,6223,0.12446
10934,2.0625,0.0,-1.2374999999999998,50000,6369,0.12738
10935,2.0625,0.0,-0.8250000000000002,50000,6271,0.12542
10936,2.0625,0.0,-0.4124999999999996,50000,6378,0.12756
10937,2.0625,0.0,0.0,50000,6356,0.12712
10938,2.0625,0.0,0.4125000000000005,50000,6398,0.12796
10939,2.0625,0.0,0.8250000000000002,50000,6340,0.1268
10940,2.0625,0.0,1.2375000000000007,50000,6437,0.12874
10941,2.0625,0.0,1.6500000000000004,50000,6204,0.12408
10942,2.0625,0.0,2.0625,50000,6254,0.12508
10943,2.0625,0.0,2.4750000000000005,50000,6155,0.1231
10944,2.0625,0.0,2.8875,50000,6165,0.1233
10945,2.0625,0.0,3.3,50000,6161,0.12322
10946,2.0625,0.0,3.712500000000001,50000,6102,0.12204
10947,2.0625,0.0,4.125000000000001,50000,6072,0.12144
10948,2.0625,0.0,4.5375000000000005,50000,5925,0.1185
10949,2.0625,0.0,4.95,50000,6107,0.12214
10950,2.0625,0.4125000000000005,-4.95,50000,6093,0.12186
10951,2.0625,0.4125000000000005,-4.5375000000000005,50000,6077,0.12154
10952,2.0625,0.4125000000000005,-4.125,50000,6167,0.12334
10953,2.0625,0.4125000000000005,-3.7125,50000,6120,0.1224
10954,2.0625,0.4125000000000005,-3.3,50000,6214,0.12428
10955,2.0625,0.4125000000000005,-2.8875,50000,6177,0.12354
10956,2.0625,0.4125000000000005,-2.475,50000,6170,0.1234
10957,2.0625,0.4125000000000005,-2.0625,50000,6246,0.12492
10958,2.0625,0.4125000000000005,-1.65,50000,6247,0.12494
10959,2.0625,0.4125000000000005,-1.2374999999999998,50000,6578,0.13156
10960,2.0625,0.4125000000000005,-0.8250000000000002,50000,6450,0.129
10961,2.0625,0.4125000000000005,-0.4124999999999996,50000,6384,0.12768
10962,2.0625,0.4125000000000005,0.0,50000,6623,0.13246
10963,2.0625,0.4125000000000005,0.4125000000000005,50000,6509,0.13018
10964,2.0625,0.4125000000000005,0.8250000000000002,50000,6619,0.13238
10965,2.0625,0.4125000000000005,1.2375000000000007,50000,6385,0.1277
10966,2.0625,0.4125000000000005,1.6500000000000004,50000,6423,0.12846
10967,2.0625,0.4125000000000005,2.0625,50000,6353,0.12706
10968,2.0625,0.4125000000000005,2.4750000000000005,50000,6227,0.12454
10969,2.0625,0.4125000000000005,2.8875,50000,6135,0.1227
10970,2.0625,0.4125000000000005,3.3,50000,6025,0.1205
10971,2.0625,0.4125000000000005,3.712500000000001,50000,6062,0.12124
10972,2.0625,0.4125000000000005,4.125000000000001,50000,6070,0.1214
10973,2.0625,0.4125000000000005,4.5375000000000005,50000,6102,0.12204
10974,2.0625,0.4125000000000005,4.95,50000,6059,0.12118
10975,2.0625,0.8250000000000002,-4.95,50000,6229,0.12458
10976,2.0625,0.8250000000000002,-4.5375000000000005,50000,6119,0.12238
10977,2.0625,0.8250000000000002,-4.125,50000,6154,0.12308
10978,2.0625,0.8250000000000002,-3.7125,50000,6166,0.12332
10979,2.0625,0.8250000000000002,-3.3,50000,6193,0.12386
10980,2.0625,0.8250000000000002,-2.8875,50000,6360,0.1272
10981,2.0625,0.8250000000000002,-2.475,50000,6266,0.12532
10982,2.0625,0.8250000000000002,-2.0625,50000,6433,0.12866
10983,2.0625,0.8250000000000002,-1.65,50000,6568,0.13136
10984,2.0625,0.8250000000000002,-1.2374999999999998,50000,6533,0.13066
10985,2.0625,0.8250000000000002,-0.8250000000000002,50000,6640,0.1328
10986,2.0625,0.8250000000000002,-0.4124999999999996,50000,6623,0.13246
10987,2.0625,0.8250000000000002,0.0,50000,6620,0.1324
10988,2.0625,0.8250000000000002,0.4125000000000005,50000,6511,0.13022
10989,2.0625,0.8250000000000002,0.8250000000000002,50000,6601,0.13202
10990,2.0625,0.8250000000000002,1.2375000000000007,50000,6544,0.13088
10991,2.0625,0.8250000000000002,1.6500000000000004,50000,6668,0.13336
10992,2.0625,0.8250000000000002,2.0625,50000,6420,0.1284
10993,2.0625,0.8250000000000002,2.4750000000000005,50000,6324,0.12648
10994,2.0625,0.8250000000000002,2.8875,50000,6398,0.12796
10995,2.0625,0.8250000000000002,3.3,50000,6229,0.12458
10996,2.0625,0.8250000000000002,3.712500000000001,50000,6256,0.12512
10997,2.0625,0.8250000000000002,4.125000000000001,50000,6058,0.12116
10998,2.0625,0.8250000000000002,4.5375000000000005,50000,6136,0.12272
10999,2.0625,0.8250000000000002,4.95,50000,6099,0.12198
11000,2.0625,1.2375000000000007,-4.95,50000,6135,0.1227
11001,2.0625,1.2375000000000007,-4.5375000000000005,50000,5995,0.1199
11002,2.0625,1.2375000000000007,-4.125,50000,6139,0.12278
11003,2.0625,1.2375000000000007,-3.7125,50000,6311,0.12622
11004,2.0625,1.2375000000000007,-3.3,50000,6233,0.12466
11005,2.0625,1.2375000000000007,-2.8875,50000,6289,0.12578
11006,2.0625,1.2375000000000007,-2.475,50000,6407,0.12814
11007,2.0625,1.2375000000000007,-2.0625,50000,6629,0.13258
11008,2.0625,1.2375000000000007,-1.65,50000,6670,0.1334
11009,2.0625,1.2375000000000007,-1.2374999999999998,50000,6716,0.13432
11010,2.0625,1.2375000000000007,-0.8250000000000002,50000,6725,0.1345
11011,2.0625,1.2375000000000007,-0.4124999999999996,50000,6991,0.13982
11012,2.0625,1.2375000000000007,0.0,50000,6660,0.1332
11013,2.0625,1.2375000000000007,0.4125000000000005,50000,6881,0.13762
11014,2.0625,1.2375000000000007,0.8250000000000002,50000,6767,0.13534
11015,2.0625,1.2375000000000007,1.2375000000000007,50000,6771,0.13542
11016,2.0625,1.2375000000000007,1.6500000000000004,50000,6600,0.132
11017,2.0625,1.2375000000000007,2.0625,50000,6395,0.1279
11018,2.0625,1.2375000000000007,2.4750000000000005,50000,6551,0.13102
11019,2.0625,1.2375000000000007,2.8875,50000,6485,0.1297
11020,2.0625,1.2375000000000007,3.3,50000,6287,0.12574
11021,2.0625,1.2375000000000007,3.712500000000001,50000,6164,0.12328
11022,2.0625,1.2375000000000007,4.125000000000001,50000,6067,0.12134
11023,2.0625,1.2375000000000007,4.5375000000000005,50000,6133,0.12266
11024,2.0625,1.2375000000000007,4.95,50000,6192,0.12384
11025,2.0625,1.6500000000000004,-4.95,50000,6275,0.1255
11026,2.0625,1.6500000000000004,-4.5375000000000005,50000,6050,0.121
11027,2.0625,1.6500000000000004,-4.125,50000,6133,0.12266
11028,2.0625,1.6500000000000004,-3.7125,50000,6281,0.12562
11029,2.0625,1.6500000000000004,-3.3,50000,6339,0.12678
11030,2.0625,1.6500000000000004,-2.8875,50000,6468,0.12936
11031,2.0625,1.6500000000000004,-2.475,50000,6441,0.12882
11032,2.0625,1.6500000000000004,-2.0625,50000,6639,0.13278
11033,2.0625,1.6500000000000004,-1.65,50000,6950,0.139
11034,2.0625,1.6500000000000004,-1.2374999999999998,50000,6962,0.13924
11035,2.0625,1.6500000000000004,-0.8250000000000002,50000,7095,0.1419
11036,2.0625,1.6500000000000004,-0.4124999999999996,50000,7168,0.14336
11037,2.0625,1.6500000000000004,0.0,50000,7039,0.14078
11038,2.0625,1.6500000000000004,0.4125000000000005,50000,7001,0.14002
11039,2.0625,1.6500000000000004,0.8250000000000002,50000,7133,0.14266
11040,2.0625,1.6500000000000004,1.2375000000000007,50000,6944,0.13888
11041,2.0625,1.6500000000000004,1.6500000000000004,50000,6828,0.13656
11042,2.0625,1.6500000000000004,2.0625,50000,6535,0.1307
11043,2.0625,1.6500000000000004,2.4750000000000005,50000,6586,0.13172
11044,2.0625,1.6500000000000004,2.8875,50000,6322,0.12644
11045,2.0625,1.6500000000000004,3.3,50000,6335,0.1267
11046,2.0625,1.6500000000000004,3.712500000000001,50000,6145,0.1229
11047,2.0625,1.6500000000000004,4.125000000000001,50000,6034,0.12068
11048,2.0625,1.6500000000000004,4.5375000000000005,50000,6186,0.12372
11049,2.0625,1.6500000000000004,4.95,50000,6192,0.12384
11050,2.0625,2.0625,-4.95,50000,6015,0.1203
11051,2.0625,2.0625,-4.5375000000000005,50000,6078,0.12156
11052,2.0625,2.0625,-4.125,50000,6116,0.12232
11053,2.0625,2.0625,-3.7125,50000,6158,0.12316
11054,2.0625,2.0625,-3.3,50000,6302,0.12604
11055,2.0625,2.0625,-2.8875,50000,6475,0.1295
11056,2.0625,2.0625,-2.475,50000,6833,0.13666
11057,2.0625,2.0625,-2.0625,50000,6842,0.13684
11058,2.0625,2.0625,-1.65,50000,7054,0.14108
11059,2.0625,2.0625,-1.2374999999999998,50000,7221,0.14442
11060,2.0625,2.0625,-0.8250000000000002,50000,7262,0.14524
11061,2.0625,2.0625,-0.4124999999999996,50000,7309,0.14618
11062,2.0625,2.0625,0.0,50000,7233,0.14466
11063,2.0625,2.0625,0.4125000000000005,50000,7254,0.14508
11064,2.0625,2.0625,0.8250000000000002,50000,7127,0.14254
11065,2.0625,2.0625,1.2375000000000007,50000,7092,0.14184
11066,2.0625,2.0625,1.6500000000000004,50000,7048,0.14096
11067,2.0625,2.0625,2.0625,50000,6888,0.13776
11068,2.0625,2.0625,2.4750000000000005,50000,6609,0.13218
11069,2.0625,2.0625,2.8875,50000,6467,0.12934
11070,2.0625,2.0625,3.3,50000,6310,0.1262
11071,2.0625,2.0625,3.712500000000001,50000,6127,0.12254
11072,2.0625,2.0625,4.125000000000001,50000,6068,0.12136
11073,2.0625,2.0625,4.5375000000000005,50000,6169,0.12338
11074,2.0625,2.0625,4.95,50000,6018,0.12036
11075,2.0625,2.4750000000000005,-4.95,50000,5914,0.11828
11076,2.0625,2.4750000000000005,-4.5375000000000005,50000,5948,0.11896
11077,2.0625,2.4750000000000005,-4.125,50000,5872,0.11744
11078,2.0625,2.4750000000000005,-3.7125,50000,6111,0.12222
11079,2.0625,2.4750000000000005,-3.3,50000,6426,0.12852
11080,2.0625,2.4750000000000005,-2.8875,50000,6674,0.13348
11081,2.0625,2.4750000000000005,-2.475,50000,6766,0.13532
11082,2.0625,2.4750000000000005,-2.0625,50000,7280,0.1456
11083,2.0625,2.4750000000000005,-1.65,50000,7373,0.14746
11084,2.0625,2.4750000000000005,-1.2374999999999998,50000,7463,0.14926
11085,2.0625,2.4750000000000005,-0.8250000000000002,50000,7538,0.15076
11086,2.0625,2.4750000000000005,-0.4124999999999996,50000,7641,0.15282
11087,2.0625,2.4750000000000005,0.0,50000,7648,0.15296
11088,2.0625,2.4750000000000005,0.4125000000000005,50000,7702,0.15404
11089,2.0625,2.4750000000000005,0.8250000000000002,50000,7580,0.1516
11090,2.0625,2.4750000000000005,1.2375000000000007,50000,7493,0.14986
11091,2.0625,2.4750000000000005,1.6500000000000004,50000,7346,0.14692
11092,2.0625,2.4750000000000005,2.0625,50000,7059,0.14118
11093,2.0625,2.4750000000000005,2.4750000000000005,50000,6886,0.13772
11094,2.0625,2.4750000000000005,2.8875,50000,6541,0.13082
11095,2.0625,2.4750000000000005,3.3,50000,6440,0.1288
11096,2.0625,2.4750000000000005,3.712500000000001,50000,6166,0.12332
11097,2.0625,2.4750000000000005,4.125000000000001,50000,5982,0.11964
11098,2.0625,2.4750000000000005,4.5375000000000005,50000,5956,0.11912
11099,2.0625,2.4750000000000005,4.95,50000,5898,0.11796
11100,2.0625,2.8875,-4.95,50000,5805,0.1161
11101,2.0625,2.8875,-4.5375000000000005,50000,5752,0.11504
11102,2.0625,2.8875,-4.125,50000,5828,0.11656
11103,2.0625,2.8875,-3.7125,50000,5902,0.11804
11104,2.0625,2.8875,-3.3,50000,6249,0.12498
11105,2.0625,2.8875,-2.8875,50000,6641,0.13282
11106,2.0625,2.8875,-2.475,50000,7234,0.14468
11107,2.0625,2.8875,-2.0625,50000,7438,0.14876
11108,2.0625,2.8875,-1.65,50000,7715,0.1543
11109,2.0625,2.8875,-1.2374999999999998,50000,7764,0.15528
11110,2.0625,2.8875,-0.8250000000000002,50000,7986,0.15972
11111,2.0625,2.8875,-0.4124999999999996,50000,8036,0.16072
11112,2.0625,2.8875,0.0,50000,8134,0.16268
11113,2.0625,2.8875,0.4125000000000005,50000,8117,0.16234
11114,2.0625,2.8875,0.8250000000000002,50000,7940,0.1588
11115,2.0625,2.8875,1.2375000000000007,50000,7892,0.15784
11116,2.0625,2.8875,1.6500000000000004,50000,7634,0.15268
11117,2.0625,2.8875,2.0625,50000,7402,0.14804
11118,2.0625,2.8875,2.4750000000000005,50000,7162,0.14324
11119,2.0625,2.8875,2.8875,50000,6627,0.13254
11120,2.0625,2.8875,3.3,50000,6320,0.1264
11121,2.0625,2.8875,3.712500000000001,50000,6081,0.12162
11122,2.0625,2.8875,4.125000000000001,50000,5846,0.11692
11123,2.0625,2.8875,4.5375000000000005,50000,5781,0.11562
11124,2.0625,2.8875,4.95,50000,5877,0.11754
11125,2.0625,3.3,-4.95,50000,5646,0.11292
11126,2.0625,3.3,-4.5375000000000005,50000,5405,0.1081
11127,2.0625,3.3,-4.125,50000,5579,0.11158
11128,2.0625,3.3,-3.7125,50000,5969,0.11938
11129,2.0625,3.3,-3.3,50000,6345,0.1269
11130,2.0625,3.3,-2.8875,50000,6967,0.13934
11131,2.0625,3.3,-2.475,50000,7301,0.14602
11132,2.0625,3.3,-2.0625,50000,7815,0.1563
11133,2.0625,3.3,-1.65,50000,8173,0.16346
11134,2.0625,3.3,-1.2374999999999998,50000,8309,0.16618
11135,2.0625,3.3,-0.8250000000000002,50000,8391,0.16782
11136,2.0625,3.3,-0.4124999999999996,50000,8600,0.172
11137,2.0625,3.3,0.0,50000,8721,0.17442
11138,2.0625,3.3,0.4125000000000005,50000,8683,0.17366
11139,2.0625,3.3,0.8250000000000002,50000,8549,0.17098
11140,2.0625,3.3,1.2375000000000007,50000,8478,0.16956
11141,2.0625,3.3,1.6500000000000004,50000,8108,0.16216
11142,2.0625,3.3,2.0625,50000,7946,0.15892
11143,2.0625,3.3,2.4750000000000005,50000,7457,0.14914
11144,2.0625,3.3,2.8875,50000,6893,0.13786
11145,2.0625,3.3,3.3,50000,6422,0.12844
11146,2.0625,3.3,3.712500000000001,50000,6073,0.12146
11147,2.0625,3.3,4.125000000000001,50000,5619,0.11238
11148,2.0625,3.3,4.5375000000000005,50000,5501,0.11002
11149,2.0625,3.3,4.95,50000,5468,0.10936
11150,2.0625,3.712500000000001,-4.95,50000,5238,0.10476
11151,2.0625,3.712500000000001,-4.5375000000000005,50000,5221,0.10442
11152,2.0625,3.712500000000001,-4.125,50000,5231,0.10462
11153,2.0625,3.712500000000001,-3.7125,50000,5723,0.11446
11154,2.0625,3.712500000000001,-3.3,50000,6166,0.12332
11155,2.0625,3.712500000000001,-2.8875,50000,7057,0.14114
11156,2.0625,3.712500000000001,-2.475,50000,7800,0.156
11157,2.0625,3.712500000000001,-2.0625,50000,8444,0.16888
11158,2.0625,3.712500000000001,-1.65,50000,8880,0.1776
11159,2.0625,3.712500000000001,-1.2374999999999998,50000,9255,0.1851
11160,2.0625,3.712500000000001,-0.8250000000000002,50000,9378,0.18756
11161,2.0625,3.712500000000001,-0.4124999999999996,50000,9437,0.18874
11162,2.0625,3.712500000000001,0.0,50000,9526,0.19052
11163,2.0625,3.712500000000001,0.4125000000000005,50000,9504,0.19008
11164,2.0625,3.712500000000001,0.8250000000000002,50000,9259,0.18518
11165,2.0625,3.712500000000001,1.2375000000000007,50000,9342,0.18684
11166,2.0625,3.712500000000001,1.6500000000000004,50000,8830,0.1766
11167,2.0625,3.712500000000001,2.0625,50000,8428,0.16856
11168,2.0625,3.712500000000001,2.4750000000000005,50000,7948,0.15896
11169,2.0625,3.712500000000001,2.8875,50000,7026,0.14052
11170,2.0625,3.712500000000001,3.3,50000,6323,0.12646
11171,2.0625,3.712500000000001,3.712500000000001,50000,5806,0.11612
11172,2.0625,3.712500000000001,4.125000000000001,50000,5398,0.10796
11173,2.0625,3.712500000000001,4.5375000000000005,50000,5011,0.10022
11174,2.0625,3.712500000000001,4.95,50000,5226,0.10452
11175,2.0625,4.125000000000001,-4.95,50000,4519,0.09038
11176,2.0625,4.125000000000001,-4.5375000000000005,50000,4440,0.0888
11177,2.0625,4.125000000000001,-4.125,50000,4625,0.0925
11178,2.0625,4.125000000000001,-3.7125,50000,5218,0.10436
11179,2.0625,4.125000000000001,-3.3,50000,6292,0.12584
11180,2.0625,4.125000000000001,-2.8875,50000,7620,0.1524
11181,2.0625,4.125000000000001,-2.475,50000,8771,0.17542
11182,2.0625,4.125000000000001,-2.0625,50000,9658,0.19316
11183,2.0625,4.125000000000001,-1.65,50000,10085,0.2017
11184,2.0625,4.125000000000001,-1.2374999999999998,50000,10220,0.2044
11185,2.0625,4.125000000000001,-0.8250000000000002,50000,10389,0.20778
11186,2.0625,4.125000000000001,-0.4124999999999996,50000,10425,0.2085
11187,2.0625,4.125000000000001,0.0,50000,10522,0.21044
11188,2.0625,4.125000000000001,0.4125000000000005,50000,10567,0.21134
11189,2.0625,4.125000000000001,0.8250000000000002,50000,10434,0.20868
11190,2.0625,4.125000000000001,1.2375000000000007,50000,10348,0.20696
11191,2.0625,4.125000000000001,1.6500000000000004,50000,10066,0.20132
11192,2.0625,4.125000000000001,2.0625,50000,9562,0.19124
11193,2.0625,4.125000000000001,2.4750000000000005,50000,8801,0.17602
11194,2.0625,4.125000000000001,2.8875,50000,7552,0.15104
11195,2.0625,4.125000000000001,3.3,50000,6231,0.12462
11196,2.0625,4.125000000000001,3.712500000000001,50000,5039,0.10078
11197,2.0625,4.125000000000001,4.125000000000001,50000,4630,0.0926
11198,2.0625,4.125000000000001,4.5375000000000005,50000,4486,0.08972
11199,2.0625,4.125000000000001,4.95,50000,4410,0.0882
11200,2.0625,4.5375000000000005,-4.95,50000,3618,0.07236
11201,2.0625,4.5375000000000005,-4.5375000000000005,50000,3633,0.07266
11202,2.0625,4.5375000000000005,-4.125,50000,3806,0.07612
11203,2.0625,4.5375000000000005,-3.7125,50000,4227,0.08454
11204,2.0625,4.5375000000000005,-3.3,50000,5576,0.11152
11205,2.0625,4.5375000000000005,-2.8875,50000,8405,0.1681
11206,2.0625,4.5375000000000005,-2.475,50000,10481,0.20962
11207,2.0625,4.5375000000000005,-2.0625,50000,11234,0.22468
11208,2.0625,4.5375000000000005,-1.65,50000,11869,0.23738
11209,2.0625,4.5375000000000005,-1.2374999999999998,50000,11971,0.23942
11210,2.0625,4.5375000000000005,-0.8250000000000002,50000,11956,0.23912
11211,2.0625,4.5375000000000005,-0.4124999999999996,50000,12021,0.24042
11212,2.0625,4.5375000000000005,0.0,50000,11833,0.23666
11213,2.0625,4.5375000000000005,0.4125000000000005,50000,11948,0.23896
11214,2.0625,4.5375000000000005,0.8250000000000002,50000,11809,0.23618
11215,2.0625,4.5375000000000005,1.2375000000000007,50000,11862,0.23724
11216,2.0625,4.5375000000000005,1.6500000000000004,50000,11676,0.23352
11217,2.0625,4.5375000000000005,2.0625,50000,11237,0.22474
11218,2.0625,4.5375000000000005,2.4750000000000005,50000,10423,0.20846
11219,2.0625,4.5375000000000005,2.8875,50000,8345,0.1669
11220,2.0625,4.5375000000000005,3.3,50000,5609,0.11218
11221,2.0625,4.5375000000000005,3.712500000000001,50000,4258,0.08516
11222,2.0625,4.5375000000000005,4.125000000000001,50000,3860,0.0772
11223,2.0625,4.5375000000000005,4.5375000000000005,50000,3645,0.0729
11224,2.0625,4.5375000000000005,4.95,50000,3692,0.07384
11225,2.0625,4.95,-4.95,50000,2481,0.04962
11226,2.0625,4.95,-4.5375000000000005,50000,2592,0.05184
11227,2.0625,4.95,-4.125,50000,2699,0.05398
11228,2.0625,4.95,-3.7125,50000,2751,0.05502
11229,2.0625,4.95,-3.3,50000,3253,0.06506
11230,2.0625,4.95,-2.8875,50000,12441,0.24882
11231,2.0625,4.95,-2.475,50000,13747,0.27494
11232,2.0625,4.95,-2.0625,50000,13838,0.27676
11233,2.0625,4.95,-1.65,50000,13738,0.27476
11234,2.0625,4.95,-1.2374999999999998,50000,13809,0.27618
11235,2.0625,4.95,-0.8250000000000002,50000,13865,0.2773
11236,2.0625,4.95,-0.4124999999999996,50000,13892,0.27784
11237,2.0625,4.95,0.0,50000,13759,0.27518
11238,2.0625,4.95,0.4125000000000005,50000,13946,0.27892
11239,2.0625,4.95,0.8250000000000002,50000,14020,0.2804
11240,2.0625,4.95,1.2375000000000007,50000,13955,0.2791
11241,2.0625,4.95,1.6500000000000004,50000,13864,0.27728
11242,2.0625,4.95,2.0625,50000,13925,0.2785
11243,2.0625,4.95,2.4750000000000005,50000,13774,0.27548
11244,2.0625,4.95,2.8875,50000,12511,0.25022
11245,2.0625,4.95,3.3,50000,3184,0.06368
11246,2.0625,4.95,3.712500000000001,50000,2874,0.05748
11247,2.0625,4.95,4.125000000000001,50000,2729,0.05458
11248,2.0625,4.95,4.5375000000000005,50000,2614,0.05228
11249,2.0625,4.95,4.95,50000,2449,0.04898
11250,2.4750000000000005,-4.95,-4.95,50000,5471,0.10942
11251,2.4750000000000005,-4.95,-4.5375000000000005,50000,5763,0.11526
11252,2.4750000000000005,-4.95,-4.125,50000,5689,0.11378
11253,2.4750000000000005,-4.95,-3.7125,50000,5527,0.11054
11254,2.4750000000000005,-4.95,-3.3,50000,5728,0.11456
11255,2.4750000000000005,-4.95,-2.8875,50000,5760,0.1152
11256,2.4750000000000005,-4.95,-2.475,50000,5966,0.11932
11257,2.4750000000000005,-4.95,-2.0625,50000,5716,0.11432
11258,2.4750000000000005,-4.95,-1.65,50000,5793,0.11586
11259,2.4750000000000005,-4.95,-1.2374999999999998,50000,5805,0.1161
11260,2.4750000000000005,-4.95,-0.8250000000000002,50000,5912,0.11824
11261,2.4750000000000005,-4.95,-0.4124999999999996,50000,5724,0.11448
11262,2.4750000000000005,-4.95,0.0,50000,5699,0.11398
11263,2.4750000000000005,-4.95,0.4125000000000005,50000,5799,0.11598
11264,2.4750000000000005,-4.95,0.8250000000000002,50000,5790,0.1158
11265,2.4750000000000005,-4.95,1.2375000000000007,50000,5818,0.11636
11266,2.4750000000000005,-4.95,1.6500000000000004,50000,5816,0.11632
11267,2.4750000000000005,-4.95,2.0625,50000,5853,0.11706
11268,2.4750000000000005,-4.95,2.4750000000000005,50000,5906,0.11812
11269,2.4750000000000005,-4.95,2.8875,50000,5860,0.1172
11270,2.4750000000000005,-4.95,3.3,50000,5773,0.11546
11271,2.4750000000000005,-4.95,3.712500000000001,50000,5720,0.1144
11272,2.4750000000000005,-4.95,4.125000000000001,50000,5674,0.11348
11273,2.4750000000000005,-4.95,4.5375000000000005,50000,5618,0.11236
11274,2.4750000000000005,-4.95,4.95,50000,5555,0.1111
11275,2.4750000000000005,-4.5375000000000005,-4.95,50000,5568,0.11136
11276,2.4750000000000005,-4.5375000000000005,-4.5375000000000005,50000,5694,0.11388
11277,2.4750000000000005,-4.5375000000000005,-4.125,50000,5588,0.11176
11278,2.4750000000000005,-4.5375000000000005,-3.7125,50000,5577,0.11154
11279,2.4750000000000005,-4.5375000000000005,-3.3,50000,5721,0.11442
11280,2.4750000000000005,-4.5375000000000005,-2.8875,50000,5660,0.1132
11281,2.4750000000000005,-4.5375000000000005,-2.475,50000,5806,0.11612
11282,2.4750000000000005,-4.5375000000000005,-2.0625,50000,5844,0.11688
11283,2.4750000000000005,-4.5375000000000005,-1.65,50000,5855,0.1171
11284,2.4750000000000005,-4.5375000000000005,-1.2374999999999998,50000,5881,0.11762
11285,2.4750000000000005,-4.5375000000000005,-0.8250000000000002,50000,5784,0.11568
11286,2.4750000000000005,-4.5375000000000005,-0.4124999999999996,50000,5922,0.11844
11287,2.4750000000000005,-4.5375000000000005,0.0,50000,5839,0.11678
11288,2.4750000000000005,-4.5375000000000005,0.4125000000000005,50000,5864,0.11728
11289,2.4750000000000005,-4.5375000000000005,0.8250000000000002,50000,5861,0.11722
11290,2.4750000000000005,-4.5375000000000005,1.2375000000000007,50000,5804,0.11608
11291,2.4750000000000005,-4.5375000000000005,1.6500000000000004,50000,5720,0.1144
11292,2.4750000000000005,-4.5375000000000005,2.0625,50000,5606,0.11212
11293,2.4750000000000005,-4.5375000000000005,2.4750000000000005,50000,5669,0.11338
11294,2.4750000000000005,-4.5375000000000005,2.8875,50000,5695,0.1139
11295,2.4750000000000005,-4.5375000000000005,3.3,50000,5714,0.11428
11296,2.4750000000000005,-4.5375000000000005,3.712500000000001,50000,5761,0.11522
11297,2.4750000000000005,-4.5375000000000005,4.125000000000001,50000,5718,0.11436
11298,2.4750000000000005,-4.5375000000000005,4.5375000000000005,50000,5770,0.1154
11299,2.4750000000000005,-4.5375000000000005,4.95,50000,5602,0.11204
11300,2.4750000000000005,-4.125,-4.95,50000,5655,0.1131
11301,2.4750000000000005,-4.125,-4.5375000000000005,50000,5650,0.113
11302,2.4750000000000005,-4.125,-4.125,50000,5473,0.10946
11303,2.4750000000000005,-4.125,-3.7125,50000,5732,0.11464
11304,2.4750000000000005,-4.125,-3.3,50000,5734,0.11468
11305,2.4750000000000005,-4.125,-2.8875,50000,5690,0.1138
11306,2.4750000000000005,-4.125,-2.475,50000,5853,0.11706
11307,2.4750000000000005,-4.125,-2.0625,50000,5870,0.1174
11308,2.4750000000000005,-4.125,-1.65,50000,5826,0.11652
11309,2.4750000000000005,-4.125,-1.2374999999999998,50000,5688,0.11376
11310,2.4750000000000005,-4.125,-0.8250000000000002,50000,5799,0.11598
11311,2.4750000000000005,-4.125,-0.4124999999999996,50000,6027,0.12054
11312,2.4750000000000005,-4.125,0.0,50000,5702,0.11404
11313,2.4750000000000005,-4.125,0.4125000000000005,50000,5835,0.1167
11314,2.4750000000000005,-4.125,0.8250000000000002,50000,5864,0.11728
11315,2.4750000000000005,-4.125,1.2375000000000007,50000,5939,0.11878
11316,2.4750000000000005,-4.125,1.6500000000000004,50000,5933,0.11866
11317,2.4750000000000005,-4.125,2.0625,50000,5787,0.11574
11318,2.4750000000000005,-4.125,2.4750000000000005,50000,5846,0.11692
11319,2.4750000000000005,-4.125,2.8875,50000,5724,0.11448
11320,2.4750000000000005,-4.125,3.3,50000,5734,0.11468
11321,2.4750000000000005,-4.125,3.712500000000001,50000,5739,0.11478
11322,2.4750000000000005,-4.125,4.125000000000001,50000,5735,0.1147
11323,2.4750000000000005,-4.125,4.5375000000000005,50000,5752,0.11504
11324,2.4750000000000005,-4.125,4.95,50000,5682,0.11364
11325,2.4750000000000005,-3.7125,-4.95,50000,5613,0.11226
11326,2.4750000000000005,-3.7125,-4.5375000000000005,50000,5622,0.11244
11327,2.4750000000000005,-3.7125,-4.125,50000,5633,0.11266
11328,2.4750000000000005,-3.7125,-3.7125,50000,5644,0.11288
11329,2.4750000000000005,-3.7125,-3.3,50000,5825,0.1165
11330,2.4750000000000005,-3.7125,-2.8875,50000,5727,0.11454
11331,2.4750000000000005,-3.7125,-2.475,50000,5696,0.11392
11332,2.4750000000000005,-3.7125,-2.0625,50000,5727,0.11454
11333,2.4750000000000005,-3.7125,-1.65,50000,5795,0.1159
11334,2.4750000000000005,-3.7125,-1.2374999999999998,50000,5868,0.11736
11335,2.4750000000000005,-3.7125,-0.8250000000000002,50000,5779,0.11558
11336,2.4750000000000005,-3.7125,-0.4124999999999996,50000,5807,0.11614
11337,2.4750000000000005,-3.7125,0.0,50000,5697,0.11394
11338,2.4750000000000005,-3.7125,0.4125000000000005,50000,5827,0.11654
11339,2.4750000000000005,-3.7125,0.8250000000000002,50000,5883,0.11766
11340,2.4750000000000005,-3.7125,1.2375000000000007,50000,5909,0.11818
11341,2.4750000000000005,-3.7125,1.6500000000000004,50000,5802,0.11604
11342,2.4750000000000005,-3.7125,2.0625,50000,5783,0.11566
11343,2.4750000000000005,-3.7125,2.4750000000000005,50000,5756,0.11512
11344,2.4750000000000005,-3.7125,2.8875,50000,5839,0.11678
11345,2.4750000000000005,-3.7125,3.3,50000,5777,0.11554
11346,2.4750000000000005,-3.7125,3.712500000000001,50000,5760,0.1152
11347,2.4750000000000005,-3.7125,4.125000000000001,50000,5755,0.1151
11348,2.4750000000000005,-3.7125,4.5375000000000005,50000,5630,0.1126
11349,2.4750000000000005,-3.7125,4.95,50000,5681,0.11362
11350,2.4750000000000005,-3.3,-4.95,50000,5613,0.11226
11351,2.4750000000000005,-3.3,-4.5375000000000005,50000,5761,0.11522
11352,2.4750000000000005,-3.3,-4.125,50000,5764,0.11528
11353,2.4750000000000005,-3.3,-3.7125,50000,5533,0.11066
11354,2.4750000000000005,-3.3,-3.3,50000,5792,0.11584
11355,2.4750000000000005,-3.3,-2.8875,50000,5825,0.1165
11356,2.4750000000000005,-3.3,-2.475,50000,5813,0.11626
11357,2.4750000000000005,-3.3,-2.0625,50000,5704,0.11408
11358,2.4750000000000005,-3.3,-1.65,50000,5821,0.11642
11359,2.4750000000000005,-3.3,-1.2374999999999998,50000,5945,0.1189
11360,2.4750000000000005,-3.3,-0.8250000000000002,50000,5816,0.11632
11361,2.4750000000000005,-3.3,-0.4124999999999996,50000,5736,0.11472
11362,2.4750000000000005,-3.3,0.0,50000,5949,0.11898
11363,2.4750000000000005,-3.3,0.4125000000000005,50000,5851,0.11702
11364,2.4750000000000005,-3.3,0.8250000000000002,50000,5940,0.1188
11365,2.4750000000000005,-3.3,1.2375000000000007,50000,5819,0.11638
11366,2.4750000000000005,-3.3,1.6500000000000004,50000,5875,0.1175
11367,2.4750000000000005,-3.3,2.0625,50000,5782,0.11564
11368,2.4750000000000005,-3.3,2.4750000000000005,50000,5869,0.11738
11369,2.4750000000000005,-3.3,2.8875,50000,5632,0.11264
11370,2.4750000000000005,-3.3,3.3,50000,5729,0.11458
11371,2.4750000000000005,-3.3,3.712500000000001,50000,5631,0.11262
11372,2.4750000000000005,-3.3,4.125000000000001,50000,5811,0.11622
11373,2.4750000000000005,-3.3,4.5375000000000005,50000,5672,0.11344
11374,2.4750000000000005,-3.3,4.95,50000,5685,0.1137
11375,2.4750000000000005,-2.8875,-4.95,50000,5700,0.114
11376,2.4750000000000005,-2.8875,-4.5375000000000005,50000,5814,0.11628
11377,2.4750000000000005,-2.8875,-4.125,50000,5854,0.11708
11378,2.4750000000000005,-2.8875,-3.7125,50000,5712,0.11424
11379,2.4750000000000005,-2.8875,-3.3,50000,5821,0.11642
11380,2.4750000000000005,-2.8875,-2.8875,50000,5790,0.1158
11381,2.4750000000000005,-2.8875,-2.475,50000,5787,0.11574
11382,2.4750000000000005,-2.8875,-2.0625,50000,5832,0.11664
11383,2.4750000000000005,-2.8875,-1.65,50000,5831,0.11662
11384,2.4750000000000005,-2.8875,-1.2374999999999998,50000,5929,0.11858
11385,2.4750000000000005,-2.8875,-0.8250000000000002,50000,5954,0.11908
11386,2.4750000000000005,-2.8875,-0.4124999999999996,50000,5899,0.11798
11387,2.4750000000000005,-2.8875,0.0,50000,5902,0.11804
11388,2.4750000000000005,-2.8875,0.4125000000000005,50000,5871,0.11742
11389,2.4750000000000005,-2.8875,0.8250000000000002,50000,5858,0.11716
11390,2.4750000000000005,-2.8875,1.2375000000000007,50000,5829,0.11658
11391,2.4750000000000005,-2.8875,1.6500000000000004,50000,5903,0.11806
11392,2.4750000000000005,-2.8875,2.0625,50000,5786,0.11572
11393,2.4750000000000005,-2.8875,2.4750000000000005,50000,5652,0.11304
11394,2.4750000000000005,-2.8875,2.8875,50000,5731,0.11462
11395,2.4750000000000005,-2.8875,3.3,50000,5706,0.11412
11396,2.4750000000000005,-2.8875,3.712500000000001,50000,5675,0.1135
11397,2.4750000000000005,-2.8875,4.125000000000001,50000,5725,0.1145
11398,2.4750000000000005,-2.8875,4.5375000000000005,50000,5655,0.1131
11399,2.4750000000000005,-2.8875,4.95,50000,5678,0.11356
11400,2.4750000000000005,-2.475,-4.95,50000,5820,0.1164
11401,2.4750000000000005,-2.475,-4.5375000000000005,50000,5651,0.11302
11402,2.4750000000000005,-2.475,-4.125,50000,5836,0.11672
11403,2.4750000000000005,-2.475,-3.7125,50000,5820,0.1164
11404,2.4750000000000005,-2.475,-3.3,50000,5822,0.11644
11405,2.4750000000000005,-2.475,-2.8875,50000,5792,0.11584
11406,2.4750000000000005,-2.475,-2.475,50000,5879,0.11758
11407,2.4750000000000005,-2.475,-2.0625,50000,5820,0.1164
11408,2.4750000000000005,-2.475,-1.65,50000,5906,0.11812
11409,2.4750000000000005,-2.475,-1.2374999999999998,50000,5920,0.1184
11410,2.4750000000000005,-2.475,-0.8250000000000002,50000,5915,0.1183
11411,2.4750000000000005,-2.475,-0.4124999999999996,50000,5893,0.11786
11412,2.4750000000000005,-2.475,0.0,50000,6003,0.12006
11413,2.4750000000000005,-2.475,0.4125000000000005,50000,5928,0.11856
11414,2.4750000000000005,-2.475,0.8250000000000002,50000,5856,0.11712
11415,2.4750000000000005,-2.475,1.2375000000000007,50000,5891,0.11782
11416,2.4750000000000005,-2.475,1.6500000000000004,50000,5811,0.11622
11417,2.4750000000000005,-2.475,2.0625,50000,5795,0.1159
11418,2.4750000000000005,-2.475,2.4750000000000005,50000,5782,0.11564
11419,2.4750000000000005,-2.475,2.8875,50000,5854,0.11708
11420,2.4750000000000005,-2.475,3.3,50000,5746,0.11492
11421,2.4750000000000005,-2.475,3.712500000000001,50000,5711,0.11422
11422,2.4750000000000005,-2.475,4.125000000000001,50000,5779,0.11558
11423,2.4750000000000005,-2.475,4.5375000000000005,50000,5718,0.11436
11424,2.4750000000000005,-2.475,4.95,50000,5818,0.11636
11425,2.4750000000000005,-2.0625,-4.95,50000,5887,0.11774
11426,2.4750000000000005,-2.0625,-4.5375000000000005,50000,5684,0.11368
11427,2.4750000000000005,-2.0625,-4.125,50000,5783,0.11566
11428,2.4750000000000005,-2.0625,-3.7125,50000,5843,0.11686
11429,2.4750000000000005,-2.0625,-3.3,50000,5797,0.11594
11430,2.4750000000000005,-2.0625,-2.8875,50000,5898,0.11796
11431,2.4750000000000005,-2.0625,-2.475,50000,5882,0.11764
11432,2.4750000000000005,-2.0625,-2.0625,50000,5871,0.11742
11433,2.4750000000000005,-2.0625,-1.65,50000,5787,0.11574
11434,2.4750000000000005,-2.0625,-1.2374999999999998,50000,5880,0.1176
11435,2.4750000000000005,-2.0625,-0.8250000000000002,50000,5860,0.1172
11436,2.4750000000000005,-2.0625,-0.4124999999999996,50000,6039,0.12078
11437,2.4750000000000005,-2.0625,0.0,50000,5907,0.11814
11438,2.4750000000000005,-2.0625,0.4125000000000005,50000,5907,0.11814
11439,2.4750000000000005,-2.0625,0.8250000000000002,50000,5793,0.11586
11440,2.4750000000000005,-2.0625,1.2375000000000007,50000,5710,0.1142
11441,2.4750000000000005,-2.0625,1.6500000000000004,50000,5801,0.11602
11442,2.4750000000000005,-2.0625,2.0625,50000,5867,0.11734
11443,2.4750000000000005,-2.0625,2.4750000000000005,50000,5874,0.11748
11444,2.4750000000000005,-2.0625,2.8875,50000,5884,0.11768
11445,2.4750000000000005,-2.0625,3.3,50000,5845,0.1169
11446,2.4750000000000005,-2.0625,3.712500000000001,50000,5877,0.11754
11447,2.4750000000000005,-2.0625,4.125000000000001,50000,5932,0.11864
11448,2.4750000000000005,-2.0625,4.5375000000000005,50000,5749,0.11498
11449,2.4750000000000005,-2.0625,4.95,50000,5790,0.1158
11450,2.4750000000000005,-1.65,-4.95,50000,5735,0.1147
11451,2.4750000000000005,-1.65,-4.5375000000000005,50000,5930,0.1186
11452,2.4750000000000005,-1.65,-4.125,50000,5823,0.11646
11453,2.4750000000000005,-1.65,-3.7125,50000,5837,0.11674
11454,2.4750000000000005,-1.65,-3.3,50000,5869,0.11738
11455,2.4750000000000005,-1.65,-2.8875,50000,5806,0.11612
11456,2.4750000000000005,-1.65,-2.475,50000,6007,0.12014
11457,2.4750000000000005,-1.65,-2.0625,50000,5977,0.11954
11458,2.4750000000000005,-1.65,-1.65,50000,5929,0.11858
11459,2.4750000000000005,-1.65,-1.2374999999999998,50000,6125,0.1225
11460,2.4750000000000005,-1.65,-0.8250000000000002,50000,6056,0.12112
11461,2.4750000000000005,-1.65,-0.4124999999999996,50000,6047,0.12094
11462,2.4750000000000005,-1.65,0.0,50000,5978,0.11956
11463,2.4750000000000005,-1.65,0.4125000000000005,50000,5996,0.11992
11464,2.4750000000000005,-1.65,0.8250000000000002,50000,6055,0.1211
11465,2.4750000000000005,-1.65,1.2375000000000007,50000,5947,0.11894
11466,2.4750000000000005,-1.65,1.6500000000000004,50000,6042,0.12084
11467,2.4750000000000005,-1.65,2.0625,50000,5955,0.1191
11468,2.4750000000000005,-1.65,2.4750000000000005,50000,5868,0.11736
11469,2.4750000000000005,-1.65,2.8875,50000,5819,0.11638
11470,2.4750000000000005,-1.65,3.3,50000,5926,0.11852
11471,2.4750000000000005,-1.65,3.712500000000001,50000,5881,0.11762
11472,2.4750000000000005,-1.65,4.125000000000001,50000,5716,0.11432
11473,2.4750000000000005,-1.65,4.5375000000000005,50000,5852,0.11704
11474,2.4750000000000005,-1.65,4.95,50000,5842,0.11684
11475,2.4750000000000005,-1.2374999999999998,-4.95,50000,5948,0.11896
11476,2.4750000000000005,-1.2374999999999998,-4.5375000000000005,50000,5743,0.11486
11477,2.4750000000000005,-1.2374999999999998,-4.125,50000,5818,0.11636
11478,2.4750000000000005,-1.2374999999999998,-3.7125,50000,5873,0.11746
11479,2.4750000000000005,-1.2374999999999998,-3.3,50000,5867,0.11734
11480,2.4750000000000005,-1.2374999999999998,-2.8875,50000,5930,0.1186
11481,2.4750000000000005,-1.2374999999999998,-2.475,50000,6082,0.12164
11482,2.4750000000000005,-1.2374999999999998,-2.0625,50000,5939,0.11878
11483,2.4750000000000005,-1.2374999999999998,-1.65,50000,5968,0.11936
11484,2.4750000000000005,-1.2374999999999998,-1.2374999999999998,50000,6087,0.12174
11485,2.4750000000000005,-1.2374999999999998,-0.8250000000000002,50000,6013,0.12026
11486,2.4750000000000005,-1.2374999999999998,-0.4124999999999996,50000,6172,0.12344
11487,2.4750000000000005,-1.2374999999999998,0.0,50000,6051,0.12102
11488,2.4750000000000005,-1.2374999999999998,0.4125000000000005,50000,5932,0.11864
11489,2.4750000000000005,-1.2374999999999998,0.8250000000000002,50000,6024,0.12048
11490,2.4750000000000005,-1.2374999999999998,1.2375000000000007,50000,5987,0.11974
11491,2.4750000000000005,-1.2374999999999998,1.6500000000000004,50000,6071,0.12142
11492,2.4750000000000005,-1.2374999999999998,2.0625,50000,6049,0.12098
11493,2.4750000000000005,-1.2374999999999998,2.4750000000000005,50000,5978,0.11956
11494,2.4750000000000005,-1.2374999999999998,2.8875,50000,6067,0.12134
11495,2.4750000000000005,-1.2374999999999998,3.3,50000,5912,0.11824
11496,2.4750000000000005,-1.2374999999999998,3.712500000000001,50000,5801,0.11602
11497,2.4750000000000005,-1.2374999999999998,4.125000000000001,50000,5841,0.11682
11498,2.4750000000000005,-1.2374999999999998,4.5375000000000005,50000,5866,0.11732
11499,2.4750000000000005,-1.2374999999999998,4.95,50000,5916,0.11832
11500,2.4750000000000005,-0.8250000000000002,-4.95,50000,5928,0.11856
11501,2.4750000000000005,-0.8250000000000002,-4.5375000000000005,50000,5926,0.11852
11502,2.4750000000000005,-0.8250000000000002,-4.125,50000,5888,0.11776
11503,2.4750000000000005,-0.8250000000000002,-3.7125,50000,5999,0.11998
11504,2.4750000000000005,-0.8250000000000002,-3.3,50000,5870,0.1174
11505,2.4750000000000005,-0.8250000000000002,-2.8875,50000,5861,0.11722
11506,2.4750000000000005,-0.8250000000000002,-2.475,50000,6020,0.1204
11507,2.4750000000000005,-0.8250000000000002,-2.0625,50000,6112,0.12224
11508,2.4750000000000005,-0.8250000000000002,-1.65,50000,6155,0.1231
11509,2.4750000000000005,-0.8250000000000002,-1.2374999999999998,50000,6027,0.12054
11510,2.4750000000000005,-0.8250000000000002,-0.8250000000000002,50000,6180,0.1236
11511,2.4750000000000005,-0.8250000000000002,-0.4124999999999996,50000,6150,0.123
11512,2.4750000000000005,-0.8250000000000002,0.0,50000,6130,0.1226
11513,2.4750000000000005,-0.8250000000000002,0.4125000000000005,50000,6155,0.1231
11514,2.4750000000000005,-0.8250000000000002,0.8250000000000002,50000,6182,0.12364
11515,2.4750000000000005,-0.8250000000000002,1.2375000000000007,50000,5977,0.11954
11516,2.4750000000000005,-0.8250000000000002,1.6500000000000004,50000,6014,0.12028
11517,2.4750000000000005,-0.8250000000000002,2.0625,50000,6168,0.12336
11518,2.4750000000000005,-0.8250000000000002,2.4750000000000005,50000,6021,0.12042
11519,2.4750000000000005,-0.8250000000000002,2.8875,50000,5947,0.11894
11520,2.4750000000000005,-0.8250000000000002,3.3,50000,5856,0.11712
11521,2.4750000000000005,-0.8250000000000002,3.712500000000001,50000,6013,0.12026
11522,2.4750000000000005,-0.8250000000000002,4.125000000000001,50000,5983,0.11966
11523,2.4750000000000005,-0.8250000000000002,4.5375000000000005,50000,5743,0.11486
11524,2.4750000000000005,-0.8250000000000002,4.95,50000,6010,0.1202
11525,2.4750000000000005,-0.4124999999999996,-4.95,50000,5876,0.11752
11526,2.4750000000000005,-0.4124999999999996,-4.5375000000000005,50000,5821,0.11642
11527,2.4750000000000005,-0.4124999999999996,-4.125,50000,5961,0.11922
11528,2.4750000000000005,-0.4124999999999996,-3.7125,50000,5960,0.1192
11529,2.4750000000000005,-0.4124999999999996,-3.3,50000,6152,0.12304
11530,2.4750000000000005,-0.4124999999999996,-2.8875,50000,6061,0.12122
11531,2.4750000000000005,-0.4124999999999996,-2.475,50000,6135,0.1227
11532,2.4750000000000005,-0.4124999999999996,-2.0625,50000,6168,0.12336
11533,2.4750000000000005,-0.4124999999999996,-1.65,50000,6149,0.12298
11534,2.4750000000000005,-0.4124999999999996,-1.2374999999999998,50000,6155,0.1231
11535,2.4750000000000005,-0.4124999999999996,-0.8250000000000002,50000,6222,0.12444
11536,2.4750000000000005,-0.4124999999999996,-0.4124999999999996,50000,6259,0.12518
11537,2.4750000000000005,-0.4124999999999996,0.0,50000,6207,0.12414
11538,2.4750000000000005,-0.4124999999999996,0.4125000000000005,50000,6192,0.12384
11539,2.4750000000000005,-0.4124999999999996,0.8250000000000002,50000,6223,0.12446
11540,2.4750000000000005,-0.4124999999999996,1.2375000000000007,50000,6124,0.12248
11541,2.4750000000000005,-0.4124999999999996,1.6500000000000004,50000,6145,0.1229
11542,2.4750000000000005,-0.4124999999999996,2.0625,50000,6058,0.12116
11543,2.4750000000000005,-0.4124999999999996,2.4750000000000005,50000,5957,0.11914
11544,2.4750000000000005,-0.4124999999999996,2.8875,50000,6149,0.12298
11545,2.4750000000000005,-0.4124999999999996,3.3,50000,6018,0.12036
11546,2.4750000000000005,-0.4124999999999996,3.712500000000001,50000,6001,0.12002
11547,2.4750000000000005,-0.4124999999999996,4.125000000000001,50000,5933,0.11866
11548,2.4750000000000005,-0.4124999999999996,4.5375000000000005,50000,6022,0.12044
11549,2.4750000000000005,-0.4124999999999996,4.95,50000,5904,0.11808
11550,2.4750000000000005,0.0,-4.95,50000,6106,0.12212
11551,2.4750000000000005,0.0,-4.5375000000000005,50000,5934,0.11868
11552,2.4750000000000005,0.0,-4.125,50000,6005,0.1201
11553,2.4750000000000005,0.0,-3.7125,50000,5979,0.11958
11554,2.4750000000000005,0.0,-3.3,50000,6026,0.12052
11555,2.4750000000000005,0.0,-2.8875,50000,6183,0.12366
11556,2.4750000000000005,0.0,-2.475,50000,6293,0.12586
11557,2.4750000000000005,0.0,-2.0625,50000,6077,0.12154
11558,2.4750000000000005,0.0,-1.65,50000,6273,0.12546
11559,2.4750000000000005,0.0,-1.2374999999999998,50000,6250,0.125
11560,2.4750000000000005,0.0,-0.8250000000000002,50000,6390,0.1278
11561,2.4750000000000005,0.0,-0.4124999999999996,50000,6391,0.12782
11562,2.4750000000000005,0.0,0.0,50000,6217,0.12434
11563,2.4750000000000005,0.0,0.4125000000000005,50000,6380,0.1276
11564,2.4750000000000005,0.0,0.8250000000000002,50000,6258,0.12516
11565,2.4750000000000005,0.0,1.2375000000000007,50000,6242,0.12484
11566,2.4750000000000005,0.0,1.6500000000000004,50000,6187,0.12374
11567,2.4750000000000005,0.0,2.0625,50000,6108,0.12216
11568,2.4750000000000005,0.0,2.4750000000000005,50000,6064,0.12128
11569,2.4750000000000005,0.0,2.8875,50000,6179,0.12358
11570,2.4750000000000005,0.0,3.3,50000,6070,0.1214
11571,2.4750000000000005,0.0,3.712500000000001,50000,5975,0.1195
11572,2.4750000000000005,0.0,4.125000000000001,50000,5974,0.11948
11573,2.4750000000000005,0.0,4.5375000000000005,50000,5974,0.11948
11574,2.4750000000000005,0.0,4.95,50000,5875,0.1175
11575,2.4750000000000005,0.4125000000000005,-4.95,50000,6012,0.12024
11576,2.4750000000000005,0.4125000000000005,-4.5375000000000005,50000,5970,0.1194
11577,2.4750000000000005,0.4125000000000005,-4.125,50000,5934,0.11868
11578,2.4750000000000005,0.4125000000000005,-3.7125,50000,6039,0.12078
11579,2.4750000000000005,0.4125000000000005,-3.3,50000,6212,0.12424
11580,2.4750000000000005,0.4125000000000005,-2.8875,50000,6165,0.1233
11581,2.4750000000000005,0.4125000000000005,-2.475,50000,6165,0.1233
11582,2.4750000000000005,0.4125000000000005,-2.0625,50000,6124,0.12248
11583,2.4750000000000005,0.4125000000000005,-1.65,50000,6251,0.12502
11584,2.4750000000000005,0.4125000000000005,-1.2374999999999998,50000,6298,0.12596
11585,2.4750000000000005,0.4125000000000005,-0.8250000000000002,50000,6340,0.1268
11586,2.4750000000000005,0.4125000000000005,-0.4124999999999996,50000,6412,0.12824
11587,2.4750000000000005,0.4125000000000005,0.0,50000,6512,0.13024
11588,2.4750000000000005,0.4125000000000005,0.4125000000000005,50000,6396,0.12792
11589,2.4750000000000005,0.4125000000000005,0.8250000000000002,50000,6479,0.12958
11590,2.4750000000000005,0.4125000000000005,1.2375000000000007,50000,6294,0.12588
11591,2.4750000000000005,0.4125000000000005,1.6500000000000004,50000,6258,0.12516
11592,2.4750000000000005,0.4125000000000005,2.0625,50000,6392,0.12784
11593,2.4750000000000005,0.4125000000000005,2.4750000000000005,50000,6280,0.1256
11594,2.4750000000000005,0.4125000000000005,2.8875,50000,6209,0.12418
11595,2.4750000000000005,0.4125000000000005,3.3,50000,6144,0.12288
11596,2.4750000000000005,0.4125000000000005,3.712500000000001,50000,6083,0.12166
11597,2.4750000000000005,0.4125000000000005,4.125000000000001,50000,5969,0.11938
11598,2.4750000000000005,0.4125000000000005,4.5375000000000005,50000,5979,0.11958
11599,2.4750000000000005,0.4125000000000005,4.95,50000,6004,0.12008
11600,2.4750000000000005,0.8250000000000002,-4.95,50000,5857,0.11714
11601,2.4750000000000005,0.8250000000000002,-4.5375000000000005,50000,5994,0.11988
11602,2.4750000000000005,0.8250000000000002,-4.125,50000,5955,0.1191
11603,2.4750000000000005,0.8250000000000002,-3.7125,50000,6195,0.1239
11604,2.4750000000000005,0.8250000000000002,-3.3,50000,6222,0.12444
11605,2.4750000000000005,0.8250000000000002,-2.8875,50000,6269,0.12538
11606,2.4750000000000005,0.8250000000000002,-2.475,50000,6241,0.12482
11607,2.4750000000000005,0.8250000000000002,-2.0625,50000,6218,0.12436
11608,2.4750000000000005,0.8250000000000002,-1.65,50000,6192,0.12384
11609,2.4750000000000005,0.8250000000000002,-1.2374999999999998,50000,6469,0.12938
11610,2.4750000000000005,0.8250000000000002,-0.8250000000000002,50000,6615,0.1323
11611,2.4750000000000005,0.8250000000000002,-0.4124999999999996,50000,6680,0.1336
11612,2.4750000000000005,0.8250000000000002,0.0,50000,6578,0.13156
11613,2.4750000000000005,0.8250000000000002,0.4125000000000005,50000,6517,0.13034
11614,2.4750000000000005,0.8250000000000002,0.8250000000000002,50000,6564,0.13128
11615,2.4750000000000005,0.8250000000000002,1.2375000000000007,50000,6469,0.12938
11616,2.4750000000000005,0.8250000000000002,1.6500000000000004,50000,6501,0.13002
11617,2.4750000000000005,0.8250000000000002,2.0625,50000,6475,0.1295
11618,2.4750000000000005,0.8250000000000002,2.4750000000000005,50000,6336,0.12672
11619,2.4750000000000005,0.8250000000000002,2.8875,50000,6198,0.12396
11620,2.4750000000000005,0.8250000000000002,3.3,50000,6238,0.12476
11621,2.4750000000000005,0.8250000000000002,3.712500000000001,50000,6049,0.12098
11622,2.4750000000000005,0.8250000000000002,4.125000000000001,50000,5879,0.11758
11623,2.4750000000000005,0.8250000000000002,4.5375000000000005,50000,6021,0.12042
11624,2.4750000000000005,0.8250000000000002,4.95,50000,6110,0.1222
11625,2.4750000000000005,1.2375000000000007,-4.95,50000,6066,0.12132
11626,2.4750000000000005,1.2375000000000007,-4.5375000000000005,50000,6082,0.12164
11627,2.4750000000000005,1.2375000000000007,-4.125,50000,5994,0.11988
11628,2.4750000000000005,1.2375000000000007,-3.7125,50000,6083,0.12166
11629,2.4750000000000005,1.2375000000000007,-3.3,50000,6300,0.126
11630,2.4750000000000005,1.2375000000000007,-2.8875,50000,6193,0.12386
11631,2.4750000000000005,1.2375000000000007,-2.475,50000,6337,0.12674
11632,2.4750000000000005,1.2375000000000007,-2.0625,50000,6447,0.12894
11633,2.4750000000000005,1.2375000000000007,-1.65,50000,6476,0.12952
11634,2.4750000000000005,1.2375000000000007,-1.2374999999999998,50000,6716,0.13432
11635,2.4750000000000005,1.2375000000000007,-0.8250000000000002,50000,6689,0.13378
11636,2.4750000000000005,1.2375000000000007,-0.4124999999999996,50000,6704,0.13408
11637,2.4750000000000005,1.2375000000000007,0.0,50000,6644,0.13288
11638,2.4750000000000005,1.2375000000000007,0.4125000000000005,50000,6746,0.13492
11639,2.4750000000000005,1.2375000000000007,0.8250000000000002,50000,6683,0.13366
11640,2.4750000000000005,1.2375000000000007,1.2375000000000007,50000,6569,0.13138
11641,2.4750000000000005,1.2375000000000007,1.6500000000000004,50000,6473,0.12946
11642,2.4750000000000005,1.2375000000000007,2.0625,50000,6525,0.1305
11643,2.4750000000000005,1.2375000000000007,2.4750000000000005,50000,6329,0.12658
11644,2.4750000000000005,1.2375000000000007,2.8875,50000,6092,0.12184
11645,2.4750000000000005,1.2375000000000007,3.3,50000,6146,0.12292
11646,2.4750000000000005,1.2375000000000007,3.712500000000001,50000,6100,0.122
11647,2.4750000000000005,1.2375000000000007,4.125000000000001,50000,6058,0.12116
11648,2.4750000000000005,1.2375000000000007,4.5375000000000005,50000,5906,0.11812
11649,2.4750000000000005,1.2375000000000007,4.95,50000,5940,0.1188
11650,2.4750000000000005,1.6500000000000004,-4.95,50000,5946,0.11892
11651,2.4750000000000005,1.6500000000000004,-4.5375000000000005,50000,5947,0.11894
11652,2.4750000000000005,1.6500000000000004,-4.125,50000,5953,0.11906
11653,2.4750000000000005,1.6500000000000004,-3.7125,50000,6052,0.12104
11654,2.4750000000000005,1.6500000000000004,-3.3,50000,6315,0.1263
11655,2.4750000000000005,1.6500000000000004,-2.8875,50000,6341,0.12682
11656,2.4750000000000005,1.6500000000000004,-2.475,50000,6454,0.12908
11657,2.4750000000000005,1.6500000000000004,-2.0625,50000,6709,0.13418
11658,2.4750000000000005,1.6500000000000004,-1.65,50000,6701,0.13402
11659,2.4750000000000005,1.6500000000000004,-1.2374999999999998,50000,6632,0.13264
11660,2.4750000000000005,1.6500000000000004,-0.8250000000000002,50000,6852,0.13704
11661,2.4750000000000005,1.6500000000000004,-0.4124999999999996,50000,6936,0.13872
11662,2.4750000000000005,1.6500000000000004,0.0,50000,7076,0.14152
11663,2.4750000000000005,1.6500000000000004,0.4125000000000005,50000,6803,0.13606
11664,2.4750000000000005,1.6500000000000004,0.8250000000000002,50000,6764,0.13528
11665,2.4750000000000005,1.6500000000000004,1.2375000000000007,50000,6887,0.13774
11666,2.4750000000000005,1.6500000000000004,1.6500000000000004,50000,6721,0.13442
11667,2.4750000000000005,1.6500000000000004,2.0625,50000,6510,0.1302
11668,2.4750000000000005,1.6500000000000004,2.4750000000000005,50000,6454,0.12908
11669,2.4750000000000005,1.6500000000000004,2.8875,50000,6219,0.12438
11670,2.4750000000000005,1.6500000000000004,3.3,50000,6259,0.12518
11671,2.4750000000000005,1.6500000000000004,3.712500000000001,50000,6102,0.12204
11672,2.4750000000000005,1.6500000000000004,4.125000000000001,50000,6084,0.12168
11673,2.4750000000000005,1.6500000000000004,4.5375000000000005,50000,6177,0.12354
11674,2.4750000000000005,1.6500000000000004,4.95,50000,6078,0.12156
11675,2.4750000000000005,2.0625,-4.95,50000,5985,0.1197
11676,2.4750000000000005,2.0625,-4.5375000000000005,50000,5998,0.11996
11677,2.4750000000000005,2.0625,-4.125,50000,6015,0.1203
11678,2.4750000000000005,2.0625,-3.7125,50000,5954,0.11908
11679,2.4750000000000005,2.0625,-3.3,50000,6088,0.12176
11680,2.4750000000000005,2.0625,-2.8875,50000,6311,0.12622
11681,2.4750000000000005,2.0625,-2.475,50000,6663,0.13326
11682,2.4750000000000005,2.0625,-2.0625,50000,6731,0.13462
11683,2.4750000000000005,2.0625,-1.65,50000,6906,0.13812
11684,2.4750000000000005,2.0625,-1.2374999999999998,50000,7056,0.14112
11685,2.4750000000000005,2.0625,-0.8250000000000002,50000,7109,0.14218
11686,2.4750000000000005,2.0625,-0.4124999999999996,50000,7050,0.141
11687,2.4750000000000005,2.0625,0.0,50000,7151,0.14302
11688,2.4750000000000005,2.0625,0.4125000000000005,50000,7099,0.14198
11689,2.4750000000000005,2.0625,0.8250000000000002,50000,7158,0.14316
11690,2.4750000000000005,2.0625,1.2375000000000007,50000,7009,0.14018
11691,2.4750000000000005,2.0625,1.6500000000000004,50000,7029,0.14058
11692,2.4750000000000005,2.0625,2.0625,50000,6738,0.13476
11693,2.4750000000000005,2.0625,2.4750000000000005,50000,6454,0.12908
11694,2.4750000000000005,2.0625,2.8875,50000,6275,0.1255
11695,2.4750000000000005,2.0625,3.3,50000,6114,0.12228
11696,2.4750000000000005,2.0625,3.712500000000001,50000,6146,0.12292
11697,2.4750000000000005,2.0625,4.125000000000001,50000,6043,0.12086
11698,2.4750000000000005,2.0625,4.5375000000000005,50000,5923,0.11846
11699,2.4750000000000005,2.0625,4.95,50000,5925,0.1185
11700,2.4750000000000005,2.4750000000000005,-4.95,50000,5971,0.11942
11701,2.4750000000000005,2.4750000000000005,-4.5375000000000005,50000,5833,0.11666
11702,2.4750000000000005,2.4750000000000005,-4.125,50000,5907,0.11814
11703,2.4750000000000005,2.4750000000000005,-3.7125,50000,5944,0.11888
11704,2.4750000000000005,2.4750000000000005,-3.3,50000,6150,0.123
11705,2.4750000000000005,2.4750000000000005,-2.8875,50000,6307,0.12614
11706,2.4750000000000005,2.4750000000000005,-2.475,50000,6710,0.1342
11707,2.4750000000000005,2.4750000000000005,-2.0625,50000,6955,0.1391
11708,2.4750000000000005,2.4750000000000005,-1.65,50000,7026,0.14052
11709,2.4750000000000005,2.4750000000000005,-1.2374999999999998,50000,7226,0.14452
11710,2.4750000000000005,2.4750000000000005,-0.8250000000000002,50000,7272,0.14544
11711,2.4750000000000005,2.4750000000000005,-0.4124999999999996,50000,7446,0.14892
11712,2.4750000000000005,2.4750000000000005,0.0,50000,7424,0.14848
11713,2.4750000000000005,2.4750000000000005,0.4125000000000005,50000,7419,0.14838
11714,2.4750000000000005,2.4750000000000005,0.8250000000000002,50000,7140,0.1428
11715,2.4750000000000005,2.4750000000000005,1.2375000000000007,50000,7237,0.14474
11716,2.4750000000000005,2.4750000000000005,1.6500000000000004,50000,7071,0.14142
11717,2.4750000000000005,2.4750000000000005,2.0625,50000,6832,0.13664
11718,2.4750000000000005,2.4750000000000005,2.4750000000000005,50000,6609,0.13218
11719,2.4750000000000005,2.4750000000000005,2.8875,50000,6442,0.12884
11720,2.4750000000000005,2.4750000000000005,3.3,50000,6190,0.1238
11721,2.4750000000000005,2.4750000000000005,3.712500000000001,50000,5907,0.11814
11722,2.4750000000000005,2.4750000000000005,4.125000000000001,50000,5906,0.11812
11723,2.4750000000000005,2.4750000000000005,4.5375000000000005,50000,5872,0.11744
11724,2.4750000000000005,2.4750000000000005,4.95,50000,5819,0.11638
11725,2.4750000000000005,2.8875,-4.95,50000,5713,0.11426
11726,2.4750000000000005,2.8875,-4.5375000000000005,50000,5716,0.11432
11727,2.4750000000000005,2.8875,-4.125,50000,5820,0.1164
11728,2.4750000000000005,2.8875,-3.7125,50000,5835,0.1167
11729,2.4750000000000005,2.8875,-3.3,50000,5992,0.11984
11730,2.4750000000000005,2.8875,-2.8875,50000,6450,0.129
11731,2.4750000000000005,2.8875,-2.475,50000,6734,0.13468
11732,2.4750000000000005,2.8875,-2.0625,50000,7057,0.14114
11733,2.4750000000000005,2.8875,-1.65,50000,7374,0.14748
11734,2.4750000000000005,2.8875,-1.2374999999999998,50000,7451,0.14902
11735,2.4750000000000005,2.8875,-0.8250000000000002,50000,7642,0.15284
11736,2.4750000000000005,2.8875,-0.4124999999999996,50000,7744,0.15488
11737,2.4750000000000005,2.8875,0.0,50000,7774,0.15548
11738,2.4750000000000005,2.8875,0.4125000000000005,50000,7706,0.15412
11739,2.4750000000000005,2.8875,0.8250000000000002,50000,7598,0.15196
11740,2.4750000000000005,2.8875,1.2375000000000007,50000,7554,0.15108
11741,2.4750000000000005,2.8875,1.6500000000000004,50000,7440,0.1488
11742,2.4750000000000005,2.8875,2.0625,50000,7089,0.14178
11743,2.4750000000000005,2.8875,2.4750000000000005,50000,6768,0.13536
11744,2.4750000000000005,2.8875,2.8875,50000,6405,0.1281
11745,2.4750000000000005,2.8875,3.3,50000,6202,0.12404
11746,2.4750000000000005,2.8875,3.712500000000001,50000,5967,0.11934
11747,2.4750000000000005,2.8875,4.125000000000001,50000,5595,0.1119
11748,2.4750000000000005,2.8875,4.5375000000000005,50000,5602,0.11204
11749,2.4750000000000005,2.8875,4.95,50000,5803,0.11606
11750,2.4750000000000005,3.3,-4.95,50000,5339,0.10678
11751,2.4750000000000005,3.3,-4.5375000000000005,50000,5317,0.10634
11752,2.4750000000000005,3.3,-4.125,50000,5515,0.1103
11753,2.4750000000000005,3.3,-3.7125,50000,5722,0.11444
11754,2.4750000000000005,3.3,-3.3,50000,6105,0.1221
11755,2.4750000000000005,3.3,-2.8875,50000,6546,0.13092
11756,2.4750000000000005,3.3,-2.475,50000,7106,0.14212
11757,2.4750000000000005,3.3,-2.0625,50000,7411,0.14822
11758,2.4750000000000005,3.3,-1.65,50000,7660,0.1532
11759,2.4750000000000005,3.3,-1.2374999999999998,50000,8004,0.16008
11760,2.4750000000000005,3.3,-0.8250000000000002,50000,8160,0.1632
11761,2.4750000000000005,3.3,-0.4124999999999996,50000,8133,0.16266
11762,2.4750000000000005,3.3,0.0,50000,8279,0.16558
11763,2.4750000000000005,3.3,0.4125000000000005,50000,8253,0.16506
11764,2.4750000000000005,3.3,0.8250000000000002,50000,8001,0.16002
11765,2.4750000000000005,3.3,1.2375000000000007,50000,7727,0.15454
11766,2.4750000000000005,3.3,1.6500000000000004,50000,7790,0.1558
11767,2.4750000000000005,3.3,2.0625,50000,7416,0.14832
11768,2.4750000000000005,3.3,2.4750000000000005,50000,7102,0.14204
11769,2.4750000000000005,3.3,2.8875,50000,6575,0.1315
11770,2.4750000000000005,3.3,3.3,50000,5964,0.11928
11771,2.4750000000000005,3.3,3.712500000000001,50000,5633,0.11266
11772,2.4750000000000005,3.3,4.125000000000001,50000,5503,0.11006
11773,2.4750000000000005,3.3,4.5375000000000005,50000,5200,0.104
11774,2.4750000000000005,3.3,4.95,50000,5300,0.106
11775,2.4750000000000005,3.712500000000001,-4.95,50000,4996,0.09992
11776,2.4750000000000005,3.712500000000001,-4.5375000000000005,50000,4981,0.09962
11777,2.4750000000000005,3.712500000000001,-4.125,50000,5093,0.10186
11778,2.4750000000000005,3.712500000000001,-3.7125,50000,5452,0.10904
11779,2.4750000000000005,3.712500000000001,-3.3,50000,5931,0.11862
11780,2.4750000000000005,3.712500000000001,-2.8875,50000,6782,0.13564
11781,2.4750000000000005,3.712500000000001,-2.475,50000,7391,0.14782
11782,2.4750000000000005,3.712500000000001,-2.0625,50000,7943,0.15886
11783,2.4750000000000005,3.712500000000001,-1.65,50000,8245,0.1649
11784,2.4750000000000005,3.712500000000001,-1.2374999999999998,50000,8448,0.16896
11785,2.4750000000000005,3.712500000000001,-0.8250000000000002,50000,8627,0.17254
11786,2.4750000000000005,3.712500000000001,-0.4124999999999996,50000,8725,0.1745
11787,2.4750000000000005,3.712500000000001,0.0,50000,8665,0.1733
11788,2.4750000000000005,3.712500000000001,0.4125000000000005,50000,8606,0.17212
11789,2.4750000000000005,3.712500000000001,0.8250000000000002,50000,8761,0.17522
11790,2.4750000000000005,3.712500000000001,1.2375000000000007,50000,8457,0.16914
11791,2.4750000000000005,3.712500000000001,1.6500000000000004,50000,8268,0.16536
11792,2.4750000000000005,3.712500000000001,2.0625,50000,7857,0.15714
11793,2.4750000000000005,3.712500000000001,2.4750000000000005,50000,7267,0.14534
11794,2.4750000000000005,3.712500000000001,2.8875,50000,6845,0.1369
11795,2.4750000000000005,3.712500000000001,3.3,50000,6129,0.12258
11796,2.4750000000000005,3.712500000000001,3.712500000000001,50000,5381,0.10762
11797,2.4750000000000005,3.712500000000001,4.125000000000001,50000,5045,0.1009
11798,2.4750000000000005,3.712500000000001,4.5375000000000005,50000,4883,0.09766
11799,2.4750000000000005,3.712500000000001,4.95,50000,4990,0.0998
11800,2.4750000000000005,4.125000000000001,-4.95,50000,4442,0.08884
11801,2.4750000000000005,4.125000000000001,-4.5375000000000005,50000,4321,0.08642
11802,2.4750000000000005,4.125000000000001,-4.125,50000,4389,0.08778
11803,2.4750000000000005,4.125000000000001,-3.7125,50000,5026,0.10052
11804,2.4750000000000005,4.125000000000001,-3.3,50000,5903,0.11806
11805,2.4750000000000005,4.125000000000001,-2.8875,50000,6932,0.13864
11806,2.4750000000000005,4.125000000000001,-2.475,50000,8081,0.16162
11807,2.4750000000000005,4.125000000000001,-2.0625,50000,8918,0.17836
11808,2.4750000000000005,4.125000000000001,-1.65,50000,9226,0.18452
11809,2.4750000000000005,4.125000000000001,-1.2374999999999998,50000,9469,0.18938
11810,2.4750000000000005,4.125000000000001,-0.8250000000000002,50000,9525,0.1905
11811,2.4750000000000005,4.125000000000001,-0.4124999999999996,50000,9596,0.19192
11812,2.4750000000000005,4.125000000000001,0.0,50000,9452,0.18904
11813,2.4750000000000005,4.125000000000001,0.4125000000000005,50000,9606,0.19212
11814,2.4750000000000005,4.125000000000001,0.8250000000000002,50000,9497,0.18994
11815,2.4750000000000005,4.125000000000001,1.2375000000000007,50000,9473,0.18946
11816,2.4750000000000005,4.125000000000001,1.6500000000000004,50000,9162,0.18324
11817,2.4750000000000005,4.125000000000001,2.0625,50000,8706,0.17412
11818,2.4750000000000005,4.125000000000001,2.4750000000000005,50000,8186,0.16372
11819,2.4750000000000005,4.125000000000001,2.8875,50000,7030,0.1406
11820,2.4750000000000005,4.125000000000001,3.3,50000,5740,0.1148
11821,2.4750000000000005,4.125000000000001,3.712500000000001,50000,4973,0.09946
11822,2.4750000000000005,4.125000000000001,4.125000000000001,50000,4536,0.09072
11823,2.4750000000000005,4.125000000000001,4.5375000000000005,50000,4305,0.0861
11824,2.4750000000000005,4.125000000000001,4.95,50000,4272,0.08544
11825,2.4750000000000005,4.5375000000000005,-4.95,50000,3678,0.07356
11826,2.4750000000000005,4.5375000000000005,-4.5375000000000005,50000,3476,0.06952
11827,2.4750000000000005,4.5375000000000005,-4.125,50000,3723,0.07446
11828,2.4750000000000005,4.5375000000000005,-3.7125,50000,4089,0.08178
11829,2.4750000000000005,4.5375000000000005,-3.3,50000,5488,0.10976
11830,2.4750000000000005,4.5375000000000005,-2.8875,50000,7790,0.1558
11831,2.4750000000000005,4.5375000000000005,-2.475,50000,9633,0.19266
11832,2.4750000000000005,4.5375000000000005,-2.0625,50000,10549,0.21098
11833,2.4750000000000005,4.5375000000000005,-1.65,50000,10955,0.2191
11834,2.4750000000000005,4.5375000000000005,-1.2374999999999998,50000,11100,0.222
11835,2.4750000000000005,4.5375000000000005,-0.8250000000000002,50000,11123,0.22246
11836,2.4750000000000005,4.5375000000000005,-0.4124999999999996,50000,11024,0.22048
11837,2.4750000000000005,4.5375000000000005,0.0,50000,10981,0.21962
11838,2.4750000000000005,4.5375000000000005,0.4125000000000005,50000,10997,0.21994
11839,2.4750000000000005,4.5375000000000005,0.8250000000000002,50000,11252,0.22504
11840,2.4750000000000005,4.5375000000000005,1.2375000000000007,50000,10846,0.21692
11841,2.4750000000000005,4.5375000000000005,1.6500000000000004,50000,10785,0.2157
11842,2.4750000000000005,4.5375000000000005,2.0625,50000,10397,0.20794
11843,2.4750000000000005,4.5375000000000005,2.4750000000000005,50000,9696,0.19392
11844,2.4750000000000005,4.5375000000000005,2.8875,50000,7877,0.15754
11845,2.4750000000000005,4.5375000000000005,3.3,50000,5356,0.10712
11846,2.4750000000000005,4.5375000000000005,3.712500000000001,50000,4063,0.08126
11847,2.4750000000000005,4.5375000000000005,4.125000000000001,50000,3728,0.07456
11848,2.4750000000000005,4.5375000000000005,4.5375000000000005,50000,3541,0.07082
11849,2.4750000000000005,4.5375000000000005,4.95,50000,3639,0.07278
11850,2.4750000000000005,4.95,-4.95,50000,2537,0.05074
11851,2.4750000000000005,4.95,-4.5375000000000005,50000,2461,0.04922
11852,2.4750000000000005,4.95,-4.125,50000,2716,0.05432
11853,2.4750000000000005,4.95,-3.7125,50000,2778,0.05556
11854,2.4750000000000005,4.95,-3.3,50000,3093,0.06186
11855,2.4750000000000005,4.95,-2.8875,50000,12425,0.2485
11856,2.4750000000000005,4.95,-2.475,50000,13512,0.27024
11857,2.4750000000000005,4.95,-2.0625,50000,13742,0.27484
11858,2.4750000000000005,4.95,-1.65,50000,13791,0.27582
11859,2.4750000000000005,4.95,-1.2374999999999998,50000,13659,0.27318
11860,2.4750000000000005,4.95,-0.8250000000000002,50000,13665,0.2733
11861,2.4750000000000005,4.95,-0.4124999999999996,50000,13946,0.27892
11862,2.4750000000000005,4.95,0.0,50000,13685,0.2737
11863,2.4750000000000005,4.95,0.4125000000000005,50000,14027,0.28054
11864,2.4750000000000005,4.95,0.8250000000000002,50000,13757,0.27514
11865,2.4750000000000005,4.95,1.2375000000000007,50000,13763,0.27526
11866,2.4750000000000005,4.95,1.6500000000000004,50000,13804,0.27608
11867,2.4750000000000005,4.95,2.0625,50000,13667,0.27334
11868,2.4750000000000005,4.95,2.4750000000000005,50000,13596,0.27192
11869,2.4750000000000005,4.95,2.8875,50000,12384,0.24768
11870,2.4750000000000005,4.95,3.3,50000,3153,0.06306
11871,2.4750000000000005,4.95,3.712500000000001,50000,2742,0.05484
11872,2.4750000000000005,4.95,4.125000000000001,50000,2608,0.05216
11873,2.4750000000000005,4.95,4.5375000000000005,50000,2570,0.0514
11874,2.4750000000000005,4.95,4.95,50000,2459,0.04918
11875,2.8875,-4.95,-4.95,50000,5528,0.11056
11876,2.8875,-4.95,-4.5375000000000005,50000,5705,0.1141
11877,2.8875,-4.95,-4.125,50000,5666,0.11332
11878,2.8875,-4.95,-3.7125,50000,5681,0.11362
11879,2.8875,-4.95,-3.3,50000,5648,0.11296
11880,2.8875,-4.95,-2.8875,50000,5780,0.1156
11881,2.8875,-4.95,-2.475,50000,5738,0.11476
11882,2.8875,-4.95,-2.0625,50000,5852,0.11704
11883,2.8875,-4.95,-1.65,50000,5728,0.11456
11884,2.8875,-4.95,-1.2374999999999998,50000,5760,0.1152
11885,2.8875,-4.95,-0.8250000000000002,50000,5893,0.11786
11886,2.8875,-4.95,-0.4124999999999996,50000,5751,0.11502
11887,2.8875,-4.95,0.0,50000,5881,0.11762
11888,2.8875,-4.95,0.4125000000000005,50000,5798,0.11596
11889,2.8875,-4.95,0.8250000000000002,50000,5797,0.11594
11890,2.8875,-4.95,1.2375000000000007,50000,5869,0.11738
11891,2.8875,-4.95,1.6500000000000004,50000,5665,0.1133
11892,2.8875,-4.95,2.0625,50000,5693,0.11386
11893,2.8875,-4.95,2.4750000000000005,50000,5656,0.11312
11894,2.8875,-4.95,2.8875,50000,5830,0.1166
11895,2.8875,-4.95,3.3,50000,5697,0.11394
11896,2.8875,-4.95,3.712500000000001,50000,5744,0.11488
11897,2.8875,-4.95,4.125000000000001,50000,5626,0.11252
11898,2.8875,-4.95,4.5375000000000005,50000,5651,0.11302
11899,2.8875,-4.95,4.95,50000,5544,0.11088
11900,2.8875,-4.5375000000000005,-4.95,50000,5625,0.1125
11901,2.8875,-4.5375000000000005,-4.5375000000000005,50000,5700,0.114
11902,2.8875,-4.5375000000000005,-4.125,50000,5567,0.11134
11903,2.8875,-4.5375000000000005,-3.7125,50000,5685,0.1137
11904,2.8875,-4.5375000000000005,-3.3,50000,5704,0.11408
11905,2.8875,-4.5375000000000005,-2.8875,50000,5801,0.11602
11906,2.8875,-4.5375000000000005,-2.475,50000,5721,0.11442
11907,2.8875,-4.5375000000000005,-2.0625,50000,5822,0.11644
11908,2.8875,-4.5375000000000005,-1.65,50000,5753,0.11506
11909,2.8875,-4.5375000000000005,-1.2374999999999998,50000,5839,0.11678
11910,2.8875,-4.5375000000000005,-0.8250000000000002,50000,5865,0.1173
11911,2.8875,-4.5375000000000005,-0.4124999999999996,50000,5763,0.11526
11912,2.8875,-4.5375000000000005,0.0,50000,5662,0.11324
11913,2.8875,-4.5375000000000005,0.4125000000000005,50000,5630,0.1126
11914,2.8875,-4.5375000000000005,0.8250000000000002,50000,5723,0.11446
11915,2.8875,-4.5375000000000005,1.2375000000000007,50000,5753,0.11506
11916,2.8875,-4.5375000000000005,1.6500000000000004,50000,5769,0.11538
11917,2.8875,-4.5375000000000005,2.0625,50000,5769,0.11538
11918,2.8875,-4.5375000000000005,2.4750000000000005,50000,5729,0.11458
11919,2.8875,-4.5375000000000005,2.8875,50000,5647,0.11294
11920,2.8875,-4.5375000000000005,3.3,50000,5742,0.11484
11921,2.8875,-4.5375000000000005,3.712500000000001,50000,5558,0.11116
11922,2.8875,-4.5375000000000005,4.125000000000001,50000,5742,0.11484
11923,2.8875,-4.5375000000000005,4.5375000000000005,50000,5601,0.11202
11924,2.8875,-4.5375000000000005,4.95,50000,5561,0.11122
11925,2.8875,-4.125,-4.95,50000,5556,0.11112
11926,2.8875,-4.125,-4.5375000000000005,50000,5505,0.1101
11927,2.8875,-4.125,-4.125,50000,5737,0.11474
11928,2.8875,-4.125,-3.7125,50000,5567,0.11134
11929,2.8875,-4.125,-3.3,50000,5580,0.1116
11930,2.8875,-4.125,-2.8875,50000,5691,0.11382
11931,2.8875,-4.125,-2.475,50000,5728,0.11456
11932,2.8875,-4.125,-2.0625,50000,5936,0.11872
11933,2.8875,-4.125,-1.65,50000,5833,0.11666
11934,2.8875,-4.125,-1.2374999999999998,50000,5928,0.11856
11935,2.8875,-4.125,-0.8250000000000002,50000,5917,0.11834
11936,2.8875,-4.125,-0.4124999999999996,50000,5852,0.11704
11937,2.8875,-4.125,0.0,50000,5836,0.11672
11938,2.8875,-4.125,0.4125000000000005,50000,5880,0.1176
11939,2.8875,-4.125,0.8250000000000002,50000,5799,0.11598
11940,2.8875,-4.125,1.2375000000000007,50000,5732,0.11464
11941,2.8875,-4.125,1.6500000000000004,50000,5605,0.1121
11942,2.8875,-4.125,2.0625,50000,5722,0.11444
11943,2.8875,-4.125,2.4750000000000005,50000,5666,0.11332
11944,2.8875,-4.125,2.8875,50000,5707,0.11414
11945,2.8875,-4.125,3.3,50000,5761,0.11522
11946,2.8875,-4.125,3.712500000000001,50000,5676,0.11352
11947,2.8875,-4.125,4.125000000000001,50000,5678,0.11356
11948,2.8875,-4.125,4.5375000000000005,50000,5680,0.1136
11949,2.8875,-4.125,4.95,50000,5602,0.11204
11950,2.8875,-3.7125,-4.95,50000,5536,0.11072
11951,2.8875,-3.7125,-4.5375000000000005,50000,5617,0.11234
11952,2.8875,-3.7125,-4.125,50000,5758,0.11516
11953,2.8875,-3.7125,-3.7125,50000,5625,0.1125
11954,2.8875,-3.7125,-3.3,50000,5682,0.11364
11955,2.8875,-3.7125,-2.8875,50000,5623,0.11246
11956,2.8875,-3.7125,-2.475,50000,5653,0.11306
11957,2.8875,-3.7125,-2.0625,50000,5779,0.11558
11958,2.8875,-3.7125,-1.65,50000,5772,0.11544
11959,2.8875,-3.7125,-1.2374999999999998,50000,5952,0.11904
11960,2.8875,-3.7125,-0.8250000000000002,50000,5789,0.11578
11961,2.8875,-3.7125,-0.4124999999999996,50000,5771,0.11542
11962,2.8875,-3.7125,0.0,50000,5826,0.11652
11963,2.8875,-3.7125,0.4125000000000005,50000,5810,0.1162
11964,2.8875,-3.7125,0.8250000000000002,50000,5701,0.11402
11965,2.8875,-3.7125,1.2375000000000007,50000,5763,0.11526
11966,2.8875,-3.7125,1.6500000000000004,50000,5892,0.11784
11967,2.8875,-3.7125,2.0625,50000,5858,0.11716
11968,2.8875,-3.7125,2.4750000000000005,50000,5732,0.11464
11969,2.8875,-3.7125,2.8875,50000,5797,0.11594
11970,2.8875,-3.7125,3.3,50000,5631,0.11262
11971,2.8875,-3.7125,3.712500000000001,50000,5622,0.11244
11972,2.8875,-3.7125,4.125000000000001,50000,5463,0.10926
11973,2.8875,-3.7125,4.5375000000000005,50000,5523,0.11046
11974,2.8875,-3.7125,4.95,50000,5649,0.11298
11975,2.8875,-3.3,-4.95,50000,5730,0.1146
11976,2.8875,-3.3,-4.5375000000000005,50000,5584,0.11168
11977,2.8875,-3.3,-4.125,50000,5683,0.11366
11978,2.8875,-3.3,-3.7125,50000,5741,0.11482
11979,2.8875,-3.3,-3.3,50000,5726,0.11452
11980,2.8875,-3.3,-2.8875,50000,5665,0.1133
11981,2.8875,-3.3,-2.475,50000,5700,0.114
11982,2.8875,-3.3,-2.0625,50000,5870,0.1174
11983,2.8875,-3.3,-1.65,50000,5685,0.1137
11984,2.8875,-3.3,-1.2374999999999998,50000,5901,0.11802
11985,2.8875,-3.3,-0.8250000000000002,50000,5866,0.11732
11986,2.8875,-3.3,-0.4124999999999996,50000,5818,0.11636
11987,2.8875,-3.3,0.0,50000,5818,0.11636
11988,2.8875,-3.3,0.4125000000000005,50000,5745,0.1149
11989,2.8875,-3.3,0.8250000000000002,50000,5896,0.11792
11990,2.8875,-3.3,1.2375000000000007,50000,5808,0.11616
11991,2.8875,-3.3,1.6500000000000004,50000,5840,0.1168
11992,2.8875,-3.3,2.0625,50000,5743,0.11486
11993,2.8875,-3.3,2.4750000000000005,50000,5761,0.11522
11994,2.8875,-3.3,2.8875,50000,5856,0.11712
11995,2.8875,-3.3,3.3,50000,5798,0.11596
11996,2.8875,-3.3,3.712500000000001,50000,5792,0.11584
11997,2.8875,-3.3,4.125000000000001,50000,5654,0.11308
11998,2.8875,-3.3,4.5375000000000005,50000,5704,0.11408
11999,2.8875,-3.3,4.95,50000,5711,0.11422
12000,2.8875,-2.8875,-4.95,50000,5752,0.11504
12001,2.8875,-2.8875,-4.5375000000000005,50000,5654,0.11308
12002,2.8875,-2.8875,-4.125,50000,5768,0.11536
12003,2.8875,-2.8875,-3.7125,50000,5739,0.11478
12004,2.8875,-2.8875,-3.3,50000,5760,0.1152
12005,2.8875,-2.8875,-2.8875,50000,5737,0.11474
12006,2.8875,-2.8875,-2.475,50000,5893,0.11786
12007,2.8875,-2.8875,-2.0625,50000,5730,0.1146
12008,2.8875,-2.8875,-1.65,50000,5876,0.11752
12009,2.8875,-2.8875,-1.2374999999999998,50000,5861,0.11722
12010,2.8875,-2.8875,-0.8250000000000002,50000,5798,0.11596
12011,2.8875,-2.8875,-0.4124999999999996,50000,5778,0.11556
12012,2.8875,-2.8875,0.0,50000,5946,0.11892
12013,2.8875,-2.8875,0.4125000000000005,50000,5853,0.11706
12014,2.8875,-2.8875,0.8250000000000002,50000,5891,0.11782
12015,2.8875,-2.8875,1.2375000000000007,50000,5975,0.1195
12016,2.8875,-2.8875,1.6500000000000004,50000,5801,0.11602
12017,2.8875,-2.8875,2.0625,50000,5764,0.11528
12018,2.8875,-2.8875,2.4750000000000005,50000,5784,0.11568
12019,2.8875,-2.8875,2.8875,50000,5602,0.11204
12020,2.8875,-2.8875,3.3,50000,5735,0.1147
12021,2.8875,-2.8875,3.712500000000001,50000,5796,0.11592
12022,2.8875,-2.8875,4.125000000000001,50000,5643,0.11286
12023,2.8875,-2.8875,4.5375000000000005,50000,5625,0.1125
12024,2.8875,-2.8875,4.95,50000,5500,0.11
12025,2.8875,-2.475,-4.95,50000,5567,0.11134
12026,2.8875,-2.475,-4.5375000000000005,50000,5775,0.1155
12027,2.8875,-2.475,-4.125,50000,5726,0.11452
12028,2.8875,-2.475,-3.7125,50000,5840,0.1168
12029,2.8875,-2.475,-3.3,50000,5717,0.11434
12030,2.8875,-2.475,-2.8875,50000,5793,0.11586
12031,2.8875,-2.475,-2.475,50000,5801,0.11602
12032,2.8875,-2.475,-2.0625,50000,5672,0.11344
12033,2.8875,-2.475,-1.65,50000,5783,0.11566
12034,2.8875,-2.475,-1.2374999999999998,50000,5915,0.1183
12035,2.8875,-2.475,-0.8250000000000002,50000,5943,0.11886
12036,2.8875,-2.475,-0.4124999999999996,50000,5843,0.11686
12037,2.8875,-2.475,0.0,50000,6023,0.12046
12038,2.8875,-2.475,0.4125000000000005,50000,6012,0.12024
12039,2.8875,-2.475,0.8250000000000002,50000,5764,0.11528
12040,2.8875,-2.475,1.2375000000000007,50000,5879,0.11758
12041,2.8875,-2.475,1.6500000000000004,50000,5811,0.11622
12042,2.8875,-2.475,2.0625,50000,5860,0.1172
12043,2.8875,-2.475,2.4750000000000005,50000,5821,0.11642
12044,2.8875,-2.475,2.8875,50000,5766,0.11532
12045,2.8875,-2.475,3.3,50000,5880,0.1176
12046,2.8875,-2.475,3.712500000000001,50000,5806,0.11612
12047,2.8875,-2.475,4.125000000000001,50000,5780,0.1156
12048,2.8875,-2.475,4.5375000000000005,50000,5693,0.11386
12049,2.8875,-2.475,4.95,50000,5789,0.11578
12050,2.8875,-2.0625,-4.95,50000,5721,0.11442
12051,2.8875,-2.0625,-4.5375000000000005,50000,5718,0.11436
12052,2.8875,-2.0625,-4.125,50000,5763,0.11526
12053,2.8875,-2.0625,-3.7125,50000,5675,0.1135
12054,2.8875,-2.0625,-3.3,50000,5777,0.11554
12055,2.8875,-2.0625,-2.8875,50000,5832,0.11664
12056,2.8875,-2.0625,-2.475,50000,6000,0.12
12057,2.8875,-2.0625,-2.0625,50000,5856,0.11712
12058,2.8875,-2.0625,-1.65,50000,5937,0.11874
12059,2.8875,-2.0625,-1.2374999999999998,50000,5934,0.11868
12060,2.8875,-2.0625,-0.8250000000000002,50000,5885,0.1177
12061,2.8875,-2.0625,-0.4124999999999996,50000,5844,0.11688
12062,2.8875,-2.0625,0.0,50000,5916,0.11832
12063,2.8875,-2.0625,0.4125000000000005,50000,5761,0.11522
12064,2.8875,-2.0625,0.8250000000000002,50000,5994,0.11988
12065,2.8875,-2.0625,1.2375000000000007,50000,5847,0.11694
12066,2.8875,-2.0625,1.6500000000000004,50000,5877,0.11754
12067,2.8875,-2.0625,2.0625,50000,5787,0.11574
12068,2.8875,-2.0625,2.4750000000000005,50000,5870,0.1174
12069,2.8875,-2.0625,2.8875,50000,5866,0.11732
12070,2.8875,-2.0625,3.3,50000,5787,0.11574
12071,2.8875,-2.0625,3.712500000000001,50000,5734,0.11468
12072,2.8875,-2.0625,4.125000000000001,50000,5744,0.11488
12073,2.8875,-2.0625,4.5375000000000005,50000,5748,0.11496
12074,2.8875,-2.0625,4.95,50000,5696,0.11392
12075,2.8875,-1.65,-4.95,50000,5806,0.11612
12076,2.8875,-1.65,-4.5375000000000005,50000,5869,0.11738
12077,2.8875,-1.65,-4.125,50000,5757,0.11514
12078,2.8875,-1.65,-3.7125,50000,5790,0.1158
12079,2.8875,-1.65,-3.3,50000,5793,0.11586
12080,2.8875,-1.65,-2.8875,50000,5864,0.11728
12081,2.8875,-1.65,-2.475,50000,5885,0.1177
12082,2.8875,-1.65,-2.0625,50000,5961,0.11922
12083,2.8875,-1.65,-1.65,50000,5892,0.11784
12084,2.8875,-1.65,-1.2374999999999998,50000,5888,0.11776
12085,2.8875,-1.65,-0.8250000000000002,50000,6024,0.12048
12086,2.8875,-1.65,-0.4124999999999996,50000,5848,0.11696
12087,2.8875,-1.65,0.0,50000,6036,0.12072
12088,2.8875,-1.65,0.4125000000000005,50000,6089,0.12178
12089,2.8875,-1.65,0.8250000000000002,50000,5953,0.11906
12090,2.8875,-1.65,1.2375000000000007,50000,5915,0.1183
12091,2.8875,-1.65,1.6500000000000004,50000,6000,0.12
12092,2.8875,-1.65,2.0625,50000,5878,0.11756
12093,2.8875,-1.65,2.4750000000000005,50000,5921,0.11842
12094,2.8875,-1.65,2.8875,50000,5812,0.11624
12095,2.8875,-1.65,3.3,50000,5840,0.1168
12096,2.8875,-1.65,3.712500000000001,50000,5824,0.11648
12097,2.8875,-1.65,4.125000000000001,50000,5835,0.1167
12098,2.8875,-1.65,4.5375000000000005,50000,5913,0.11826
12099,2.8875,-1.65,4.95,50000,5800,0.116
12100,2.8875,-1.2374999999999998,-4.95,50000,5838,0.11676
12101,2.8875,-1.2374999999999998,-4.5375000000000005,50000,5778,0.11556
12102,2.8875,-1.2374999999999998,-4.125,50000,5952,0.11904
12103,2.8875,-1.2374999999999998,-3.7125,50000,5857,0.11714
12104,2.8875,-1.2374999999999998,-3.3,50000,5928,0.11856
12105,2.8875,-1.2374999999999998,-2.8875,50000,6046,0.12092
12106,2.8875,-1.2374999999999998,-2.475,50000,5960,0.1192
12107,2.8875,-1.2374999999999998,-2.0625,50000,6138,0.12276
12108,2.8875,-1.2374999999999998,-1.65,50000,5899,0.11798
12109,2.8875,-1.2374999999999998,-1.2374999999999998,50000,6114,0.12228
12110,2.8875,-1.2374999999999998,-0.8250000000000002,50000,6153,0.12306
12111,2.8875,-1.2374999999999998,-0.4124999999999996,50000,6054,0.12108
12112,2.8875,-1.2374999999999998,0.0,50000,6097,0.12194
12113,2.8875,-1.2374999999999998,0.4125000000000005,50000,6019,0.12038
12114,2.8875,-1.2374999999999998,0.8250000000000002,50000,6048,0.12096
12115,2.8875,-1.2374999999999998,1.2375000000000007,50000,5940,0.1188
12116,2.8875,-1.2374999999999998,1.6500000000000004,50000,6034,0.12068
12117,2.8875,-1.2374999999999998,2.0625,50000,6000,0.12
12118,2.8875,-1.2374999999999998,2.4750000000000005,50000,6103,0.12206
12119,2.8875,-1.2374999999999998,2.8875,50000,6041,0.12082
12120,2.8875,-1.2374999999999998,3.3,50000,5799,0.11598
12121,2.8875,-1.2374999999999998,3.712500000000001,50000,5950,0.119
12122,2.8875,-1.2374999999999998,4.125000000000001,50000,5808,0.11616
12123,2.8875,-1.2374999999999998,4.5375000000000005,50000,5737,0.11474
12124,2.8875,-1.2374999999999998,4.95,50000,5803,0.11606
12125,2.8875,-0.8250000000000002,-4.95,50000,5780,0.1156
12126,2.8875,-0.8250000000000002,-4.5375000000000005,50000,5826,0.11652
12127,2.8875,-0.8250000000000002,-4.125,50000,5915,0.1183
12128,2.8875,-0.8250000000000002,-3.7125,50000,5896,0.11792
12129,2.8875,-0.8250000000000002,-3.3,50000,5914,0.11828
12130,2.8875,-0.8250000000000002,-2.8875,50000,5921,0.11842
12131,2.8875,-0.8250000000000002,-2.475,50000,5961,0.11922
12132,2.8875,-0.8250000000000002,-2.0625,50000,6022,0.12044
12133,2.8875,-0.8250000000000002,-1.65,50000,6078,0.12156
12134,2.8875,-0.8250000000000002,-1.2374999999999998,50000,6101,0.12202
12135,2.8875,-0.8250000000000002,-0.8250000000000002,50000,6116,0.12232
12136,2.8875,-0.8250000000000002,-0.4124999999999996,50000,6151,0.12302
12137,2.8875,-0.8250000000000002,0.0,50000,6016,0.12032
12138,2.8875,-0.8250000000000002,0.4125000000000005,50000,6029,0.12058
12139,2.8875,-0.8250000000000002,0.8250000000000002,50000,6238,0.12476
12140,2.8875,-0.8250000000000002,1.2375000000000007,50000,5829,0.11658
12141,2.8875,-0.8250000000000002,1.6500000000000004,50000,6155,0.1231
12142,2.8875,-0.8250000000000002,2.0625,50000,6104,0.12208
12143,2.8875,-0.8250000000000002,2.4750000000000005,50000,6040,0.1208
12144,2.8875,-0.8250000000000002,2.8875,50000,5967,0.11934
12145,2.8875,-0.8250000000000002,3.3,50000,5849,0.11698
12146,2.8875,-0.8250000000000002,3.712500000000001,50000,5827,0.11654
12147,2.8875,-0.8250000000000002,4.125000000000001,50000,5786,0.11572
12148,2.8875,-0.8250000000000002,4.5375000000000005,50000,5772,0.11544
12149,2.8875,-0.8250000000000002,4.95,50000,5859,0.11718
12150,2.8875,-0.4124999999999996,-4.95,50000,5991,0.11982
12151,2.8875,-0.4124999999999996,-4.5375000000000005,50000,5980,0.1196
12152,2.8875,-0.4124999999999996,-4.125,50000,5902,0.11804
12153,2.8875,-0.4124999999999996,-3.7125,50000,6005,0.1201
12154,2.8875,-0.4124999999999996,-3.3,50000,5914,0.11828
12155,2.8875,-0.4124999999999996,-2.8875,50000,6012,0.12024
12156,2.8875,-0.4124999999999996,-2.475,50000,6120,0.1224
12157,2.8875,-0.4124999999999996,-2.0625,50000,6187,0.12374
12158,2.8875,-0.4124999999999996,-1.65,50000,6083,0.12166
12159,2.8875,-0.4124999999999996,-1.2374999999999998,50000,6294,0.12588
12160,2.8875,-0.4124999999999996,-0.8250000000000002,50000,6092,0.12184
12161,2.8875,-0.4124999999999996,-0.4124999999999996,50000,6067,0.12134
12162,2.8875,-0.4124999999999996,0.0,50000,6080,0.1216
12163,2.8875,-0.4124999999999996,0.4125000000000005,50000,6153,0.12306
12164,2.8875,-0.4124999999999996,0.8250000000000002,50000,6151,0.12302
12165,2.8875,-0.4124999999999996,1.2375000000000007,50000,6112,0.12224
12166,2.8875,-0.4124999999999996,1.6500000000000004,50000,6210,0.1242
12167,2.8875,-0.4124999999999996,2.0625,50000,6039,0.12078
12168,2.8875,-0.4124999999999996,2.4750000000000005,50000,6065,0.1213
12169,2.8875,-0.4124999999999996,2.8875,50000,6105,0.1221
12170,2.8875,-0.4124999999999996,3.3,50000,6091,0.12182
12171,2.8875,-0.4124999999999996,3.712500000000001,50000,5841,0.11682
12172,2.8875,-0.4124999999999996,4.125000000000001,50000,5877,0.11754
12173,2.8875,-0.4124999999999996,4.5375000000000005,50000,5722,0.11444
12174,2.8875,-0.4124999999999996,4.95,50000,5870,0.1174
12175,2.8875,0.0,-4.95,50000,5875,0.1175
12176,2.8875,0.0,-4.5375000000000005,50000,5903,0.11806
12177,2.8875,0.0,-4.125,50000,5862,0.11724
12178,2.8875,0.0,-3.7125,50000,5983,0.11966
12179,2.8875,0.0,-3.3,50000,6038,0.12076
12180,2.8875,0.0,-2.8875,50000,6034,0.12068
12181,2.8875,0.0,-2.475,50000,6131,0.12262
12182,2.8875,0.0,-2.0625,50000,6063,0.12126
12183,2.8875,0.0,-1.65,50000,6110,0.1222
12184,2.8875,0.0,-1.2374999999999998,50000,6216,0.12432
12185,2.8875,0.0,-0.8250000000000002,50000,6166,0.12332
12186,2.8875,0.0,-0.4124999999999996,50000,6186,0.12372
12187,2.8875,0.0,0.0,50000,6241,0.12482
12188,2.8875,0.0,0.4125000000000005,50000,6183,0.12366
12189,2.8875,0.0,0.8250000000000002,50000,6182,0.12364
12190,2.8875,0.0,1.2375000000000007,50000,6080,0.1216
12191,2.8875,0.0,1.6500000000000004,50000,6025,0.1205
12192,2.8875,0.0,2.0625,50000,6057,0.12114
12193,2.8875,0.0,2.4750000000000005,50000,6060,0.1212
12194,2.8875,0.0,2.8875,50000,5909,0.11818
12195,2.8875,0.0,3.3,50000,6070,0.1214
12196,2.8875,0.0,3.712500000000001,50000,6014,0.12028
12197,2.8875,0.0,4.125000000000001,50000,5826,0.11652
12198,2.8875,0.0,4.5375000000000005,50000,5998,0.11996
12199,2.8875,0.0,4.95,50000,5749,0.11498
12200,2.8875,0.4125000000000005,-4.95,50000,6002,0.12004
12201,2.8875,0.4125000000000005,-4.5375000000000005,50000,5880,0.1176
12202,2.8875,0.4125000000000005,-4.125,50000,6002,0.12004
12203,2.8875,0.4125000000000005,-3.7125,50000,5890,0.1178
12204,2.8875,0.4125000000000005,-3.3,50000,6058,0.12116
12205,2.8875,0.4125000000000005,-2.8875,50000,5993,0.11986
12206,2.8875,0.4125000000000005,-2.475,50000,6220,0.1244
12207,2.8875,0.4125000000000005,-2.0625,50000,6040,0.1208
12208,2.8875,0.4125000000000005,-1.65,50000,6197,0.12394
12209,2.8875,0.4125000000000005,-1.2374999999999998,50000,6281,0.12562
12210,2.8875,0.4125000000000005,-0.8250000000000002,50000,6302,0.12604
12211,2.8875,0.4125000000000005,-0.4124999999999996,50000,6484,0.12968
12212,2.8875,0.4125000000000005,0.0,50000,6321,0.12642
12213,2.8875,0.4125000000000005,0.4125000000000005,50000,6388,0.12776
12214,2.8875,0.4125000000000005,0.8250000000000002,50000,6523,0.13046
12215,2.8875,0.4125000000000005,1.2375000000000007,50000,6358,0.12716
12216,2.8875,0.4125000000000005,1.6500000000000004,50000,6213,0.12426
12217,2.8875,0.4125000000000005,2.0625,50000,6178,0.12356
12218,2.8875,0.4125000000000005,2.4750000000000005,50000,6172,0.12344
12219,2.8875,0.4125000000000005,2.8875,50000,6000,0.12
12220,2.8875,0.4125000000000005,3.3,50000,6036,0.12072
12221,2.8875,0.4125000000000005,3.712500000000001,50000,5973,0.11946
12222,2.8875,0.4125000000000005,4.125000000000001,50000,5958,0.11916
12223,2.8875,0.4125000000000005,4.5375000000000005,50000,5932,0.11864
12224,2.8875,0.4125000000000005,4.95,50000,5883,0.11766
12225,2.8875,0.8250000000000002,-4.95,50000,5991,0.11982
12226,2.8875,0.8250000000000002,-4.5375000000000005,50000,5926,0.11852
12227,2.8875,0.8250000000000002,-4.125,50000,5917,0.11834
12228,2.8875,0.8250000000000002,-3.7125,50000,6115,0.1223
12229,2.8875,0.8250000000000002,-3.3,50000,6072,0.12144
12230,2.8875,0.8250000000000002,-2.8875,50000,6184,0.12368
12231,2.8875,0.8250000000000002,-2.475,50000,6297,0.12594
12232,2.8875,0.8250000000000002,-2.0625,50000,6413,0.12826
12233,2.8875,0.8250000000000002,-1.65,50000,6263,0.12526
12234,2.8875,0.8250000000000002,-1.2374999999999998,50000,6364,0.12728
12235,2.8875,0.8250000000000002,-0.8250000000000002,50000,6436,0.12872
12236,2.8875,0.8250000000000002,-0.4124999999999996,50000,6387,0.12774
12237,2.8875,0.8250000000000002,0.0,50000,6623,0.13246
12238,2.8875,0.8250000000000002,0.4125000000000005,50000,6436,0.12872
12239,2.8875,0.8250000000000002,0.8250000000000002,50000,6310,0.1262
12240,2.8875,0.8250000000000002,1.2375000000000007,50000,6300,0.126
12241,2.8875,0.8250000000000002,1.6500000000000004,50000,6412,0.12824
12242,2.8875,0.8250000000000002,2.0625,50000,6271,0.12542
12243,2.8875,0.8250000000000002,2.4750000000000005,50000,6123,0.12246
12244,2.8875,0.8250000000000002,2.8875,50000,6054,0.12108
12245,2.8875,0.8250000000000002,3.3,50000,6081,0.12162
12246,2.8875,0.8250000000000002,3.712500000000001,50000,5981,0.11962
12247,2.8875,0.8250000000000002,4.125000000000001,50000,6001,0.12002
12248,2.8875,0.8250000000000002,4.5375000000000005,50000,5878,0.11756
12249,2.8875,0.8250000000000002,4.95,50000,6007,0.12014
12250,2.8875,1.2375000000000007,-4.95,50000,5903,0.11806
12251,2.8875,1.2375000000000007,-4.5375000000000005,50000,5967,0.11934
12252,2.8875,1.2375000000000007,-4.125,50000,5839,0.11678
12253,2.8875,1.2375000000000007,-3.7125,50000,6016,0.12032
12254,2.8875,1.2375000000000007,-3.3,50000,6187,0.12374
12255,2.8875,1.2375000000000007,-2.8875,50000,6226,0.12452
12256,2.8875,1.2375000000000007,-2.475,50000,6317,0.12634
12257,2.8875,1.2375000000000007,-2.0625,50000,6384,0.12768
12258,2.8875,1.2375000000000007,-1.65,50000,6349,0.12698
12259,2.8875,1.2375000000000007,-1.2374999999999998,50000,6406,0.12812
12260,2.8875,1.2375000000000007,-0.8250000000000002,50000,6562,0.13124
12261,2.8875,1.2375000000000007,-0.4124999999999996,50000,6586,0.13172
12262,2.8875,1.2375000000000007,0.0,50000,6655,0.1331
12263,2.8875,1.2375000000000007,0.4125000000000005,50000,6614,0.13228
12264,2.8875,1.2375000000000007,0.8250000000000002,50000,6513,0.13026
12265,2.8875,1.2375000000000007,1.2375000000000007,50000,6568,0.13136
12266,2.8875,1.2375000000000007,1.6500000000000004,50000,6433,0.12866
12267,2.8875,1.2375000000000007,2.0625,50000,6412,0.12824
12268,2.8875,1.2375000000000007,2.4750000000000005,50000,6163,0.12326
12269,2.8875,1.2375000000000007,2.8875,50000,6161,0.12322
12270,2.8875,1.2375000000000007,3.3,50000,6191,0.12382
12271,2.8875,1.2375000000000007,3.712500000000001,50000,6028,0.12056
12272,2.8875,1.2375000000000007,4.125000000000001,50000,5851,0.11702
12273,2.8875,1.2375000000000007,4.5375000000000005,50000,5865,0.1173
12274,2.8875,1.2375000000000007,4.95,50000,5889,0.11778
12275,2.8875,1.6500000000000004,-4.95,50000,5872,0.11744
12276,2.8875,1.6500000000000004,-4.5375000000000005,50000,5901,0.11802
12277,2.8875,1.6500000000000004,-4.125,50000,5936,0.11872
12278,2.8875,1.6500000000000004,-3.7125,50000,6003,0.12006
12279,2.8875,1.6500000000000004,-3.3,50000,6038,0.12076
12280,2.8875,1.6500000000000004,-2.8875,50000,6199,0.12398
12281,2.8875,1.6500000000000004,-2.475,50000,6243,0.12486
12282,2.8875,1.6500000000000004,-2.0625,50000,6395,0.1279
12283,2.8875,1.6500000000000004,-1.65,50000,6481,0.12962
12284,2.8875,1.6500000000000004,-1.2374999999999998,50000,6573,0.13146
12285,2.8875,1.6500000000000004,-0.8250000000000002,50000,6676,0.13352
12286,2.8875,1.6500000000000004,-0.4124999999999996,50000,6671,0.13342
12287,2.8875,1.6500000000000004,0.0,50000,6829,0.13658
12288,2.8875,1.6500000000000004,0.4125000000000005,50000,6750,0.135
12289,2.8875,1.6500000000000004,0.8250000000000002,50000,6869,0.13738
12290,2.8875,1.6500000000000004,1.2375000000000007,50000,6486,0.12972
12291,2.8875,1.6500000000000004,1.6500000000000004,50000,6432,0.12864
12292,2.8875,1.6500000000000004,2.0625,50000,6341,0.12682
12293,2.8875,1.6500000000000004,2.4750000000000005,50000,6373,0.12746
12294,2.8875,1.6500000000000004,2.8875,50000,6274,0.12548
12295,2.8875,1.6500000000000004,3.3,50000,6054,0.12108
12296,2.8875,1.6500000000000004,3.712500000000001,50000,6010,0.1202
12297,2.8875,1.6500000000000004,4.125000000000001,50000,5939,0.11878
12298,2.8875,1.6500000000000004,4.5375000000000005,50000,5826,0.11652
12299,2.8875,1.6500000000000004,4.95,50000,5908,0.11816
12300,2.8875,2.0625,-4.95,50000,5701,0.11402
12301,2.8875,2.0625,-4.5375000000000005,50000,5811,0.11622
12302,2.8875,2.0625,-4.125,50000,5903,0.11806
12303,2.8875,2.0625,-3.7125,50000,5942,0.11884
12304,2.8875,2.0625,-3.3,50000,6078,0.12156
12305,2.8875,2.0625,-2.8875,50000,6207,0.12414
12306,2.8875,2.0625,-2.475,50000,6304,0.12608
12307,2.8875,2.0625,-2.0625,50000,6436,0.12872
12308,2.8875,2.0625,-1.65,50000,6696,0.13392
12309,2.8875,2.0625,-1.2374999999999998,50000,6739,0.13478
12310,2.8875,2.0625,-0.8250000000000002,50000,6834,0.13668
12311,2.8875,2.0625,-0.4124999999999996,50000,6969,0.13938
12312,2.8875,2.0625,0.0,50000,6817,0.13634
12313,2.8875,2.0625,0.4125000000000005,50000,6905,0.1381
12314,2.8875,2.0625,0.8250000000000002,50000,6858,0.13716
12315,2.8875,2.0625,1.2375000000000007,50000,6563,0.13126
12316,2.8875,2.0625,1.6500000000000004,50000,6692,0.13384
12317,2.8875,2.0625,2.0625,50000,6452,0.12904
12318,2.8875,2.0625,2.4750000000000005,50000,6391,0.12782
12319,2.8875,2.0625,2.8875,50000,6141,0.12282
12320,2.8875,2.0625,3.3,50000,6133,0.12266
12321,2.8875,2.0625,3.712500000000001,50000,5885,0.1177
12322,2.8875,2.0625,4.125000000000001,50000,5825,0.1165
12323,2.8875,2.0625,4.5375000000000005,50000,5809,0.11618
12324,2.8875,2.0625,4.95,50000,5786,0.11572
12325,2.8875,2.4750000000000005,-4.95,50000,5829,0.11658
12326,2.8875,2.4750000000000005,-4.5375000000000005,50000,5710,0.1142
12327,2.8875,2.4750000000000005,-4.125,50000,5775,0.1155
12328,2.8875,2.4750000000000005,-3.7125,50000,5955,0.1191
12329,2.8875,2.4750000000000005,-3.3,50000,6047,0.12094
12330,2.8875,2.4750000000000005,-2.8875,50000,6208,0.12416
12331,2.8875,2.4750000000000005,-2.475,50000,6258,0.12516
12332,2.8875,2.4750000000000005,-2.0625,50000,6574,0.13148
12333,2.8875,2.4750000000000005,-1.65,50000,6779,0.13558
12334,2.8875,2.4750000000000005,-1.2374999999999998,50000,6868,0.13736
12335,2.8875,2.4750000000000005,-0.8250000000000002,50000,7012,0.14024
12336,2.8875,2.4750000000000005,-0.4124999999999996,50000,6922,0.13844
12337,2.8875,2.4750000000000005,0.0,50000,7059,0.14118
12338,2.8875,2.4750000000000005,0.4125000000000005,50000,7001,0.14002
12339,2.8875,2.4750000000000005,0.8250000000000002,50000,7021,0.14042
12340,2.8875,2.4750000000000005,1.2375000000000007,50000,6930,0.1386
12341,2.8875,2.4750000000000005,1.6500000000000004,50000,6868,0.13736
12342,2.8875,2.4750000000000005,2.0625,50000,6509,0.13018
12343,2.8875,2.4750000000000005,2.4750000000000005,50000,6383,0.12766
12344,2.8875,2.4750000000000005,2.8875,50000,6272,0.12544
12345,2.8875,2.4750000000000005,3.3,50000,6043,0.12086
12346,2.8875,2.4750000000000005,3.712500000000001,50000,6013,0.12026
12347,2.8875,2.4750000000000005,4.125000000000001,50000,5850,0.117
12348,2.8875,2.4750000000000005,4.5375000000000005,50000,5613,0.11226
12349,2.8875,2.4750000000000005,4.95,50000,5644,0.11288
12350,2.8875,2.8875,-4.95,50000,5559,0.11118
12351,2.8875,2.8875,-4.5375000000000005,50000,5534,0.11068
12352,2.8875,2.8875,-4.125,50000,5430,0.1086
12353,2.8875,2.8875,-3.7125,50000,5708,0.11416
12354,2.8875,2.8875,-3.3,50000,5839,0.11678
12355,2.8875,2.8875,-2.8875,50000,6125,0.1225
12356,2.8875,2.8875,-2.475,50000,6475,0.1295
12357,2.8875,2.8875,-2.0625,50000,6762,0.13524
12358,2.8875,2.8875,-1.65,50000,6970,0.1394
12359,2.8875,2.8875,-1.2374999999999998,50000,7183,0.14366
12360,2.8875,2.8875,-0.8250000000000002,50000,7252,0.14504
12361,2.8875,2.8875,-0.4124999999999996,50000,7379,0.14758
12362,2.8875,2.8875,0.0,50000,7103,0.14206
12363,2.8875,2.8875,0.4125000000000005,50000,7174,0.14348
12364,2.8875,2.8875,0.8250000000000002,50000,7190,0.1438
12365,2.8875,2.8875,1.2375000000000007,50000,6979,0.13958
12366,2.8875,2.8875,1.6500000000000004,50000,6826,0.13652
12367,2.8875,2.8875,2.0625,50000,6759,0.13518
12368,2.8875,2.8875,2.4750000000000005,50000,6580,0.1316
12369,2.8875,2.8875,2.8875,50000,6159,0.12318
12370,2.8875,2.8875,3.3,50000,6024,0.12048
12371,2.8875,2.8875,3.712500000000001,50000,5553,0.11106
12372,2.8875,2.8875,4.125000000000001,50000,5566,0.11132
12373,2.8875,2.8875,4.5375000000000005,50000,5434,0.10868
12374,2.8875,2.8875,4.95,50000,5532,0.11064
12375,2.8875,3.3,-4.95,50000,5190,0.1038
12376,2.8875,3.3,-4.5375000000000005,50000,5210,0.1042
12377,2.8875,3.3,-4.125,50000,5269,0.10538
12378,2.8875,3.3,-3.7125,50000,5509,0.11018
12379,2.8875,3.3,-3.3,50000,5748,0.11496
12380,2.8875,3.3,-2.8875,50000,6122,0.12244
12381,2.8875,3.3,-2.475,50000,6623,0.13246
12382,2.8875,3.3,-2.0625,50000,6933,0.13866
12383,2.8875,3.3,-1.65,50000,7099,0.14198
12384,2.8875,3.3,-1.2374999999999998,50000,7398,0.14796
12385,2.8875,3.3,-0.8250000000000002,50000,7622,0.15244
12386,2.8875,3.3,-0.4124999999999996,50000,7459,0.14918
12387,2.8875,3.3,0.0,50000,7456,0.14912
12388,2.8875,3.3,0.4125000000000005,50000,7505,0.1501
12389,2.8875,3.3,0.8250000000000002,50000,7514,0.15028
12390,2.8875,3.3,1.2375000000000007,50000,7266,0.14532
12391,2.8875,3.3,1.6500000000000004,50000,7069,0.14138
12392,2.8875,3.3,2.0625,50000,6761,0.13522
12393,2.8875,3.3,2.4750000000000005,50000,6539,0.13078
12394,2.8875,3.3,2.8875,50000,6158,0.12316
12395,2.8875,3.3,3.3,50000,5847,0.11694
12396,2.8875,3.3,3.712500000000001,50000,5599,0.11198
12397,2.8875,3.3,4.125000000000001,50000,5234,0.10468
12398,2.8875,3.3,4.5375000000000005,50000,5248,0.10496
12399,2.8875,3.3,4.95,50000,5233,0.10466
12400,2.8875,3.712500000000001,-4.95,50000,4830,0.0966
12401,2.8875,3.712500000000001,-4.5375000000000005,50000,4790,0.0958
12402,2.8875,3.712500000000001,-4.125,50000,4843,0.09686
12403,2.8875,3.712500000000001,-3.7125,50000,5229,0.10458
12404,2.8875,3.712500000000001,-3.3,50000,5591,0.11182
12405,2.8875,3.712500000000001,-2.8875,50000,6108,0.12216
12406,2.8875,3.712500000000001,-2.475,50000,6709,0.13418
12407,2.8875,3.712500000000001,-2.0625,50000,7219,0.14438
12408,2.8875,3.712500000000001,-1.65,50000,7401,0.14802
12409,2.8875,3.712500000000001,-1.2374999999999998,50000,7751,0.15502
12410,2.8875,3.712500000000001,-0.8250000000000002,50000,7786,0.15572
12411,2.8875,3.712500000000001,-0.4124999999999996,50000,7710,0.1542
12412,2.8875,3.712500000000001,0.0,50000,7793,0.15586
12413,2.8875,3.712500000000001,0.4125000000000005,50000,7791,0.15582
12414,2.8875,3.712500000000001,0.8250000000000002,50000,7785,0.1557
12415,2.8875,3.712500000000001,1.2375000000000007,50000,7538,0.15076
12416,2.8875,3.712500000000001,1.6500000000000004,50000,7456,0.14912
12417,2.8875,3.712500000000001,2.0625,50000,7086,0.14172
12418,2.8875,3.712500000000001,2.4750000000000005,50000,6776,0.13552
12419,2.8875,3.712500000000001,2.8875,50000,6096,0.12192
12420,2.8875,3.712500000000001,3.3,50000,5617,0.11234
12421,2.8875,3.712500000000001,3.712500000000001,50000,5132,0.10264
12422,2.8875,3.712500000000001,4.125000000000001,50000,4921,0.09842
12423,2.8875,3.712500000000001,4.5375000000000005,50000,4714,0.09428
12424,2.8875,3.712500000000001,4.95,50000,4759,0.09518
12425,2.8875,4.125000000000001,-4.95,50000,4315,0.0863
12426,2.8875,4.125000000000001,-4.5375000000000005,50000,4243,0.08486
12427,2.8875,4.125000000000001,-4.125,50000,4283,0.08566
12428,2.8875,4.125000000000001,-3.7125,50000,4717,0.09434
12429,2.8875,4.125000000000001,-3.3,50000,5306,0.10612
12430,2.8875,4.125000000000001,-2.8875,50000,6303,0.12606
12431,2.8875,4.125000000000001,-2.475,50000,7194,0.14388
12432,2.8875,4.125000000000001,-2.0625,50000,7537,0.15074
12433,2.8875,4.125000000000001,-1.65,50000,7998,0.15996
12434,2.8875,4.125000000000001,-1.2374999999999998,50000,8260,0.1652
12435,2.8875,4.125000000000001,-0.8250000000000002,50000,8099,0.16198
12436,2.8875,4.125000000000001,-0.4124999999999996,50000,8080,0.1616
12437,2.8875,4.125000000000001,0.0,50000,8313,0.16626
12438,2.8875,4.125000000000001,0.4125000000000005,50000,8223,0.16446
12439,2.8875,4.125000000000001,0.8250000000000002,50000,8123,0.16246
12440,2.8875,4.125000000000001,1.2375000000000007,50000,8080,0.1616
12441,2.8875,4.125000000000001,1.6500000000000004,50000,7880,0.1576
12442,2.8875,4.125000000000001,2.0625,50000,7509,0.15018
12443,2.8875,4.125000000000001,2.4750000000000005,50000,7087,0.14174
12444,2.8875,4.125000000000001,2.8875,50000,6334,0.12668
12445,2.8875,4.125000000000001,3.3,50000,5381,0.10762
12446,2.8875,4.125000000000001,3.712500000000001,50000,4695,0.0939
12447,2.8875,4.125000000000001,4.125000000000001,50000,4266,0.08532
12448,2.8875,4.125000000000001,4.5375000000000005,50000,4355,0.0871
12449,2.8875,4.125000000000001,4.95,50000,4292,0.08584
12450,2.8875,4.5375000000000005,-4.95,50000,3574,0.07148
12451,2.8875,4.5375000000000005,-4.5375000000000005,50000,3561,0.07122
12452,2.8875,4.5375000000000005,-4.125,50000,3605,0.0721
12453,2.8875,4.5375000000000005,-3.7125,50000,3945,0.0789
12454,2.8875,4.5375000000000005,-3.3,50000,4773,0.09546
12455,2.8875,4.5375000000000005,-2.8875,50000,6673,0.13346
12456,2.8875,4.5375000000000005,-2.475,50000,8064,0.16128
12457,2.8875,4.5375000000000005,-2.0625,50000,8478,0.16956
12458,2.8875,4.5375000000000005,-1.65,50000,8834,0.17668
12459,2.8875,4.5375000000000005,-1.2374999999999998,50000,8739,0.17478
12460,2.8875,4.5375000000000005,-0.8250000000000002,50000,8669,0.17338
12461,2.8875,4.5375000000000005,-0.4124999999999996,50000,9152,0.18304
12462,2.8875,4.5375000000000005,0.0,50000,8896,0.17792
12463,2.8875,4.5375000000000005,0.4125000000000005,50000,8881,0.17762
12464,2.8875,4.5375000000000005,0.8250000000000002,50000,8998,0.17996
12465,2.8875,4.5375000000000005,1.2375000000000007,50000,8974,0.17948
12466,2.8875,4.5375000000000005,1.6500000000000004,50000,8677,0.17354
12467,2.8875,4.5375000000000005,2.0625,50000,8503,0.17006
12468,2.8875,4.5375000000000005,2.4750000000000005,50000,7924,0.15848
12469,2.8875,4.5375000000000005,2.8875,50000,6590,0.1318
12470,2.8875,4.5375000000000005,3.3,50000,4793,0.09586
12471,2.8875,4.5375000000000005,3.712500000000001,50000,3970,0.0794
12472,2.8875,4.5375000000000005,4.125000000000001,50000,3582,0.07164
12473,2.8875,4.5375000000000005,4.5375000000000005,50000,3356,0.06712
12474,2.8875,4.5375000000000005,4.95,50000,3492,0.06984
12475,2.8875,4.95,-4.95,50000,2482,0.04964
12476,2.8875,4.95,-4.5375000000000005,50000,2554,0.05108
12477,2.8875,4.95,-4.125,50000,2651,0.05302
12478,2.8875,4.95,-3.7125,50000,2753,0.05506
12479,2.8875,4.95,-3.3,50000,3006,0.06012
12480,2.8875,4.95,-2.8875,50000,11407,0.22814
12481,2.8875,4.95,-2.475,50000,12344,0.24688
12482,2.8875,4.95,-2.0625,50000,12579,0.25158
12483,2.8875,4.95,-1.65,50000,12462,0.24924
12484,2.8875,4.95,-1.2374999999999998,50000,12604,0.25208
12485,2.8875,4.95,-0.8250000000000002,50000,12615,0.2523
12486,2.8875,4.95,-0.4124999999999996,50000,12595,0.2519
12487,2.8875,4.95,0.0,50000,12741,0.25482
12488,2.8875,4.95,0.4125000000000005,50000,12459,0.24918
12489,2.8875,4.95,0.8250000000000002,50000,12676,0.25352
12490,2.8875,4.95,1.2375000000000007,50000,12460,0.2492
12491,2.8875,4.95,1.6500000000000004,50000,12621,0.25242
12492,2.8875,4.95,2.0625,50000,12611,0.25222
12493,2.8875,4.95,2.4750000000000005,50000,12276,0.24552
12494,2.8875,4.95,2.8875,50000,11514,0.23028
12495,2.8875,4.95,3.3,50000,3133,0.06266
12496,2.8875,4.95,3.712500000000001,50000,2741,0.05482
12497,2.8875,4.95,4.125000000000001,50000,2580,0.0516
12498,2.8875,4.95,4.5375000000000005,50000,2671,0.05342
12499,2.8875,4.95,4.95,50000,2451,0.04902
12500,3.3,-4.95,-4.95,50000,5522,0.11044
12501,3.3,-4.95,-4.5375000000000005,50000,5588,0.11176
12502,3.3,-4.95,-4.125,50000,5659,0.11318
12503,3.3,-4.95,-3.7125,50000,5508,0.11016
12504,3.3,-4.95,-3.3,50000,5726,0.11452
12505,3.3,-4.95,-2.8875,50000,5719,0.11438
12506,3.3,-4.95,-2.475,50000,5602,0.11204
12507,3.3,-4.95,-2.0625,50000,5772,0.11544
12508,3.3,-4.95,-1.65,50000,5808,0.11616
12509,3.3,-4.95,-1.2374999999999998,50000,5835,0.1167
12510,3.3,-4.95,-0.8250000000000002,50000,5771,0.11542
12511,3.3,-4.95,-0.4124999999999996,50000,5734,0.11468
12512,3.3,-4.95,0.0,50000,5912,0.11824
12513,3.3,-4.95,0.4125000000000005,50000,5871,0.11742
12514,3.3,-4.95,0.8250000000000002,50000,5808,0.11616
12515,3.3,-4.95,1.2375000000000007,50000,5834,0.11668
12516,3.3,-4.95,1.6500000000000004,50000,5740,0.1148
12517,3.3,-4.95,2.0625,50000,5750,0.115
12518,3.3,-4.95,2.4750000000000005,50000,5862,0.11724
12519,3.3,-4.95,2.8875,50000,5656,0.11312
12520,3.3,-4.95,3.3,50000,5629,0.11258
12521,3.3,-4.95,3.712500000000001,50000,5720,0.1144
12522,3.3,-4.95,4.125000000000001,50000,5648,0.11296
12523,3.3,-4.95,4.5375000000000005,50000,5687,0.11374
12524,3.3,-4.95,4.95,50000,5628,0.11256
12525,3.3,-4.5375000000000005,-4.95,50000,5482,0.10964
12526,3.3,-4.5375000000000005,-4.5375000000000005,50000,5629,0.11258
12527,3.3,-4.5375000000000005,-4.125,50000,5541,0.11082
12528,3.3,-4.5375000000000005,-3.7125,50000,5693,0.11386
12529,3.3,-4.5375000000000005,-3.3,50000,5649,0.11298
12530,3.3,-4.5375000000000005,-2.8875,50000,5622,0.11244
12531,3.3,-4.5375000000000005,-2.475,50000,5681,0.11362
12532,3.3,-4.5375000000000005,-2.0625,50000,5686,0.11372
12533,3.3,-4.5375000000000005,-1.65,50000,5665,0.1133
12534,3.3,-4.5375000000000005,-1.2374999999999998,50000,5919,0.11838
12535,3.3,-4.5375000000000005,-0.8250000000000002,50000,5810,0.1162
12536,3.3,-4.5375000000000005,-0.4124999999999996,50000,5751,0.11502
12537,3.3,-4.5375000000000005,0.0,50000,5741,0.11482
12538,3.3,-4.5375000000000005,0.4125000000000005,50000,5712,0.11424
12539,3.3,-4.5375000000000005,0.8250000000000002,50000,5856,0.11712
12540,3.3,-4.5375000000000005,1.2375000000000007,50000,5740,0.1148
12541,3.3,-4.5375000000000005,1.6500000000000004,50000,5762,0.11524
12542,3.3,-4.5375000000000005,2.0625,50000,5730,0.1146
12543,3.3,-4.5375000000000005,2.4750000000000005,50000,5681,0.11362
12544,3.3,-4.5375000000000005,2.8875,50000,5725,0.1145
12545,3.3,-4.5375000000000005,3.3,50000,5693,0.11386
12546,3.3,-4.5375000000000005,3.712500000000001,50000,5673,0.11346
12547,3.3,-4.5375000000000005,4.125000000000001,50000,5663,0.11326
12548,3.3,-4.5375000000000005,4.5375000000000005,50000,5595,0.1119
12549,3.3,-4.5375000000000005,4.95,50000,5580,0.1116
12550,3.3,-4.125,-4.95,50000,5589,0.11178
12551,3.3,-4.125,-4.5375000000000005,50000,5648,0.11296
12552,3.3,-4.125,-4.125,50000,5644,0.11288
12553,3.3,-4.125,-3.7125,50000,5678,0.11356
12554,3.3,-4.125,-3.3,50000,5700,0.114
12555,3.3,-4.125,-2.8875,50000,5697,0.11394
12556,3.3,-4.125,-2.475,50000,5667,0.11334
12557,3.3,-4.125,-2.0625,50000,5698,0.11396
12558,3.3,-4.125,-1.65,50000,5916,0.11832
12559,3.3,-4.125,-1.2374999999999998,50000,5751,0.11502
12560,3.3,-4.125,-0.8250000000000002,50000,5844,0.11688
12561,3.3,-4.125,-0.4124999999999996,50000,5755,0.1151
12562,3.3,-4.125,0.0,50000,5686,0.11372
12563,3.3,-4.125,0.4125000000000005,50000,5754,0.11508
12564,3.3,-4.125,0.8250000000000002,50000,5785,0.1157
12565,3.3,-4.125,1.2375000000000007,50000,5758,0.11516
12566,3.3,-4.125,1.6500000000000004,50000,5697,0.11394
12567,3.3,-4.125,2.0625,50000,5645,0.1129
12568,3.3,-4.125,2.4750000000000005,50000,5678,0.11356
12569,3.3,-4.125,2.8875,50000,5693,0.11386
12570,3.3,-4.125,3.3,50000,5680,0.1136
12571,3.3,-4.125,3.712500000000001,50000,5482,0.10964
12572,3.3,-4.125,4.125000000000001,50000,5705,0.1141
12573,3.3,-4.125,4.5375000000000005,50000,5688,0.11376
12574,3.3,-4.125,4.95,50000,5613,0.11226
12575,3.3,-3.7125,-4.95,50000,5639,0.11278
12576,3.3,-3.7125,-4.5375000000000005,50000,5465,0.1093
12577,3.3,-3.7125,-4.125,50000,5750,0.115
12578,3.3,-3.7125,-3.7125,50000,5559,0.11118
12579,3.3,-3.7125,-3.3,50000,5662,0.11324
12580,3.3,-3.7125,-2.8875,50000,5829,0.11658
12581,3.3,-3.7125,-2.475,50000,5736,0.11472
12582,3.3,-3.7125,-2.0625,50000,5893,0.11786
12583,3.3,-3.7125,-1.65,50000,5786,0.11572
12584,3.3,-3.7125,-1.2374999999999998,50000,5930,0.1186
12585,3.3,-3.7125,-0.8250000000000002,50000,5933,0.11866
12586,3.3,-3.7125,-0.4124999999999996,50000,5655,0.1131
12587,3.3,-3.7125,0.0,50000,5717,0.11434
12588,3.3,-3.7125,0.4125000000000005,50000,5797,0.11594
12589,3.3,-3.7125,0.8250000000000002,50000,5718,0.11436
12590,3.3,-3.7125,1.2375000000000007,50000,5748,0.11496
12591,3.3,-3.7125,1.6500000000000004,50000,5756,0.11512
12592,3.3,-3.7125,2.0625,50000,5688,0.11376
12593,3.3,-3.7125,2.4750000000000005,50000,5679,0.11358
12594,3.3,-3.7125,2.8875,50000,5827,0.11654
12595,3.3,-3.7125,3.3,50000,5669,0.11338
12596,3.3,-3.7125,3.712500000000001,50000,5576,0.11152
12597,3.3,-3.7125,4.125000000000001,50000,5637,0.11274
12598,3.3,-3.7125,4.5375000000000005,50000,5609,0.11218
12599,3.3,-3.7125,4.95,50000,5594,0.11188
12600,3.3,-3.3,-4.95,50000,5527,0.11054
12601,3.3,-3.3,-4.5375000000000005,50000,5592,0.11184
12602,3.3,-3.3,-4.125,50000,5719,0.11438
12603,3.3,-3.3,-3.7125,50000,5654,0.11308
12604,3.3,-3.3,-3.3,50000,5708,0.11416
12605,3.3,-3.3,-2.8875,50000,5622,0.11244
12606,3.3,-3.3,-2.475,50000,5751,0.11502
12607,3.3,-3.3,-2.0625,50000,5764,0.11528
12608,3.3,-3.3,-1.65,50000,5733,0.11466
12609,3.3,-3.3,-1.2374999999999998,50000,5905,0.1181
12610,3.3,-3.3,-0.8250000000000002,50000,5900,0.118
12611,3.3,-3.3,-0.4124999999999996,50000,5853,0.11706
12612,3.3,-3.3,0.0,50000,5782,0.11564
12613,3.3,-3.3,0.4125000000000005,50000,5863,0.11726
12614,3.3,-3.3,0.8250000000000002,50000,5780,0.1156
12615,3.3,-3.3,1.2375000000000007,50000,5863,0.11726
12616,3.3,-3.3,1.6500000000000004,50000,5724,0.11448
12617,3.3,-3.3,2.0625,50000,5768,0.11536
12618,3.3,-3.3,2.4750000000000005,50000,5775,0.1155
12619,3.3,-3.3,2.8875,50000,5816,0.11632
12620,3.3,-3.3,3.3,50000,5631,0.11262
12621,3.3,-3.3,3.712500000000001,50000,5634,0.11268
12622,3.3,-3.3,4.125000000000001,50000,5775,0.1155
12623,3.3,-3.3,4.5375000000000005,50000,5691,0.11382
12624,3.3,-3.3,4.95,50000,5537,0.11074
12625,3.3,-2.8875,-4.95,50000,5711,0.11422
12626,3.3,-2.8875,-4.5375000000000005,50000,5579,0.11158
12627,3.3,-2.8875,-4.125,50000,5714,0.11428
12628,3.3,-2.8875,-3.7125,50000,5716,0.11432
12629,3.3,-2.8875,-3.3,50000,5727,0.11454
12630,3.3,-2.8875,-2.8875,50000,5644,0.11288
12631,3.3,-2.8875,-2.475,50000,5718,0.11436
12632,3.3,-2.8875,-2.0625,50000,5919,0.11838
12633,3.3,-2.8875,-1.65,50000,5897,0.11794
12634,3.3,-2.8875,-1.2374999999999998,50000,5835,0.1167
12635,3.3,-2.8875,-0.8250000000000002,50000,5704,0.11408
12636,3.3,-2.8875,-0.4124999999999996,50000,5694,0.11388
12637,3.3,-2.8875,0.0,50000,5782,0.11564
12638,3.3,-2.8875,0.4125000000000005,50000,5818,0.11636
12639,3.3,-2.8875,0.8250000000000002,50000,5920,0.1184
12640,3.3,-2.8875,1.2375000000000007,50000,5738,0.11476
12641,3.3,-2.8875,1.6500000000000004,50000,5778,0.11556
12642,3.3,-2.8875,2.0625,50000,5805,0.1161
12643,3.3,-2.8875,2.4750000000000005,50000,5890,0.1178
12644,3.3,-2.8875,2.8875,50000,5829,0.11658
12645,3.3,-2.8875,3.3,50000,5600,0.112
12646,3.3,-2.8875,3.712500000000001,50000,5673,0.11346
12647,3.3,-2.8875,4.125000000000001,50000,5603,0.11206
12648,3.3,-2.8875,4.5375000000000005,50000,5620,0.1124
12649,3.3,-2.8875,4.95,50000,5589,0.11178
12650,3.3,-2.475,-4.95,50000,5702,0.11404
12651,3.3,-2.475,-4.5375000000000005,50000,5615,0.1123
12652,3.3,-2.475,-4.125,50000,5739,0.11478
12653,3.3,-2.475,-3.7125,50000,5797,0.11594
12654,3.3,-2.475,-3.3,50000,5743,0.11486
12655,3.3,-2.475,-2.8875,50000,5810,0.1162
12656,3.3,-2.475,-2.475,50000,5829,0.11658
12657,3.3,-2.475,-2.0625,50000,5822,0.11644
12658,3.3,-2.475,-1.65,50000,5800,0.116
12659,3.3,-2.475,-1.2374999999999998,50000,5842,0.11684
12660,3.3,-2.475,-0.8250000000000002,50000,5731,0.11462
12661,3.3,-2.475,-0.4124999999999996,50000,5819,0.11638
12662,3.3,-2.475,0.0,50000,5874,0.11748
12663,3.3,-2.475,0.4125000000000005,50000,5836,0.11672
12664,3.3,-2.475,0.8250000000000002,50000,5911,0.11822
12665,3.3,-2.475,1.2375000000000007,50000,6155,0.1231
12666,3.3,-2.475,1.6500000000000004,50000,5875,0.1175
12667,3.3,-2.475,2.0625,50000,5877,0.11754
12668,3.3,-2.475,2.4750000000000005,50000,5681,0.11362
12669,3.3,-2.475,2.8875,50000,5790,0.1158
12670,3.3,-2.475,3.3,50000,5735,0.1147
12671,3.3,-2.475,3.712500000000001,50000,5609,0.11218
12672,3.3,-2.475,4.125000000000001,50000,5779,0.11558
12673,3.3,-2.475,4.5375000000000005,50000,5687,0.11374
12674,3.3,-2.475,4.95,50000,5551,0.11102
12675,3.3,-2.0625,-4.95,50000,5669,0.11338
12676,3.3,-2.0625,-4.5375000000000005,50000,5725,0.1145
12677,3.3,-2.0625,-4.125,50000,5753,0.11506
12678,3.3,-2.0625,-3.7125,50000,5673,0.11346
12679,3.3,-2.0625,-3.3,50000,5772,0.11544
12680,3.3,-2.0625,-2.8875,50000,5971,0.11942
12681,3.3,-2.0625,-2.475,50000,5781,0.11562
12682,3.3,-2.0625,-2.0625,50000,5836,0.11672
12683,3.3,-2.0625,-1.65,50000,5964,0.11928
12684,3.3,-2.0625,-1.2374999999999998,50000,5922,0.11844
12685,3.3,-2.0625,-0.8250000000000002,50000,5926,0.11852
12686,3.3,-2.0625,-0.4124999999999996,50000,5891,0.11782
12687,3.3,-2.0625,0.0,50000,5996,0.11992
12688,3.3,-2.0625,0.4125000000000005,50000,5830,0.1166
12689,3.3,-2.0625,0.8250000000000002,50000,5810,0.1162
12690,3.3,-2.0625,1.2375000000000007,50000,5839,0.11678
12691,3.3,-2.0625,1.6500000000000004,50000,5916,0.11832
12692,3.3,-2.0625,2.0625,50000,5955,0.1191
12693,3.3,-2.0625,2.4750000000000005,50000,5902,0.11804
12694,3.3,-2.0625,2.8875,50000,5846,0.11692
12695,3.3,-2.0625,3.3,50000,5755,0.1151
12696,3.3,-2.0625,3.712500000000001,50000,5880,0.1176
12697,3.3,-2.0625,4.125000000000001,50000,5681,0.11362
12698,3.3,-2.0625,4.5375000000000005,50000,5648,0.11296
12699,3.3,-2.0625,4.95,50000,5784,0.11568
12700,3.3,-1.65,-4.95,50000,5730,0.1146
12701,3.3,-1.65,-4.5375000000000005,50000,5820,0.1164
12702,3.3,-1.65,-4.125,50000,5691,0.11382
12703,3.3,-1.65,-3.7125,50000,5744,0.11488
12704,3.3,-1.65,-3.3,50000,5798,0.11596
12705,3.3,-1.65,-2.8875,50000,5828,0.11656
12706,3.3,-1.65,-2.475,50000,5903,0.11806
12707,3.3,-1.65,-2.0625,50000,5940,0.1188
12708,3.3,-1.65,-1.65,50000,6016,0.12032
12709,3.3,-1.65,-1.2374999999999998,50000,5944,0.11888
12710,3.3,-1.65,-0.8250000000000002,50000,5980,0.1196
12711,3.3,-1.65,-0.4124999999999996,50000,5943,0.11886
12712,3.3,-1.65,0.0,50000,5917,0.11834
12713,3.3,-1.65,0.4125000000000005,50000,5908,0.11816
12714,3.3,-1.65,0.8250000000000002,50000,5957,0.11914
12715,3.3,-1.65,1.2375000000000007,50000,5873,0.11746
12716,3.3,-1.65,1.6500000000000004,50000,5873,0.11746
12717,3.3,-1.65,2.0625,50000,5846,0.11692
12718,3.3,-1.65,2.4750000000000005,50000,5897,0.11794
12719,3.3,-1.65,2.8875,50000,5818,0.11636
12720,3.3,-1.65,3.3,50000,5745,0.1149
12721,3.3,-1.65,3.712500000000001,50000,5709,0.11418
12722,3.3,-1.65,4.125000000000001,50000,5738,0.11476
12723,3.3,-1.65,4.5375000000000005,50000,5703,0.11406
12724,3.3,-1.65,4.95,50000,5733,0.11466
12725,3.3,-1.2374999999999998,-4.95,50000,5973,0.11946
12726,3.3,-1.2374999999999998,-4.5375000000000005,50000,5800,0.116
12727,3.3,-1.2374999999999998,-4.125,50000,5859,0.11718
12728,3.3,-1.2374999999999998,-3.7125,50000,5727,0.11454
12729,3.3,-1.2374999999999998,-3.3,50000,5876,0.11752
12730,3.3,-1.2374999999999998,-2.8875,50000,5800,0.116
12731,3.3,-1.2374999999999998,-2.475,50000,6048,0.12096
12732,3.3,-1.2374999999999998,-2.0625,50000,5895,0.1179
12733,3.3,-1.2374999999999998,-1.65,50000,5941,0.11882
12734,3.3,-1.2374999999999998,-1.2374999999999998,50000,6033,0.12066
12735,3.3,-1.2374999999999998,-0.8250000000000002,50000,5958,0.11916
12736,3.3,-1.2374999999999998,-0.4124999999999996,50000,5984,0.11968
12737,3.3,-1.2374999999999998,0.0,50000,6113,0.12226
12738,3.3,-1.2374999999999998,0.4125000000000005,50000,5996,0.11992
12739,3.3,-1.2374999999999998,0.8250000000000002,50000,6061,0.12122
12740,3.3,-1.2374999999999998,1.2375000000000007,50000,6000,0.12
12741,3.3,-1.2374999999999998,1.6500000000000004,50000,6049,0.12098
12742,3.3,-1.2374999999999998,2.0625,50000,5869,0.11738
12743,3.3,-1.2374999999999998,2.4750000000000005,50000,5978,0.11956
12744,3.3,-1.2374999999999998,2.8875,50000,5872,0.11744
12745,3.3,-1.2374999999999998,3.3,50000,5809,0.11618
12746,3.3,-1.2374999999999998,3.712500000000001,50000,5860,0.1172
12747,3.3,-1.2374999999999998,4.125000000000001,50000,5908,0.11816
12748,3.3,-1.2374999999999998,4.5375000000000005,50000,5773,0.11546
12749,3.3,-1.2374999999999998,4.95,50000,5785,0.1157
12750,3.3,-0.8250000000000002,-4.95,50000,5774,0.11548
12751,3.3,-0.8250000000000002,-4.5375000000000005,50000,5780,0.1156
12752,3.3,-0.8250000000000002,-4.125,50000,5816,0.11632
12753,3.3,-0.8250000000000002,-3.7125,50000,5982,0.11964
12754,3.3,-0.8250000000000002,-3.3,50000,5922,0.11844
12755,3.3,-0.8250000000000002,-2.8875,50000,6075,0.1215
12756,3.3,-0.8250000000000002,-2.475,50000,5933,0.11866
12757,3.3,-0.8250000000000002,-2.0625,50000,5974,0.11948
12758,3.3,-0.8250000000000002,-1.65,50000,6001,0.12002
12759,3.3,-0.8250000000000002,-1.2374999999999998,50000,5866,0.11732
12760,3.3,-0.8250000000000002,-0.8250000000000002,50000,5985,0.1197
12761,3.3,-0.8250000000000002,-0.4124999999999996,50000,6144,0.12288
12762,3.3,-0.8250000000000002,0.0,50000,6083,0.12166
12763,3.3,-0.8250000000000002,0.4125000000000005,50000,6164,0.12328
12764,3.3,-0.8250000000000002,0.8250000000000002,50000,6077,0.12154
12765,3.3,-0.8250000000000002,1.2375000000000007,50000,6035,0.1207
12766,3.3,-0.8250000000000002,1.6500000000000004,50000,6077,0.12154
12767,3.3,-0.8250000000000002,2.0625,50000,5940,0.1188
12768,3.3,-0.8250000000000002,2.4750000000000005,50000,6025,0.1205
12769,3.3,-0.8250000000000002,2.8875,50000,5877,0.11754
12770,3.3,-0.8250000000000002,3.3,50000,5885,0.1177
12771,3.3,-0.8250000000000002,3.712500000000001,50000,5884,0.11768
12772,3.3,-0.8250000000000002,4.125000000000001,50000,5794,0.11588
12773,3.3,-0.8250000000000002,4.5375000000000005,50000,5826,0.11652
12774,3.3,-0.8250000000000002,4.95,50000,5873,0.11746
12775,3.3,-0.4124999999999996,-4.95,50000,5770,0.1154
12776,3.3,-0.4124999999999996,-4.5375000000000005,50000,5923,0.11846
12777,3.3,-0.4124999999999996,-4.125,50000,5882,0.11764
12778,3.3,-0.4124999999999996,-3.7125,50000,5888,0.11776
12779,3.3,-0.4124999999999996,-3.3,50000,5981,0.11962
12780,3.3,-0.4124999999999996,-2.8875,50000,6027,0.12054
12781,3.3,-0.4124999999999996,-2.475,50000,6040,0.1208
12782,3.3,-0.4124999999999996,-2.0625,50000,5970,0.1194
12783,3.3,-0.4124999999999996,-1.65,50000,6035,0.1207
12784,3.3,-0.4124999999999996,-1.2374999999999998,50000,6013,0.12026
12785,3.3,-0.4124999999999996,-0.8250000000000002,50000,6079,0.12158
12786,3.3,-0.4124999999999996,-0.4124999999999996,50000,6181,0.12362
12787,3.3,-0.4124999999999996,0.0,50000,6083,0.12166
12788,3.3,-0.4124999999999996,0.4125000000000005,50000,6106,0.12212
12789,3.3,-0.4124999999999996,0.8250000000000002,50000,6151,0.12302
12790,3.3,-0.4124999999999996,1.2375000000000007,50000,6190,0.1238
12791,3.3,-0.4124999999999996,1.6500000000000004,50000,6021,0.12042
12792,3.3,-0.4124999999999996,2.0625,50000,5965,0.1193
12793,3.3,-0.4124999999999996,2.4750000000000005,50000,5991,0.11982
12794,3.3,-0.4124999999999996,2.8875,50000,6010,0.1202
12795,3.3,-0.4124999999999996,3.3,50000,5994,0.11988
12796,3.3,-0.4124999999999996,3.712500000000001,50000,5902,0.11804
12797,3.3,-0.4124999999999996,4.125000000000001,50000,5910,0.1182
12798,3.3,-0.4124999999999996,4.5375000000000005,50000,5786,0.11572
12799,3.3,-0.4124999999999996,4.95,50000,5857,0.11714
12800,3.3,0.0,-4.95,50000,5873,0.11746
12801,3.3,0.0,-4.5375000000000005,50000,5783,0.11566
12802,3.3,0.0,-4.125,50000,5882,0.11764
12803,3.3,0.0,-3.7125,50000,6067,0.12134
12804,3.3,0.0,-3.3,50000,5970,0.1194
12805,3.3,0.0,-2.8875,50000,5957,0.11914
12806,3.3,0.0,-2.475,50000,5980,0.1196
12807,3.3,0.0,-2.0625,50000,6206,0.12412
12808,3.3,0.0,-1.65,50000,6208,0.12416
12809,3.3,0.0,-1.2374999999999998,50000,6167,0.12334
12810,3.3,0.0,-0.8250000000000002,50000,6381,0.12762
12811,3.3,0.0,-0.4124999999999996,50000,6283,0.12566
12812,3.3,0.0,0.0,50000,6293,0.12586
12813,3.3,0.0,0.4125000000000005,50000,6244,0.12488
12814,3.3,0.0,0.8250000000000002,50000,6178,0.12356
12815,3.3,0.0,1.2375000000000007,50000,6205,0.1241
12816,3.3,0.0,1.6500000000000004,50000,6095,0.1219
12817,3.3,0.0,2.0625,50000,6005,0.1201
12818,3.3,0.0,2.4750000000000005,50000,6046,0.12092
12819,3.3,0.0,2.8875,50000,5970,0.1194
12820,3.3,0.0,3.3,50000,5812,0.11624
12821,3.3,0.0,3.712500000000001,50000,5797,0.11594
12822,3.3,0.0,4.125000000000001,50000,5905,0.1181
12823,3.3,0.0,4.5375000000000005,50000,5834,0.11668
12824,3.3,0.0,4.95,50000,5821,0.11642
12825,3.3,0.4125000000000005,-4.95,50000,5993,0.11986
12826,3.3,0.4125000000000005,-4.5375000000000005,50000,5946,0.11892
12827,3.3,0.4125000000000005,-4.125,50000,5810,0.1162
12828,3.3,0.4125000000000005,-3.7125,50000,5830,0.1166
12829,3.3,0.4125000000000005,-3.3,50000,6042,0.12084
12830,3.3,0.4125000000000005,-2.8875,50000,6070,0.1214
12831,3.3,0.4125000000000005,-2.475,50000,6079,0.12158
12832,3.3,0.4125000000000005,-2.0625,50000,6057,0.12114
12833,3.3,0.4125000000000005,-1.65,50000,6064,0.12128
12834,3.3,0.4125000000000005,-1.2374999999999998,50000,6226,0.12452
12835,3.3,0.4125000000000005,-0.8250000000000002,50000,6310,0.1262
12836,3.3,0.4125000000000005,-0.4124999999999996,50000,6287,0.12574
12837,3.3,0.4125000000000005,0.0,50000,6319,0.12638
12838,3.3,0.4125000000000005,0.4125000000000005,50000,6321,0.12642
12839,3.3,0.4125000000000005,0.8250000000000002,50000,6317,0.12634
12840,3.3,0.4125000000000005,1.2375000000000007,50000,6303,0.12606
12841,3.3,0.4125000000000005,1.6500000000000004,50000,6133,0.12266
12842,3.3,0.4125000000000005,2.0625,50000,6253,0.12506
12843,3.3,0.4125000000000005,2.4750000000000005,50000,6153,0.12306
12844,3.3,0.4125000000000005,2.8875,50000,5995,0.1199
12845,3.3,0.4125000000000005,3.3,50000,5946,0.11892
12846,3.3,0.4125000000000005,3.712500000000001,50000,5875,0.1175
12847,3.3,0.4125000000000005,4.125000000000001,50000,6011,0.12022
12848,3.3,0.4125000000000005,4.5375000000000005,50000,5934,0.11868
12849,3.3,0.4125000000000005,4.95,50000,5954,0.11908
12850,3.3,0.8250000000000002,-4.95,50000,5930,0.1186
12851,3.3,0.8250000000000002,-4.5375000000000005,50000,5855,0.1171
12852,3.3,0.8250000000000002,-4.125,50000,5994,0.11988
12853,3.3,0.8250000000000002,-3.7125,50000,5910,0.1182
12854,3.3,0.8250000000000002,-3.3,50000,5990,0.1198
12855,3.3,0.8250000000000002,-2.8875,50000,6249,0.12498
12856,3.3,0.8250000000000002,-2.475,50000,6227,0.12454
12857,3.3,0.8250000000000002,-2.0625,50000,6245,0.1249
12858,3.3,0.8250000000000002,-1.65,50000,6225,0.1245
12859,3.3,0.8250000000000002,-1.2374999999999998,50000,6373,0.12746
12860,3.3,0.8250000000000002,-0.8250000000000002,50000,6371,0.12742
12861,3.3,0.8250000000000002,-0.4124999999999996,50000,6373,0.12746
12862,3.3,0.8250000000000002,0.0,50000,6431,0.12862
12863,3.3,0.8250000000000002,0.4125000000000005,50000,6339,0.12678
12864,3.3,0.8250000000000002,0.8250000000000002,50000,6231,0.12462
12865,3.3,0.8250000000000002,1.2375000000000007,50000,6394,0.12788
12866,3.3,0.8250000000000002,1.6500000000000004,50000,6253,0.12506
12867,3.3,0.8250000000000002,2.0625,50000,6226,0.12452
12868,3.3,0.8250000000000002,2.4750000000000005,50000,6144,0.12288
12869,3.3,0.8250000000000002,2.8875,50000,5917,0.11834
12870,3.3,0.8250000000000002,3.3,50000,6082,0.12164
12871,3.3,0.8250000000000002,3.712500000000001,50000,6067,0.12134
12872,3.3,0.8250000000000002,4.125000000000001,50000,5980,0.1196
12873,3.3,0.8250000000000002,4.5375000000000005,50000,5885,0.1177
12874,3.3,0.8250000000000002,4.95,50000,5812,0.11624
12875,3.3,1.2375000000000007,-4.95,50000,5837,0.11674
12876,3.3,1.2375000000000007,-4.5375000000000005,50000,5998,0.11996
12877,3.3,1.2375000000000007,-4.125,50000,5854,0.11708
12878,3.3,1.2375000000000007,-3.7125,50000,5861,0.11722
12879,3.3,1.2375000000000007,-3.3,50000,5948,0.11896
12880,3.3,1.2375000000000007,-2.8875,50000,6155,0.1231
12881,3.3,1.2375000000000007,-2.475,50000,5997,0.11994
12882,3.3,1.2375000000000007,-2.0625,50000,6288,0.12576
12883,3.3,1.2375000000000007,-1.65,50000,6370,0.1274
12884,3.3,1.2375000000000007,-1.2374999999999998,50000,6538,0.13076
12885,3.3,1.2375000000000007,-0.8250000000000002,50000,6348,0.12696
12886,3.3,1.2375000000000007,-0.4124999999999996,50000,6547,0.13094
12887,3.3,1.2375000000000007,0.0,50000,6377,0.12754
12888,3.3,1.2375000000000007,0.4125000000000005,50000,6421,0.12842
12889,3.3,1.2375000000000007,0.8250000000000002,50000,6444,0.12888
12890,3.3,1.2375000000000007,1.2375000000000007,50000,6243,0.12486
12891,3.3,1.2375000000000007,1.6500000000000004,50000,6479,0.12958
12892,3.3,1.2375000000000007,2.0625,50000,6275,0.1255
12893,3.3,1.2375000000000007,2.4750000000000005,50000,6163,0.12326
12894,3.3,1.2375000000000007,2.8875,50000,6032,0.12064
12895,3.3,1.2375000000000007,3.3,50000,5929,0.11858
12896,3.3,1.2375000000000007,3.712500000000001,50000,5980,0.1196
12897,3.3,1.2375000000000007,4.125000000000001,50000,5925,0.1185
12898,3.3,1.2375000000000007,4.5375000000000005,50000,5917,0.11834
12899,3.3,1.2375000000000007,4.95,50000,5813,0.11626
12900,3.3,1.6500000000000004,-4.95,50000,5772,0.11544
12901,3.3,1.6500000000000004,-4.5375000000000005,50000,5780,0.1156
12902,3.3,1.6500000000000004,-4.125,50000,5931,0.11862
12903,3.3,1.6500000000000004,-3.7125,50000,5874,0.11748
12904,3.3,1.6500000000000004,-3.3,50000,6062,0.12124
12905,3.3,1.6500000000000004,-2.8875,50000,6052,0.12104
12906,3.3,1.6500000000000004,-2.475,50000,6222,0.12444
12907,3.3,1.6500000000000004,-2.0625,50000,6381,0.12762
12908,3.3,1.6500000000000004,-1.65,50000,6407,0.12814
12909,3.3,1.6500000000000004,-1.2374999999999998,50000,6340,0.1268
12910,3.3,1.6500000000000004,-0.8250000000000002,50000,6580,0.1316
12911,3.3,1.6500000000000004,-0.4124999999999996,50000,6610,0.1322
12912,3.3,1.6500000000000004,0.0,50000,6574,0.13148
12913,3.3,1.6500000000000004,0.4125000000000005,50000,6587,0.13174
12914,3.3,1.6500000000000004,0.8250000000000002,50000,6595,0.1319
12915,3.3,1.6500000000000004,1.2375000000000007,50000,6545,0.1309
12916,3.3,1.6500000000000004,1.6500000000000004,50000,6368,0.12736
12917,3.3,1.6500000000000004,2.0625,50000,6242,0.12484
12918,3.3,1.6500000000000004,2.4750000000000005,50000,6256,0.12512
12919,3.3,1.6500000000000004,2.8875,50000,6203,0.12406
12920,3.3,1.6500000000000004,3.3,50000,5994,0.11988
12921,3.3,1.6500000000000004,3.712500000000001,50000,5855,0.1171
12922,3.3,1.6500000000000004,4.125000000000001,50000,5895,0.1179
12923,3.3,1.6500000000000004,4.5375000000000005,50000,5779,0.11558
12924,3.3,1.6500000000000004,4.95,50000,5784,0.11568
12925,3.3,2.0625,-4.95,50000,5831,0.11662
12926,3.3,2.0625,-4.5375000000000005,50000,5736,0.11472
12927,3.3,2.0625,-4.125,50000,5710,0.1142
12928,3.3,2.0625,-3.7125,50000,5853,0.11706
12929,3.3,2.0625,-3.3,50000,5971,0.11942
12930,3.3,2.0625,-2.8875,50000,6021,0.12042
12931,3.3,2.0625,-2.475,50000,6389,0.12778
12932,3.3,2.0625,-2.0625,50000,6289,0.12578
12933,3.3,2.0625,-1.65,50000,6492,0.12984
12934,3.3,2.0625,-1.2374999999999998,50000,6613,0.13226
12935,3.3,2.0625,-0.8250000000000002,50000,6602,0.13204
12936,3.3,2.0625,-0.4124999999999996,50000,6471,0.12942
12937,3.3,2.0625,0.0,50000,6596,0.13192
12938,3.3,2.0625,0.4125000000000005,50000,6571,0.13142
12939,3.3,2.0625,0.8250000000000002,50000,6505,0.1301
12940,3.3,2.0625,1.2375000000000007,50000,6493,0.12986
12941,3.3,2.0625,1.6500000000000004,50000,6498,0.12996
12942,3.3,2.0625,2.0625,50000,6280,0.1256
12943,3.3,2.0625,2.4750000000000005,50000,6195,0.1239
12944,3.3,2.0625,2.8875,50000,6059,0.12118
12945,3.3,2.0625,3.3,50000,5829,0.11658
12946,3.3,2.0625,3.712500000000001,50000,5829,0.11658
12947,3.3,2.0625,4.125000000000001,50000,5821,0.11642
12948,3.3,2.0625,4.5375000000000005,50000,5747,0.11494
12949,3.3,2.0625,4.95,50000,5817,0.11634
12950,3.3,2.4750000000000005,-4.95,50000,5567,0.11134
12951,3.3,2.4750000000000005,-4.5375000000000005,50000,5483,0.10966
12952,3.3,2.4750000000000005,-4.125,50000,5669,0.11338
12953,3.3,2.4750000000000005,-3.7125,50000,5708,0.11416
12954,3.3,2.4750000000000005,-3.3,50000,5989,0.11978
12955,3.3,2.4750000000000005,-2.8875,50000,5984,0.11968
12956,3.3,2.4750000000000005,-2.475,50000,6188,0.12376
12957,3.3,2.4750000000000005,-2.0625,50000,6453,0.12906
12958,3.3,2.4750000000000005,-1.65,50000,6516,0.13032
12959,3.3,2.4750000000000005,-1.2374999999999998,50000,6533,0.13066
12960,3.3,2.4750000000000005,-0.8250000000000002,50000,6723,0.13446
12961,3.3,2.4750000000000005,-0.4124999999999996,50000,6703,0.13406
12962,3.3,2.4750000000000005,0.0,50000,6707,0.13414
12963,3.3,2.4750000000000005,0.4125000000000005,50000,6776,0.13552
12964,3.3,2.4750000000000005,0.8250000000000002,50000,6618,0.13236
12965,3.3,2.4750000000000005,1.2375000000000007,50000,6618,0.13236
12966,3.3,2.4750000000000005,1.6500000000000004,50000,6490,0.1298
12967,3.3,2.4750000000000005,2.0625,50000,6393,0.12786
12968,3.3,2.4750000000000005,2.4750000000000005,50000,6153,0.12306
12969,3.3,2.4750000000000005,2.8875,50000,5965,0.1193
12970,3.3,2.4750000000000005,3.3,50000,5847,0.11694
12971,3.3,2.4750000000000005,3.712500000000001,50000,5632,0.11264
12972,3.3,2.4750000000000005,4.125000000000001,50000,5524,0.11048
12973,3.3,2.4750000000000005,4.5375000000000005,50000,5478,0.10956
12974,3.3,2.4750000000000005,4.95,50000,5637,0.11274
12975,3.3,2.8875,-4.95,50000,5290,0.1058
12976,3.3,2.8875,-4.5375000000000005,50000,5334,0.10668
12977,3.3,2.8875,-4.125,50000,5441,0.10882
12978,3.3,2.8875,-3.7125,50000,5399,0.10798
12979,3.3,2.8875,-3.3,50000,5709,0.11418
12980,3.3,2.8875,-2.8875,50000,5950,0.119
12981,3.3,2.8875,-2.475,50000,6214,0.12428
12982,3.3,2.8875,-2.0625,50000,6415,0.1283
12983,3.3,2.8875,-1.65,50000,6453,0.12906
12984,3.3,2.8875,-1.2374999999999998,50000,6653,0.13306
12985,3.3,2.8875,-0.8250000000000002,50000,6691,0.13382
12986,3.3,2.8875,-0.4124999999999996,50000,6816,0.13632
12987,3.3,2.8875,0.0,50000,6831,0.13662
12988,3.3,2.8875,0.4125000000000005,50000,6804,0.13608
12989,3.3,2.8875,0.8250000000000002,50000,6846,0.13692
12990,3.3,2.8875,1.2375000000000007,50000,6724,0.13448
12991,3.3,2.8875,1.6500000000000004,50000,6489,0.12978
12992,3.3,2.8875,2.0625,50000,6332,0.12664
12993,3.3,2.8875,2.4750000000000005,50000,6302,0.12604
12994,3.3,2.8875,2.8875,50000,5824,0.11648
12995,3.3,2.8875,3.3,50000,5799,0.11598
12996,3.3,2.8875,3.712500000000001,50000,5595,0.1119
12997,3.3,2.8875,4.125000000000001,50000,5364,0.10728
12998,3.3,2.8875,4.5375000000000005,50000,5236,0.10472
12999,3.3,2.8875,4.95,50000,5223,0.10446
13000,3.3,3.3,-4.95,50000,5026,0.10052
13001,3.3,3.3,-4.5375000000000005,50000,5010,0.1002
13002,3.3,3.3,-4.125,50000,5115,0.1023
13003,3.3,3.3,-3.7125,50000,5164,0.10328
13004,3.3,3.3,-3.3,50000,5613,0.11226
13005,3.3,3.3,-2.8875,50000,5762,0.11524
13006,3.3,3.3,-2.475,50000,6166,0.12332
13007,3.3,3.3,-2.0625,50000,6410,0.1282
13008,3.3,3.3,-1.65,50000,6580,0.1316
13009,3.3,3.3,-1.2374999999999998,50000,6726,0.13452
13010,3.3,3.3,-0.8250000000000002,50000,6981,0.13962
13011,3.3,3.3,-0.4124999999999996,50000,6769,0.13538
13012,3.3,3.3,0.0,50000,6842,0.13684
13013,3.3,3.3,0.4125000000000005,50000,6939,0.13878
13014,3.3,3.3,0.8250000000000002,50000,6785,0.1357
13015,3.3,3.3,1.2375000000000007,50000,6739,0.13478
13016,3.3,3.3,1.6500000000000004,50000,6555,0.1311
13017,3.3,3.3,2.0625,50000,6369,0.12738
13018,3.3,3.3,2.4750000000000005,50000,6220,0.1244
13019,3.3,3.3,2.8875,50000,5741,0.11482
13020,3.3,3.3,3.3,50000,5619,0.11238
13021,3.3,3.3,3.712500000000001,50000,5249,0.10498
13022,3.3,3.3,4.125000000000001,50000,5084,0.10168
13023,3.3,3.3,4.5375000000000005,50000,5205,0.1041
13024,3.3,3.3,4.95,50000,5053,0.10106
13025,3.3,3.712500000000001,-4.95,50000,4530,0.0906
13026,3.3,3.712500000000001,-4.5375000000000005,50000,4615,0.0923
13027,3.3,3.712500000000001,-4.125,50000,4714,0.09428
13028,3.3,3.712500000000001,-3.7125,50000,4849,0.09698
13029,3.3,3.712500000000001,-3.3,50000,5259,0.10518
13030,3.3,3.712500000000001,-2.8875,50000,5541,0.11082
13031,3.3,3.712500000000001,-2.475,50000,5871,0.11742
13032,3.3,3.712500000000001,-2.0625,50000,6358,0.12716
13033,3.3,3.712500000000001,-1.65,50000,6483,0.12966
13034,3.3,3.712500000000001,-1.2374999999999998,50000,6738,0.13476
13035,3.3,3.712500000000001,-0.8250000000000002,50000,6685,0.1337
13036,3.3,3.712500000000001,-0.4124999999999996,50000,6997,0.13994
13037,3.3,3.712500000000001,0.0,50000,6984,0.13968
13038,3.3,3.712500000000001,0.4125000000000005,50000,6912,0.13824
13039,3.3,3.712500000000001,0.8250000000000002,50000,6799,0.13598
13040,3.3,3.712500000000001,1.2375000000000007,50000,6697,0.13394
13041,3.3,3.712500000000001,1.6500000000000004,50000,6452,0.12904
13042,3.3,3.712500000000001,2.0625,50000,6317,0.12634
13043,3.3,3.712500000000001,2.4750000000000005,50000,5986,0.11972
13044,3.3,3.712500000000001,2.8875,50000,5680,0.1136
13045,3.3,3.712500000000001,3.3,50000,5224,0.10448
13046,3.3,3.712500000000001,3.712500000000001,50000,4979,0.09958
13047,3.3,3.712500000000001,4.125000000000001,50000,4787,0.09574
13048,3.3,3.712500000000001,4.5375000000000005,50000,4651,0.09302
13049,3.3,3.712500000000001,4.95,50000,4700,0.094
13050,3.3,4.125000000000001,-4.95,50000,4145,0.0829
13051,3.3,4.125000000000001,-4.5375000000000005,50000,3864,0.07728
13052,3.3,4.125000000000001,-4.125,50000,4085,0.0817
13053,3.3,4.125000000000001,-3.7125,50000,4399,0.08798
13054,3.3,4.125000000000001,-3.3,50000,4799,0.09598
13055,3.3,4.125000000000001,-2.8875,50000,5356,0.10712
13056,3.3,4.125000000000001,-2.475,50000,5808,0.11616
13057,3.3,4.125000000000001,-2.0625,50000,6118,0.12236
13058,3.3,4.125000000000001,-1.65,50000,6363,0.12726
13059,3.3,4.125000000000001,-1.2374999999999998,50000,6482,0.12964
13060,3.3,4.125000000000001,-0.8250000000000002,50000,6622,0.13244
13061,3.3,4.125000000000001,-0.4124999999999996,50000,6665,0.1333
13062,3.3,4.125000000000001,0.0,50000,6710,0.1342
13063,3.3,4.125000000000001,0.4125000000000005,50000,6792,0.13584
13064,3.3,4.125000000000001,0.8250000000000002,50000,6697,0.13394
13065,3.3,4.125000000000001,1.2375000000000007,50000,6641,0.13282
13066,3.3,4.125000000000001,1.6500000000000004,50000,6424,0.12848
13067,3.3,4.125000000000001,2.0625,50000,6104,0.12208
13068,3.3,4.125000000000001,2.4750000000000005,50000,5801,0.11602
13069,3.3,4.125000000000001,2.8875,50000,5283,0.10566
13070,3.3,4.125000000000001,3.3,50000,4810,0.0962
13071,3.3,4.125000000000001,3.712500000000001,50000,4457,0.08914
13072,3.3,4.125000000000001,4.125000000000001,50000,4194,0.08388
13073,3.3,4.125000000000001,4.5375000000000005,50000,4045,0.0809
13074,3.3,4.125000000000001,4.95,50000,3975,0.0795
13075,3.3,4.5375000000000005,-4.95,50000,3395,0.0679
13076,3.3,4.5375000000000005,-4.5375000000000005,50000,3336,0.06672
13077,3.3,4.5375000000000005,-4.125,50000,3442,0.06884
13078,3.3,4.5375000000000005,-3.7125,50000,3748,0.07496
13079,3.3,4.5375000000000005,-3.3,50000,4070,0.0814
13080,3.3,4.5375000000000005,-2.8875,50000,4751,0.09502
13081,3.3,4.5375000000000005,-2.475,50000,5303,0.10606
13082,3.3,4.5375000000000005,-2.0625,50000,5760,0.1152
13083,3.3,4.5375000000000005,-1.65,50000,5856,0.11712
13084,3.3,4.5375000000000005,-1.2374999999999998,50000,5913,0.11826
13085,3.3,4.5375000000000005,-0.8250000000000002,50000,6082,0.12164
13086,3.3,4.5375000000000005,-0.4124999999999996,50000,6168,0.12336
13087,3.3,4.5375000000000005,0.0,50000,5965,0.1193
13088,3.3,4.5375000000000005,0.4125000000000005,50000,6048,0.12096
13089,3.3,4.5375000000000005,0.8250000000000002,50000,5984,0.11968
13090,3.3,4.5375000000000005,1.2375000000000007,50000,5978,0.11956
13091,3.3,4.5375000000000005,1.6500000000000004,50000,5780,0.1156
13092,3.3,4.5375000000000005,2.0625,50000,5683,0.11366
13093,3.3,4.5375000000000005,2.4750000000000005,50000,5600,0.112
13094,3.3,4.5375000000000005,2.8875,50000,4767,0.09534
13095,3.3,4.5375000000000005,3.3,50000,4115,0.0823
13096,3.3,4.5375000000000005,3.712500000000001,50000,3606,0.07212
13097,3.3,4.5375000000000005,4.125000000000001,50000,3460,0.0692
13098,3.3,4.5375000000000005,4.5375000000000005,50000,3306,0.06612
13099,3.3,4.5375000000000005,4.95,50000,3398,0.06796
13100,3.3,4.95,-4.95,50000,2420,0.0484
13101,3.3,4.95,-4.5375000000000005,50000,2477,0.04954
13102,3.3,4.95,-4.125,50000,2530,0.0506
13103,3.3,4.95,-3.7125,50000,2556,0.05112
13104,3.3,4.95,-3.3,50000,2819,0.05638
13105,3.3,4.95,-2.8875,50000,2961,0.05922
13106,3.3,4.95,-2.475,50000,3169,0.06338
13107,3.3,4.95,-2.0625,50000,3299,0.06598
13108,3.3,4.95,-1.65,50000,3217,0.06434
13109,3.3,4.95,-1.2374999999999998,50000,3301,0.06602
13110,3.3,4.95,-0.8250000000000002,50000,3316,0.06632
13111,3.3,4.95,-0.4124999999999996,50000,3384,0.06768
13112,3.3,4.95,0.0,50000,3315,0.0663
13113,3.3,4.95,0.4125000000000005,50000,3263,0.06526
13114,3.3,4.95,0.8250000000000002,50000,3245,0.0649
13115,3.3,4.95,1.2375000000000007,50000,3383,0.06766
13116,3.3,4.95,1.6500000000000004,50000,3261,0.06522
13117,3.3,4.95,2.0625,50000,3221,0.06442
13118,3.3,4.95,2.4750000000000005,50000,3154,0.06308
13119,3.3,4.95,2.8875,50000,2980,0.0596
13120,3.3,4.95,3.3,50000,2744,0.05488
13121,3.3,4.95,3.712500000000001,50000,2623,0.05246
13122,3.3,4.95,4.125000000000001,50000,2521,0.05042
13123,3.3,4.95,4.5375000000000005,50000,2417,0.04834
13124,3.3,4.95,4.95,50000,2399,0.04798
13125,3.712500000000001,-4.95,-4.95,50000,5557,0.11114
13126,3.712500000000001,-4.95,-4.5375000000000005,50000,5660,0.1132
13127,3.712500000000001,-4.95,-4.125,50000,5417,0.10834
13128,3.712500000000001,-4.95,-3.7125,50000,5523,0.11046
13129,3.712500000000001,-4.95,-3.3,50000,5606,0.11212
13130,3.712500000000001,-4.95,-2.8875,50000,5723,0.11446
13131,3.712500000000001,-4.95,-2.475,50000,5659,0.11318
13132,3.712500000000001,-4.95,-2.0625,50000,5799,0.11598
13133,3.712500000000001,-4.95,-1.65,50000,5847,0.11694
13134,3.712500000000001,-4.95,-1.2374999999999998,50000,5676,0.11352
13135,3.712500000000001,-4.95,-0.8250000000000002,50000,5740,0.1148
13136,3.712500000000001,-4.95,-0.4124999999999996,50000,5685,0.1137
13137,3.712500000000001,-4.95,0.0,50000,5806,0.11612
13138,3.712500000000001,-4.95,0.4125000000000005,50000,5663,0.11326
13139,3.712500000000001,-4.95,0.8250000000000002,50000,5659,0.11318
13140,3.712500000000001,-4.95,1.2375000000000007,50000,5766,0.11532
13141,3.712500000000001,-4.95,1.6500000000000004,50000,5754,0.11508
13142,3.712500000000001,-4.95,2.0625,50000,5707,0.11414
13143,3.712500000000001,-4.95,2.4750000000000005,50000,5643,0.11286
13144,3.712500000000001,-4.95,2.8875,50000,5659,0.11318
13145,3.712500000000001,-4.95,3.3,50000,5668,0.11336
13146,3.712500000000001,-4.95,3.712500000000001,50000,5588,0.11176
13147,3.712500000000001,-4.95,4.125000000000001,50000,5593,0.11186
13148,3.712500000000001,-4.95,4.5375000000000005,50000,5556,0.11112
13149,3.712500000000001,-4.95,4.95,50000,5556,0.11112
13150,3.712500000000001,-4.5375000000000005,-4.95,50000,5543,0.11086
13151,3.712500000000001,-4.5375000000000005,-4.5375000000000005,50000,5555,0.1111
13152,3.712500000000001,-4.5375000000000005,-4.125,50000,5615,0.1123
13153,3.712500000000001,-4.5375000000000005,-3.7125,50000,5519,0.11038
13154,3.712500000000001,-4.5375000000000005,-3.3,50000,5730,0.1146
13155,3.712500000000001,-4.5375000000000005,-2.8875,50000,5617,0.11234
13156,3.712500000000001,-4.5375000000000005,-2.475,50000,5624,0.11248
13157,3.712500000000001,-4.5375000000000005,-2.0625,50000,5817,0.11634
13158,3.712500000000001,-4.5375000000000005,-1.65,50000,5736,0.11472
13159,3.712500000000001,-4.5375000000000005,-1.2374999999999998,50000,5671,0.11342
13160,3.712500000000001,-4.5375000000000005,-0.8250000000000002,50000,5642,0.11284
13161,3.712500000000001,-4.5375000000000005,-0.4124999999999996,50000,5811,0.11622
13162,3.712500000000001,-4.5375000000000005,0.0,50000,5779,0.11558
13163,3.712500000000001,-4.5375000000000005,0.4125000000000005,50000,5772,0.11544
13164,3.712500000000001,-4.5375000000000005,0.8250000000000002,50000,5691,0.11382
13165,3.712500000000001,-4.5375000000000005,1.2375000000000007,50000,5709,0.11418
13166,3.712500000000001,-4.5375000000000005,1.6500000000000004,50000,5687,0.11374
13167,3.712500000000001,-4.5375000000000005,2.0625,50000,5716,0.11432
13168,3.712500000000001,-4.5375000000000005,2.4750000000000005,50000,5702,0.11404
13169,3.712500000000001,-4.5375000000000005,2.8875,50000,5711,0.11422
13170,3.712500000000001,-4.5375000000000005,3.3,50000,5701,0.11402
13171,3.712500000000001,-4.5375000000000005,3.712500000000001,50000,5630,0.1126
13172,3.712500000000001,-4.5375000000000005,4.125000000000001,50000,5530,0.1106
13173,3.712500000000001,-4.5375000000000005,4.5375000000000005,50000,5534,0.11068
13174,3.712500000000001,-4.5375000000000005,4.95,50000,5417,0.10834
13175,3.712500000000001,-4.125,-4.95,50000,5542,0.11084
13176,3.712500000000001,-4.125,-4.5375000000000005,50000,5600,0.112
13177,3.712500000000001,-4.125,-4.125,50000,5704,0.11408
13178,3.712500000000001,-4.125,-3.7125,50000,5690,0.1138
13179,3.712500000000001,-4.125,-3.3,50000,5689,0.11378
13180,3.712500000000001,-4.125,-2.8875,50000,5716,0.11432
13181,3.712500000000001,-4.125,-2.475,50000,5653,0.11306
13182,3.712500000000001,-4.125,-2.0625,50000,5593,0.11186
13183,3.712500000000001,-4.125,-1.65,50000,5753,0.11506
13184,3.712500000000001,-4.125,-1.2374999999999998,50000,5743,0.11486
13185,3.712500000000001,-4.125,-0.8250000000000002,50000,5730,0.1146
13186,3.712500000000001,-4.125,-0.4124999999999996,50000,5695,0.1139
13187,3.712500000000001,-4.125,0.0,50000,5839,0.11678
13188,3.712500000000001,-4.125,0.4125000000000005,50000,5791,0.11582
13189,3.712500000000001,-4.125,0.8250000000000002,50000,5708,0.11416
13190,3.712500000000001,-4.125,1.2375000000000007,50000,5807,0.11614
13191,3.712500000000001,-4.125,1.6500000000000004,50000,5678,0.11356
13192,3.712500000000001,-4.125,2.0625,50000,5567,0.11134
13193,3.712500000000001,-4.125,2.4750000000000005,50000,5708,0.11416
13194,3.712500000000001,-4.125,2.8875,50000,5795,0.1159
13195,3.712500000000001,-4.125,3.3,50000,5548,0.11096
13196,3.712500000000001,-4.125,3.712500000000001,50000,5490,0.1098
13197,3.712500000000001,-4.125,4.125000000000001,50000,5522,0.11044
13198,3.712500000000001,-4.125,4.5375000000000005,50000,5534,0.11068
13199,3.712500000000001,-4.125,4.95,50000,5611,0.11222
13200,3.712500000000001,-3.7125,-4.95,50000,5620,0.1124
13201,3.712500000000001,-3.7125,-4.5375000000000005,50000,5551,0.11102
13202,3.712500000000001,-3.7125,-4.125,50000,5552,0.11104
13203,3.712500000000001,-3.7125,-3.7125,50000,5661,0.11322
13204,3.712500000000001,-3.7125,-3.3,50000,5618,0.11236
13205,3.712500000000001,-3.7125,-2.8875,50000,5615,0.1123
13206,3.712500000000001,-3.7125,-2.475,50000,5748,0.11496
13207,3.712500000000001,-3.7125,-2.0625,50000,5639,0.11278
13208,3.712500000000001,-3.7125,-1.65,50000,5681,0.11362
13209,3.712500000000001,-3.7125,-1.2374999999999998,50000,5866,0.11732
13210,3.712500000000001,-3.7125,-0.8250000000000002,50000,5843,0.11686
13211,3.712500000000001,-3.7125,-0.4124999999999996,50000,5783,0.11566
13212,3.712500000000001,-3.7125,0.0,50000,5863,0.11726
13213,3.712500000000001,-3.7125,0.4125000000000005,50000,5702,0.11404
13214,3.712500000000001,-3.7125,0.8250000000000002,50000,5678,0.11356
13215,3.712500000000001,-3.7125,1.2375000000000007,50000,5792,0.11584
13216,3.712500000000001,-3.7125,1.6500000000000004,50000,5731,0.11462
13217,3.712500000000001,-3.7125,2.0625,50000,5794,0.11588
13218,3.712500000000001,-3.7125,2.4750000000000005,50000,5746,0.11492
13219,3.712500000000001,-3.7125,2.8875,50000,5590,0.1118
13220,3.712500000000001,-3.7125,3.3,50000,5661,0.11322
13221,3.712500000000001,-3.7125,3.712500000000001,50000,5679,0.11358
13222,3.712500000000001,-3.7125,4.125000000000001,50000,5547,0.11094
13223,3.712500000000001,-3.7125,4.5375000000000005,50000,5509,0.11018
13224,3.712500000000001,-3.7125,4.95,50000,5606,0.11212
13225,3.712500000000001,-3.3,-4.95,50000,5506,0.11012
13226,3.712500000000001,-3.3,-4.5375000000000005,50000,5547,0.11094
13227,3.712500000000001,-3.3,-4.125,50000,5579,0.11158
13228,3.712500000000001,-3.3,-3.7125,50000,5552,0.11104
13229,3.712500000000001,-3.3,-3.3,50000,5577,0.11154
13230,3.712500000000001,-3.3,-2.8875,50000,5681,0.11362
13231,3.712500000000001,-3.3,-2.475,50000,5837,0.11674
13232,3.712500000000001,-3.3,-2.0625,50000,5736,0.11472
13233,3.712500000000001,-3.3,-1.65,50000,5698,0.11396
13234,3.712500000000001,-3.3,-1.2374999999999998,50000,5698,0.11396
13235,3.712500000000001,-3.3,-0.8250000000000002,50000,5767,0.11534
13236,3.712500000000001,-3.3,-0.4124999999999996,50000,5898,0.11796
13237,3.712500000000001,-3.3,0.0,50000,5793,0.11586
13238,3.712500000000001,-3.3,0.4125000000000005,50000,5887,0.11774
13239,3.712500000000001,-3.3,0.8250000000000002,50000,5920,0.1184
13240,3.712500000000001,-3.3,1.2375000000000007,50000,5759,0.11518
13241,3.712500000000001,-3.3,1.6500000000000004,50000,5753,0.11506
13242,3.712500000000001,-3.3,2.0625,50000,5597,0.11194
13243,3.712500000000001,-3.3,2.4750000000000005,50000,5769,0.11538
13244,3.712500000000001,-3.3,2.8875,50000,5731,0.11462
13245,3.712500000000001,-3.3,3.3,50000,5646,0.11292
13246,3.712500000000001,-3.3,3.712500000000001,50000,5580,0.1116
13247,3.712500000000001,-3.3,4.125000000000001,50000,5592,0.11184
13248,3.712500000000001,-3.3,4.5375000000000005,50000,5707,0.11414
13249,3.712500000000001,-3.3,4.95,50000,5689,0.11378
13250,3.712500000000001,-2.8875,-4.95,50000,5614,0.11228
13251,3.712500000000001,-2.8875,-4.5375000000000005,50000,5679,0.11358
13252,3.712500000000001,-2.8875,-4.125,50000,5625,0.1125
13253,3.712500000000001,-2.8875,-3.7125,50000,5631,0.11262
13254,3.712500000000001,-2.8875,-3.3,50000,5691,0.11382
13255,3.712500000000001,-2.8875,-2.8875,50000,5775,0.1155
13256,3.712500000000001,-2.8875,-2.475,50000,5817,0.11634
13257,3.712500000000001,-2.8875,-2.0625,50000,5670,0.1134
13258,3.712500000000001,-2.8875,-1.65,50000,5645,0.1129
13259,3.712500000000001,-2.8875,-1.2374999999999998,50000,5772,0.11544
13260,3.712500000000001,-2.8875,-0.8250000000000002,50000,5893,0.11786
13261,3.712500000000001,-2.8875,-0.4124999999999996,50000,5899,0.11798
13262,3.712500000000001,-2.8875,0.0,50000,5750,0.115
13263,3.712500000000001,-2.8875,0.4125000000000005,50000,5830,0.1166
13264,3.712500000000001,-2.8875,0.8250000000000002,50000,5699,0.11398
13265,3.712500000000001,-2.8875,1.2375000000000007,50000,5820,0.1164
13266,3.712500000000001,-2.8875,1.6500000000000004,50000,5703,0.11406
13267,3.712500000000001,-2.8875,2.0625,50000,5774,0.11548
13268,3.712500000000001,-2.8875,2.4750000000000005,50000,5878,0.11756
13269,3.712500000000001,-2.8875,2.8875,50000,5880,0.1176
13270,3.712500000000001,-2.8875,3.3,50000,5633,0.11266
13271,3.712500000000001,-2.8875,3.712500000000001,50000,5631,0.11262
13272,3.712500000000001,-2.8875,4.125000000000001,50000,5621,0.11242
13273,3.712500000000001,-2.8875,4.5375000000000005,50000,5651,0.11302
13274,3.712500000000001,-2.8875,4.95,50000,5567,0.11134
13275,3.712500000000001,-2.475,-4.95,50000,5596,0.11192
13276,3.712500000000001,-2.475,-4.5375000000000005,50000,5721,0.11442
13277,3.712500000000001,-2.475,-4.125,50000,5697,0.11394
13278,3.712500000000001,-2.475,-3.7125,50000,5795,0.1159
13279,3.712500000000001,-2.475,-3.3,50000,5646,0.11292
13280,3.712500000000001,-2.475,-2.8875,50000,5751,0.11502
13281,3.712500000000001,-2.475,-2.475,50000,5831,0.11662
13282,3.712500000000001,-2.475,-2.0625,50000,5825,0.1165
13283,3.712500000000001,-2.475,-1.65,50000,5792,0.11584
13284,3.712500000000001,-2.475,-1.2374999999999998,50000,5969,0.11938
13285,3.712500000000001,-2.475,-0.8250000000000002,50000,5724,0.11448
13286,3.712500000000001,-2.475,-0.4124999999999996,50000,5868,0.11736
13287,3.712500000000001,-2.475,0.0,50000,5861,0.11722
13288,3.712500000000001,-2.475,0.4125000000000005,50000,5766,0.11532
13289,3.712500000000001,-2.475,0.8250000000000002,50000,5760,0.1152
13290,3.712500000000001,-2.475,1.2375000000000007,50000,5730,0.1146
13291,3.712500000000001,-2.475,1.6500000000000004,50000,5811,0.11622
13292,3.712500000000001,-2.475,2.0625,50000,5766,0.11532
13293,3.712500000000001,-2.475,2.4750000000000005,50000,5800,0.116
13294,3.712500000000001,-2.475,2.8875,50000,5621,0.11242
13295,3.712500000000001,-2.475,3.3,50000,5621,0.11242
13296,3.712500000000001,-2.475,3.712500000000001,50000,5613,0.11226
13297,3.712500000000001,-2.475,4.125000000000001,50000,5545,0.1109
13298,3.712500000000001,-2.475,4.5375000000000005,50000,5693,0.11386
13299,3.712500000000001,-2.475,4.95,50000,5675,0.1135
13300,3.712500000000001,-2.0625,-4.95,50000,5807,0.11614
13301,3.712500000000001,-2.0625,-4.5375000000000005,50000,5615,0.1123
13302,3.712500000000001,-2.0625,-4.125,50000,5698,0.11396
13303,3.712500000000001,-2.0625,-3.7125,50000,5757,0.11514
13304,3.712500000000001,-2.0625,-3.3,50000,5642,0.11284
13305,3.712500000000001,-2.0625,-2.8875,50000,5739,0.11478
13306,3.712500000000001,-2.0625,-2.475,50000,5785,0.1157
13307,3.712500000000001,-2.0625,-2.0625,50000,5854,0.11708
13308,3.712500000000001,-2.0625,-1.65,50000,5752,0.11504
13309,3.712500000000001,-2.0625,-1.2374999999999998,50000,5970,0.1194
13310,3.712500000000001,-2.0625,-0.8250000000000002,50000,5826,0.11652
13311,3.712500000000001,-2.0625,-0.4124999999999996,50000,5966,0.11932
13312,3.712500000000001,-2.0625,0.0,50000,5918,0.11836
13313,3.712500000000001,-2.0625,0.4125000000000005,50000,5989,0.11978
13314,3.712500000000001,-2.0625,0.8250000000000002,50000,5848,0.11696
13315,3.712500000000001,-2.0625,1.2375000000000007,50000,5865,0.1173
13316,3.712500000000001,-2.0625,1.6500000000000004,50000,6007,0.12014
13317,3.712500000000001,-2.0625,2.0625,50000,5967,0.11934
13318,3.712500000000001,-2.0625,2.4750000000000005,50000,5770,0.1154
13319,3.712500000000001,-2.0625,2.8875,50000,5726,0.11452
13320,3.712500000000001,-2.0625,3.3,50000,5747,0.11494
13321,3.712500000000001,-2.0625,3.712500000000001,50000,5801,0.11602
13322,3.712500000000001,-2.0625,4.125000000000001,50000,5731,0.11462
13323,3.712500000000001,-2.0625,4.5375000000000005,50000,5595,0.1119
13324,3.712500000000001,-2.0625,4.95,50000,5673,0.11346
13325,3.712500000000001,-1.65,-4.95,50000,5665,0.1133
13326,3.712500000000001,-1.65,-4.5375000000000005,50000,5673,0.11346
13327,3.712500000000001,-1.65,-4.125,50000,5894,0.11788
13328,3.712500000000001,-1.65,-3.7125,50000,5748,0.11496
13329,3.712500000000001,-1.65,-3.3,50000,5717,0.11434
13330,3.712500000000001,-1.65,-2.8875,50000,5833,0.11666
13331,3.712500000000001,-1.65,-2.475,50000,5884,0.11768
13332,3.712500000000001,-1.65,-2.0625,50000,5860,0.1172
13333,3.712500000000001,-1.65,-1.65,50000,5804,0.11608
13334,3.712500000000001,-1.65,-1.2374999999999998,50000,6012,0.12024
13335,3.712500000000001,-1.65,-0.8250000000000002,50000,6053,0.12106
13336,3.712500000000001,-1.65,-0.4124999999999996,50000,5989,0.11978
13337,3.712500000000001,-1.65,0.0,50000,5943,0.11886
13338,3.712500000000001,-1.65,0.4125000000000005,50000,5878,0.11756
13339,3.712500000000001,-1.65,0.8250000000000002,50000,5927,0.11854
13340,3.712500000000001,-1.65,1.2375000000000007,50000,5811,0.11622
13341,3.712500000000001,-1.65,1.6500000000000004,50000,5878,0.11756
13342,3.712500000000001,-1.65,2.0625,50000,5938,0.11876
13343,3.712500000000001,-1.65,2.4750000000000005,50000,5899,0.11798
13344,3.712500000000001,-1.65,2.8875,50000,5822,0.11644
13345,3.712500000000001,-1.65,3.3,50000,5784,0.11568
13346,3.712500000000001,-1.65,3.712500000000001,50000,5801,0.11602
13347,3.712500000000001,-1.65,4.125000000000001,50000,5764,0.11528
13348,3.712500000000001,-1.65,4.5375000000000005,50000,5751,0.11502
13349,3.712500000000001,-1.65,4.95,50000,5684,0.11368
13350,3.712500000000001,-1.2374999999999998,-4.95,50000,5569,0.11138
13351,3.712500000000001,-1.2374999999999998,-4.5375000000000005,50000,5798,0.11596
13352,3.712500000000001,-1.2374999999999998,-4.125,50000,5797,0.11594
13353,3.712500000000001,-1.2374999999999998,-3.7125,50000,5726,0.11452
13354,3.712500000000001,-1.2374999999999998,-3.3,50000,5850,0.117
13355,3.712500000000001,-1.2374999999999998,-2.8875,50000,5822,0.11644
13356,3.712500000000001,-1.2374999999999998,-2.475,50000,6024,0.12048
13357,3.712500000000001,-1.2374999999999998,-2.0625,50000,5939,0.11878
13358,3.712500000000001,-1.2374999999999998,-1.65,50000,5879,0.11758
13359,3.712500000000001,-1.2374999999999998,-1.2374999999999998,50000,6054,0.12108
13360,3.712500000000001,-1.2374999999999998,-0.8250000000000002,50000,6021,0.12042
13361,3.712500000000001,-1.2374999999999998,-0.4124999999999996,50000,5843,0.11686
13362,3.712500000000001,-1.2374999999999998,0.0,50000,5890,0.1178
13363,3.712500000000001,-1.2374999999999998,0.4125000000000005,50000,5974,0.11948
13364,3.712500000000001,-1.2374999999999998,0.8250000000000002,50000,6048,0.12096
13365,3.712500000000001,-1.2374999999999998,1.2375000000000007,50000,5901,0.11802
13366,3.712500000000001,-1.2374999999999998,1.6500000000000004,50000,5842,0.11684
13367,3.712500000000001,-1.2374999999999998,2.0625,50000,5937,0.11874
13368,3.712500000000001,-1.2374999999999998,2.4750000000000005,50000,5777,0.11554
13369,3.712500000000001,-1.2374999999999998,2.8875,50000,5715,0.1143
13370,3.712500000000001,-1.2374999999999998,3.3,50000,5895,0.1179
13371,3.712500000000001,-1.2374999999999998,3.712500000000001,50000,5867,0.11734
13372,3.712500000000001,-1.2374999999999998,4.125000000000001,50000,5735,0.1147
13373,3.712500000000001,-1.2374999999999998,4.5375000000000005,50000,5743,0.11486
13374,3.712500000000001,-1.2374999999999998,4.95,50000,5663,0.11326
13375,3.712500000000001,-0.8250000000000002,-4.95,50000,5770,0.1154
13376,3.712500000000001,-0.8250000000000002,-4.5375000000000005,50000,5735,0.1147
13377,3.712500000000001,-0.8250000000000002,-4.125,50000,5718,0.11436
13378,3.712500000000001,-0.8250000000000002,-3.7125,50000,5757,0.11514
13379,3.712500000000001,-0.8250000000000002,-3.3,50000,6029,0.12058
13380,3.712500000000001,-0.8250000000000002,-2.8875,50000,5915,0.1183
13381,3.712500000000001,-0.8250000000000002,-2.475,50000,5951,0.11902
13382,3.712500000000001,-0.8250000000000002,-2.0625,50000,5875,0.1175
13383,3.712500000000001,-0.8250000000000002,-1.65,50000,5865,0.1173
13384,3.712500000000001,-0.8250000000000002,-1.2374999999999998,50000,6005,0.1201
13385,3.712500000000001,-0.8250000000000002,-0.8250000000000002,50000,6011,0.12022
13386,3.712500000000001,-0.8250000000000002,-0.4124999999999996,50000,6091,0.12182
13387,3.712500000000001,-0.8250000000000002,0.0,50000,6003,0.12006
13388,3.712500000000001,-0.8250000000000002,0.4125000000000005,50000,5990,0.1198
13389,3.712500000000001,-0.8250000000000002,0.8250000000000002,50000,6143,0.12286
13390,3.712500000000001,-0.8250000000000002,1.2375000000000007,50000,6086,0.12172
13391,3.712500000000001,-0.8250000000000002,1.6500000000000004,50000,6031,0.12062
13392,3.712500000000001,-0.8250000000000002,2.0625,50000,5873,0.11746
13393,3.712500000000001,-0.8250000000000002,2.4750000000000005,50000,5767,0.11534
13394,3.712500000000001,-0.8250000000000002,2.8875,50000,5957,0.11914
13395,3.712500000000001,-0.8250000000000002,3.3,50000,5837,0.11674
13396,3.712500000000001,-0.8250000000000002,3.712500000000001,50000,5935,0.1187
13397,3.712500000000001,-0.8250000000000002,4.125000000000001,50000,5778,0.11556
13398,3.712500000000001,-0.8250000000000002,4.5375000000000005,50000,5799,0.11598
13399,3.712500000000001,-0.8250000000000002,4.95,50000,5740,0.1148
13400,3.712500000000001,-0.4124999999999996,-4.95,50000,5803,0.11606
13401,3.712500000000001,-0.4124999999999996,-4.5375000000000005,50000,5724,0.11448
13402,3.712500000000001,-0.4124999999999996,-4.125,50000,5788,0.11576
13403,3.712500000000001,-0.4124999999999996,-3.7125,50000,5722,0.11444
13404,3.712500000000001,-0.4124999999999996,-3.3,50000,5898,0.11796
13405,3.712500000000001,-0.4124999999999996,-2.8875,50000,5867,0.11734
13406,3.712500000000001,-0.4124999999999996,-2.475,50000,5954,0.11908
13407,3.712500000000001,-0.4124999999999996,-2.0625,50000,6037,0.12074
13408,3.712500000000001,-0.4124999999999996,-1.65,50000,5964,0.11928
13409,3.712500000000001,-0.4124999999999996,-1.2374999999999998,50000,6149,0.12298
13410,3.712500000000001,-0.4124999999999996,-0.8250000000000002,50000,6010,0.1202
13411,3.712500000000001,-0.4124999999999996,-0.4124999999999996,50000,6198,0.12396
13412,3.712500000000001,-0.4124999999999996,0.0,50000,6062,0.12124
13413,3.712500000000001,-0.4124999999999996,0.4125000000000005,50000,6105,0.1221
13414,3.712500000000001,-0.4124999999999996,0.8250000000000002,50000,6132,0.12264
13415,3.712500000000001,-0.4124999999999996,1.2375000000000007,50000,6245,0.1249
13416,3.712500000000001,-0.4124999999999996,1.6500000000000004,50000,6111,0.12222
13417,3.712500000000001,-0.4124999999999996,2.0625,50000,5949,0.11898
13418,3.712500000000001,-0.4124999999999996,2.4750000000000005,50000,5936,0.11872
13419,3.712500000000001,-0.4124999999999996,2.8875,50000,5971,0.11942
13420,3.712500000000001,-0.4124999999999996,3.3,50000,5932,0.11864
13421,3.712500000000001,-0.4124999999999996,3.712500000000001,50000,5906,0.11812
13422,3.712500000000001,-0.4124999999999996,4.125000000000001,50000,5770,0.1154
13423,3.712500000000001,-0.4124999999999996,4.5375000000000005,50000,5803,0.11606
13424,3.712500000000001,-0.4124999999999996,4.95,50000,5794,0.11588
13425,3.712500000000001,0.0,-4.95,50000,5865,0.1173
13426,3.712500000000001,0.0,-4.5375000000000005,50000,5752,0.11504
13427,3.712500000000001,0.0,-4.125,50000,5860,0.1172
13428,3.712500000000001,0.0,-3.7125,50000,5929,0.11858
13429,3.712500000000001,0.0,-3.3,50000,5924,0.11848
13430,3.712500000000001,0.0,-2.8875,50000,5838,0.11676
13431,3.712500000000001,0.0,-2.475,50000,6104,0.12208
13432,3.712500000000001,0.0,-2.0625,50000,6134,0.12268
13433,3.712500000000001,0.0,-1.65,50000,5978,0.11956
13434,3.712500000000001,0.0,-1.2374999999999998,50000,6116,0.12232
13435,3.712500000000001,0.0,-0.8250000000000002,50000,6088,0.12176
13436,3.712500000000001,0.0,-0.4124999999999996,50000,6083,0.12166
13437,3.712500000000001,0.0,0.0,50000,6224,0.12448
13438,3.712500000000001,0.0,0.4125000000000005,50000,6228,0.12456
13439,3.712500000000001,0.0,0.8250000000000002,50000,6223,0.12446
13440,3.712500000000001,0.0,1.2375000000000007,50000,6246,0.12492
13441,3.712500000000001,0.0,1.6500000000000004,50000,6057,0.12114
13442,3.712500000000001,0.0,2.0625,50000,6008,0.12016
13443,3.712500000000001,0.0,2.4750000000000005,50000,6000,0.12
13444,3.712500000000001,0.0,2.8875,50000,5999,0.11998
13445,3.712500000000001,0.0,3.3,50000,5891,0.11782
13446,3.712500000000001,0.0,3.712500000000001,50000,5893,0.11786
13447,3.712500000000001,0.0,4.125000000000001,50000,5851,0.11702
13448,3.712500000000001,0.0,4.5375000000000005,50000,5755,0.1151
13449,3.712500000000001,0.0,4.95,50000,5851,0.11702
13450,3.712500000000001,0.4125000000000005,-4.95,50000,5794,0.11588
13451,3.712500000000001,0.4125000000000005,-4.5375000000000005,50000,5784,0.11568
13452,3.712500000000001,0.4125000000000005,-4.125,50000,5862,0.11724
13453,3.712500000000001,0.4125000000000005,-3.7125,50000,5875,0.1175
13454,3.712500000000001,0.4125000000000005,-3.3,50000,5937,0.11874
13455,3.712500000000001,0.4125000000000005,-2.8875,50000,6008,0.12016
13456,3.712500000000001,0.4125000000000005,-2.475,50000,6091,0.12182
13457,3.712500000000001,0.4125000000000005,-2.0625,50000,6150,0.123
13458,3.712500000000001,0.4125000000000005,-1.65,50000,6230,0.1246
13459,3.712500000000001,0.4125000000000005,-1.2374999999999998,50000,6138,0.12276
13460,3.712500000000001,0.4125000000000005,-0.8250000000000002,50000,6194,0.12388
13461,3.712500000000001,0.4125000000000005,-0.4124999999999996,50000,6207,0.12414
13462,3.712500000000001,0.4125000000000005,0.0,50000,6201,0.12402
13463,3.712500000000001,0.4125000000000005,0.4125000000000005,50000,6181,0.12362
13464,3.712500000000001,0.4125000000000005,0.8250000000000002,50000,6318,0.12636
13465,3.712500000000001,0.4125000000000005,1.2375000000000007,50000,6277,0.12554
13466,3.712500000000001,0.4125000000000005,1.6500000000000004,50000,6186,0.12372
13467,3.712500000000001,0.4125000000000005,2.0625,50000,6089,0.12178
13468,3.712500000000001,0.4125000000000005,2.4750000000000005,50000,6061,0.12122
13469,3.712500000000001,0.4125000000000005,2.8875,50000,6021,0.12042
13470,3.712500000000001,0.4125000000000005,3.3,50000,5801,0.11602
13471,3.712500000000001,0.4125000000000005,3.712500000000001,50000,5894,0.11788
13472,3.712500000000001,0.4125000000000005,4.125000000000001,50000,5914,0.11828
13473,3.712500000000001,0.4125000000000005,4.5375000000000005,50000,5951,0.11902
13474,3.712500000000001,0.4125000000000005,4.95,50000,5853,0.11706
13475,3.712500000000001,0.8250000000000002,-4.95,50000,5904,0.11808
13476,3.712500000000001,0.8250000000000002,-4.5375000000000005,50000,5917,0.11834
13477,3.712500000000001,0.8250000000000002,-4.125,50000,5796,0.11592
13478,3.712500000000001,0.8250000000000002,-3.7125,50000,6020,0.1204
13479,3.712500000000001,0.8250000000000002,-3.3,50000,5938,0.11876
13480,3.712500000000001,0.8250000000000002,-2.8875,50000,6019,0.12038
13481,3.712500000000001,0.8250000000000002,-2.475,50000,6141,0.12282
13482,3.712500000000001,0.8250000000000002,-2.0625,50000,6175,0.1235
13483,3.712500000000001,0.8250000000000002,-1.65,50000,6113,0.12226
13484,3.712500000000001,0.8250000000000002,-1.2374999999999998,50000,6375,0.1275
13485,3.712500000000001,0.8250000000000002,-0.8250000000000002,50000,6109,0.12218
13486,3.712500000000001,0.8250000000000002,-0.4124999999999996,50000,6198,0.12396
13487,3.712500000000001,0.8250000000000002,0.0,50000,6354,0.12708
13488,3.712500000000001,0.8250000000000002,0.4125000000000005,50000,6286,0.12572
13489,3.712500000000001,0.8250000000000002,0.8250000000000002,50000,6314,0.12628
13490,3.712500000000001,0.8250000000000002,1.2375000000000007,50000,6278,0.12556
13491,3.712500000000001,0.8250000000000002,1.6500000000000004,50000,6247,0.12494
13492,3.712500000000001,0.8250000000000002,2.0625,50000,6046,0.12092
13493,3.712500000000001,0.8250000000000002,2.4750000000000005,50000,6151,0.12302
13494,3.712500000000001,0.8250000000000002,2.8875,50000,6017,0.12034
13495,3.712500000000001,0.8250000000000002,3.3,50000,6040,0.1208
13496,3.712500000000001,0.8250000000000002,3.712500000000001,50000,5877,0.11754
13497,3.712500000000001,0.8250000000000002,4.125000000000001,50000,5856,0.11712
13498,3.712500000000001,0.8250000000000002,4.5375000000000005,50000,6001,0.12002
13499,3.712500000000001,0.8250000000000002,4.95,50000,5711,0.11422
13500,3.712500000000001,1.2375000000000007,-4.95,50000,5882,0.11764
13501,3.712500000000001,1.2375000000000007,-4.5375000000000005,50000,5797,0.11594
13502,3.712500000000001,1.2375000000000007,-4.125,50000,5726,0.11452
13503,3.712500000000001,1.2375000000000007,-3.7125,50000,5953,0.11906
13504,3.712500000000001,1.2375000000000007,-3.3,50000,5879,0.11758
13505,3.712500000000001,1.2375000000000007,-2.8875,50000,6024,0.12048
13506,3.712500000000001,1.2375000000000007,-2.475,50000,6103,0.12206
13507,3.712500000000001,1.2375000000000007,-2.0625,50000,6083,0.12166
13508,3.712500000000001,1.2375000000000007,-1.65,50000,6282,0.12564
13509,3.712500000000001,1.2375000000000007,-1.2374999999999998,50000,6396,0.12792
13510,3.712500000000001,1.2375000000000007,-0.8250000000000002,50000,6381,0.12762
13511,3.712500000000001,1.2375000000000007,-0.4124999999999996,50000,6457,0.12914
13512,3.712500000000001,1.2375000000000007,0.0,50000,6355,0.1271
13513,3.712500000000001,1.2375000000000007,0.4125000000000005,50000,6339,0.12678
13514,3.712500000000001,1.2375000000000007,0.8250000000000002,50000,6285,0.1257
13515,3.712500000000001,1.2375000000000007,1.2375000000000007,50000,6314,0.12628
13516,3.712500000000001,1.2375000000000007,1.6500000000000004,50000,6234,0.12468
13517,3.712500000000001,1.2375000000000007,2.0625,50000,6262,0.12524
13518,3.712500000000001,1.2375000000000007,2.4750000000000005,50000,6081,0.12162
13519,3.712500000000001,1.2375000000000007,2.8875,50000,5966,0.11932
13520,3.712500000000001,1.2375000000000007,3.3,50000,5992,0.11984
13521,3.712500000000001,1.2375000000000007,3.712500000000001,50000,5927,0.11854
13522,3.712500000000001,1.2375000000000007,4.125000000000001,50000,5799,0.11598
13523,3.712500000000001,1.2375000000000007,4.5375000000000005,50000,5845,0.1169
13524,3.712500000000001,1.2375000000000007,4.95,50000,5888,0.11776
13525,3.712500000000001,1.6500000000000004,-4.95,50000,5852,0.11704
13526,3.712500000000001,1.6500000000000004,-4.5375000000000005,50000,5655,0.1131
13527,3.712500000000001,1.6500000000000004,-4.125,50000,5870,0.1174
13528,3.712500000000001,1.6500000000000004,-3.7125,50000,5766,0.11532
13529,3.712500000000001,1.6500000000000004,-3.3,50000,5780,0.1156
13530,3.712500000000001,1.6500000000000004,-2.8875,50000,6009,0.12018
13531,3.712500000000001,1.6500000000000004,-2.475,50000,6026,0.12052
13532,3.712500000000001,1.6500000000000004,-2.0625,50000,6313,0.12626
13533,3.712500000000001,1.6500000000000004,-1.65,50000,6402,0.12804
13534,3.712500000000001,1.6500000000000004,-1.2374999999999998,50000,6293,0.12586
13535,3.712500000000001,1.6500000000000004,-0.8250000000000002,50000,6457,0.12914
13536,3.712500000000001,1.6500000000000004,-0.4124999999999996,50000,6359,0.12718
13537,3.712500000000001,1.6500000000000004,0.0,50000,6381,0.12762
13538,3.712500000000001,1.6500000000000004,0.4125000000000005,50000,6381,0.12762
13539,3.712500000000001,1.6500000000000004,0.8250000000000002,50000,6498,0.12996
13540,3.712500000000001,1.6500000000000004,1.2375000000000007,50000,6267,0.12534
13541,3.712500000000001,1.6500000000000004,1.6500000000000004,50000,6335,0.1267
13542,3.712500000000001,1.6500000000000004,2.0625,50000,6308,0.12616
13543,3.712500000000001,1.6500000000000004,2.4750000000000005,50000,6039,0.12078
13544,3.712500000000001,1.6500000000000004,2.8875,50000,5926,0.11852
13545,3.712500000000001,1.6500000000000004,3.3,50000,5878,0.11756
13546,3.712500000000001,1.6500000000000004,3.712500000000001,50000,5778,0.11556
13547,3.712500000000001,1.6500000000000004,4.125000000000001,50000,5781,0.11562
13548,3.712500000000001,1.6500000000000004,4.5375000000000005,50000,5614,0.11228
13549,3.712500000000001,1.6500000000000004,4.95,50000,5693,0.11386
13550,3.712500000000001,2.0625,-4.95,50000,5676,0.11352
13551,3.712500000000001,2.0625,-4.5375000000000005,50000,5552,0.11104
13552,3.712500000000001,2.0625,-4.125,50000,5614,0.11228
13553,3.712500000000001,2.0625,-3.7125,50000,5731,0.11462
13554,3.712500000000001,2.0625,-3.3,50000,5705,0.1141
13555,3.712500000000001,2.0625,-2.8875,50000,6054,0.12108
13556,3.712500000000001,2.0625,-2.475,50000,6091,0.12182
13557,3.712500000000001,2.0625,-2.0625,50000,6213,0.12426
13558,3.712500000000001,2.0625,-1.65,50000,6317,0.12634
13559,3.712500000000001,2.0625,-1.2374999999999998,50000,6363,0.12726
13560,3.712500000000001,2.0625,-0.8250000000000002,50000,6416,0.12832
13561,3.712500000000001,2.0625,-0.4124999999999996,50000,6540,0.1308
13562,3.712500000000001,2.0625,0.0,50000,6422,0.12844
13563,3.712500000000001,2.0625,0.4125000000000005,50000,6480,0.1296
13564,3.712500000000001,2.0625,0.8250000000000002,50000,6406,0.12812
13565,3.712500000000001,2.0625,1.2375000000000007,50000,6424,0.12848
13566,3.712500000000001,2.0625,1.6500000000000004,50000,6307,0.12614
13567,3.712500000000001,2.0625,2.0625,50000,6095,0.1219
13568,3.712500000000001,2.0625,2.4750000000000005,50000,6028,0.12056
13569,3.712500000000001,2.0625,2.8875,50000,5898,0.11796
13570,3.712500000000001,2.0625,3.3,50000,5799,0.11598
13571,3.712500000000001,2.0625,3.712500000000001,50000,5697,0.11394
13572,3.712500000000001,2.0625,4.125000000000001,50000,5733,0.11466
13573,3.712500000000001,2.0625,4.5375000000000005,50000,5539,0.11078
13574,3.712500000000001,2.0625,4.95,50000,5607,0.11214
13575,3.712500000000001,2.4750000000000005,-4.95,50000,5426,0.10852
13576,3.712500000000001,2.4750000000000005,-4.5375000000000005,50000,5460,0.1092
13577,3.712500000000001,2.4750000000000005,-4.125,50000,5440,0.1088
13578,3.712500000000001,2.4750000000000005,-3.7125,50000,5603,0.11206
13579,3.712500000000001,2.4750000000000005,-3.3,50000,5768,0.11536
13580,3.712500000000001,2.4750000000000005,-2.8875,50000,5854,0.11708
13581,3.712500000000001,2.4750000000000005,-2.475,50000,5972,0.11944
13582,3.712500000000001,2.4750000000000005,-2.0625,50000,6234,0.12468
13583,3.712500000000001,2.4750000000000005,-1.65,50000,6237,0.12474
13584,3.712500000000001,2.4750000000000005,-1.2374999999999998,50000,6350,0.127
13585,3.712500000000001,2.4750000000000005,-0.8250000000000002,50000,6535,0.1307
13586,3.712500000000001,2.4750000000000005,-0.4124999999999996,50000,6556,0.13112
13587,3.712500000000001,2.4750000000000005,0.0,50000,6628,0.13256
13588,3.712500000000001,2.4750000000000005,0.4125000000000005,50000,6553,0.13106
13589,3.712500000000001,2.4750000000000005,0.8250000000000002,50000,6403,0.12806
13590,3.712500000000001,2.4750000000000005,1.2375000000000007,50000,6401,0.12802
13591,3.712500000000001,2.4750000000000005,1.6500000000000004,50000,6296,0.12592
13592,3.712500000000001,2.4750000000000005,2.0625,50000,6199,0.12398
13593,3.712500000000001,2.4750000000000005,2.4750000000000005,50000,6051,0.12102
13594,3.712500000000001,2.4750000000000005,2.8875,50000,5796,0.11592
13595,3.712500000000001,2.4750000000000005,3.3,50000,5711,0.11422
13596,3.712500000000001,2.4750000000000005,3.712500000000001,50000,5671,0.11342
13597,3.712500000000001,2.4750000000000005,4.125000000000001,50000,5609,0.11218
13598,3.712500000000001,2.4750000000000005,4.5375000000000005,50000,5500,0.11
13599,3.712500000000001,2.4750000000000005,4.95,50000,5551,0.11102
13600,3.712500000000001,2.8875,-4.95,50000,5226,0.10452
13601,3.712500000000001,2.8875,-4.5375000000000005,50000,5095,0.1019
13602,3.712500000000001,2.8875,-4.125,50000,5275,0.1055
13603,3.712500000000001,2.8875,-3.7125,50000,5325,0.1065
13604,3.712500000000001,2.8875,-3.3,50000,5466,0.10932
13605,3.712500000000001,2.8875,-2.8875,50000,5736,0.11472
13606,3.712500000000001,2.8875,-2.475,50000,5864,0.11728
13607,3.712500000000001,2.8875,-2.0625,50000,6088,0.12176
13608,3.712500000000001,2.8875,-1.65,50000,6239,0.12478
13609,3.712500000000001,2.8875,-1.2374999999999998,50000,6325,0.1265
13610,3.712500000000001,2.8875,-0.8250000000000002,50000,6383,0.12766
13611,3.712500000000001,2.8875,-0.4124999999999996,50000,6600,0.132
13612,3.712500000000001,2.8875,0.0,50000,6330,0.1266
13613,3.712500000000001,2.8875,0.4125000000000005,50000,6370,0.1274
13614,3.712500000000001,2.8875,0.8250000000000002,50000,6470,0.1294
13615,3.712500000000001,2.8875,1.2375000000000007,50000,6301,0.12602
13616,3.712500000000001,2.8875,1.6500000000000004,50000,6276,0.12552
13617,3.712500000000001,2.8875,2.0625,50000,6088,0.12176
13618,3.712500000000001,2.8875,2.4750000000000005,50000,5935,0.1187
13619,3.712500000000001,2.8875,2.8875,50000,5663,0.11326
13620,3.712500000000001,2.8875,3.3,50000,5570,0.1114
13621,3.712500000000001,2.8875,3.712500000000001,50000,5364,0.10728
13622,3.712500000000001,2.8875,4.125000000000001,50000,5312,0.10624
13623,3.712500000000001,2.8875,4.5375000000000005,50000,5355,0.1071
13624,3.712500000000001,2.8875,4.95,50000,5241,0.10482
13625,3.712500000000001,3.3,-4.95,50000,4926,0.09852
13626,3.712500000000001,3.3,-4.5375000000000005,50000,4848,0.09696
13627,3.712500000000001,3.3,-4.125,50000,4835,0.0967
13628,3.712500000000001,3.3,-3.7125,50000,4959,0.09918
13629,3.712500000000001,3.3,-3.3,50000,5400,0.108
13630,3.712500000000001,3.3,-2.8875,50000,5474,0.10948
13631,3.712500000000001,3.3,-2.475,50000,5640,0.1128
13632,3.712500000000001,3.3,-2.0625,50000,5960,0.1192
13633,3.712500000000001,3.3,-1.65,50000,6075,0.1215
13634,3.712500000000001,3.3,-1.2374999999999998,50000,6236,0.12472
13635,3.712500000000001,3.3,-0.8250000000000002,50000,6445,0.1289
13636,3.712500000000001,3.3,-0.4124999999999996,50000,6402,0.12804
13637,3.712500000000001,3.3,0.0,50000,6400,0.128
13638,3.712500000000001,3.3,0.4125000000000005,50000,6303,0.12606
13639,3.712500000000001,3.3,0.8250000000000002,50000,6383,0.12766
13640,3.712500000000001,3.3,1.2375000000000007,50000,6245,0.1249
13641,3.712500000000001,3.3,1.6500000000000004,50000,6140,0.1228
13642,3.712500000000001,3.3,2.0625,50000,6000,0.12
13643,3.712500000000001,3.3,2.4750000000000005,50000,5737,0.11474
13644,3.712500000000001,3.3,2.8875,50000,5412,0.10824
13645,3.712500000000001,3.3,3.3,50000,5367,0.10734
13646,3.712500000000001,3.3,3.712500000000001,50000,5072,0.10144
13647,3.712500000000001,3.3,4.125000000000001,50000,4868,0.09736
13648,3.712500000000001,3.3,4.5375000000000005,50000,4804,0.09608
13649,3.712500000000001,3.3,4.95,50000,4878,0.09756
13650,3.712500000000001,3.712500000000001,-4.95,50000,4527,0.09054
13651,3.712500000000001,3.712500000000001,-4.5375000000000005,50000,4498,0.08996
13652,3.712500000000001,3.712500000000001,-4.125,50000,4401,0.08802
13653,3.712500000000001,3.712500000000001,-3.7125,50000,4740,0.0948
13654,3.712500000000001,3.712500000000001,-3.3,50000,4803,0.09606
13655,3.712500000000001,3.712500000000001,-2.8875,50000,5204,0.10408
13656,3.712500000000001,3.712500000000001,-2.475,50000,5477,0.10954
13657,3.712500000000001,3.712500000000001,-2.0625,50000,5583,0.11166
13658,3.712500000000001,3.712500000000001,-1.65,50000,5896,0.11792
13659,3.712500000000001,3.712500000000001,-1.2374999999999998,50000,5961,0.11922
13660,3.712500000000001,3.712500000000001,-0.8250000000000002,50000,6046,0.12092
13661,3.712500000000001,3.712500000000001,-0.4124999999999996,50000,6046,0.12092
13662,3.712500000000001,3.712500000000001,0.0,50000,6180,0.1236
13663,3.712500000000001,3.712500000000001,0.4125000000000005,50000,5970,0.1194
13664,3.712500000000001,3.712500000000001,0.8250000000000002,50000,6126,0.12252
13665,3.712500000000001,3.712500000000001,1.2375000000000007,50000,6001,0.12002
13666,3.712500000000001,3.712500000000001,1.6500000000000004,50000,5840,0.1168
13667,3.712500000000001,3.712500000000001,2.0625,50000,5630,0.1126
13668,3.712500000000001,3.712500000000001,2.4750000000000005,50000,5542,0.11084
13669,3.712500000000001,3.712500000000001,2.8875,50000,5119,0.10238
13670,3.712500000000001,3.712500000000001,3.3,50000,4966,0.09932
13671,3.712500000000001,3.712500000000001,3.712500000000001,50000,4803,0.09606
13672,3.712500000000001,3.712500000000001,4.125000000000001,50000,4416,0.08832
13673,3.712500000000001,3.712500000000001,4.5375000000000005,50000,4464,0.08928
13674,3.712500000000001,3.712500000000001,4.95,50000,4413,0.08826
13675,3.712500000000001,4.125000000000001,-4.95,50000,3717,0.07434
13676,3.712500000000001,4.125000000000001,-4.5375000000000005,50000,3808,0.07616
13677,3.712500000000001,4.125000000000001,-4.125,50000,3935,0.0787
13678,3.712500000000001,4.125000000000001,-3.7125,50000,4120,0.0824
13679,3.712500000000001,4.125000000000001,-3.3,50000,4459,0.08918
13680,3.712500000000001,4.125000000000001,-2.8875,50000,4731,0.09462
13681,3.712500000000001,4.125000000000001,-2.475,50000,4961,0.09922
13682,3.712500000000001,4.125000000000001,-2.0625,50000,5340,0.1068
13683,3.712500000000001,4.125000000000001,-1.65,50000,5321,0.10642
13684,3.712500000000001,4.125000000000001,-1.2374999999999998,50000,5415,0.1083
13685,3.712500000000001,4.125000000000001,-0.8250000000000002,50000,5486,0.10972
13686,3.712500000000001,4.125000000000001,-0.4124999999999996,50000,5509,0.11018
13687,3.712500000000001,4.125000000000001,0.0,50000,5634,0.11268
13688,3.712500000000001,4.125000000000001,0.4125000000000005,50000,5492,0.10984
13689,3.712500000000001,4.125000000000001,0.8250000000000002,50000,5631,0.11262
13690,3.712500000000001,4.125000000000001,1.2375000000000007,50000,5510,0.1102
13691,3.712500000000001,4.125000000000001,1.6500000000000004,50000,5395,0.1079
13692,3.712500000000001,4.125000000000001,2.0625,50000,5244,0.10488
13693,3.712500000000001,4.125000000000001,2.4750000000000005,50000,5014,0.10028
13694,3.712500000000001,4.125000000000001,2.8875,50000,4697,0.09394
13695,3.712500000000001,4.125000000000001,3.3,50000,4288,0.08576
13696,3.712500000000001,4.125000000000001,3.712500000000001,50000,4146,0.08292
13697,3.712500000000001,4.125000000000001,4.125000000000001,50000,3903,0.07806
13698,3.712500000000001,4.125000000000001,4.5375000000000005,50000,3903,0.07806
13699,3.712500000000001,4.125000000000001,4.95,50000,3840,0.0768
13700,3.712500000000001,4.5375000000000005,-4.95,50000,3326,0.06652
13701,3.712500000000001,4.5375000000000005,-4.5375000000000005,50000,3271,0.06542
13702,3.712500000000001,4.5375000000000005,-4.125,50000,3174,0.06348
13703,3.712500000000001,4.5375000000000005,-3.7125,50000,3416,0.06832
13704,3.712500000000001,4.5375000000000005,-3.3,50000,3579,0.07158
13705,3.712500000000001,4.5375000000000005,-2.8875,50000,4087,0.08174
13706,3.712500000000001,4.5375000000000005,-2.475,50000,4150,0.083
13707,3.712500000000001,4.5375000000000005,-2.0625,50000,4433,0.08866
13708,3.712500000000001,4.5375000000000005,-1.65,50000,4446,0.08892
13709,3.712500000000001,4.5375000000000005,-1.2374999999999998,50000,4585,0.0917
13710,3.712500000000001,4.5375000000000005,-0.8250000000000002,50000,4477,0.08954
13711,3.712500000000001,4.5375000000000005,-0.4124999999999996,50000,4565,0.0913
13712,3.712500000000001,4.5375000000000005,0.0,50000,4668,0.09336
13713,3.712500000000001,4.5375000000000005,0.4125000000000005,50000,4687,0.09374
13714,3.712500000000001,4.5375000000000005,0.8250000000000002,50000,4633,0.09266
13715,3.712500000000001,4.5375000000000005,1.2375000000000007,50000,4603,0.09206
13716,3.712500000000001,4.5375000000000005,1.6500000000000004,50000,4380,0.0876
13717,3.712500000000001,4.5375000000000005,2.0625,50000,4220,0.0844
13718,3.712500000000001,4.5375000000000005,2.4750000000000005,50000,4158,0.08316
13719,3.712500000000001,4.5375000000000005,2.8875,50000,3966,0.07932
13720,3.712500000000001,4.5375000000000005,3.3,50000,3672,0.07344
13721,3.712500000000001,4.5375000000000005,3.712500000000001,50000,3431,0.06862
13722,3.712500000000001,4.5375000000000005,4.125000000000001,50000,3291,0.06582
13723,3.712500000000001,4.5375000000000005,4.5375000000000005,50000,3143,0.06286
13724,3.712500000000001,4.5375000000000005,4.95,50000,3220,0.0644
13725,3.712500000000001,4.95,-4.95,50000,2268,0.04536
13726,3.712500000000001,4.95,-4.5375000000000005,50000,2466,0.04932
13727,3.712500000000001,4.95,-4.125,50000,2568,0.05136
13728,3.712500000000001,4.95,-3.7125,50000,2616,0.05232
13729,3.712500000000001,4.95,-3.3,50000,2710,0.0542
13730,3.712500000000001,4.95,-2.8875,50000,2761,0.05522
13731,3.712500000000001,4.95,-2.475,50000,2841,0.05682
13732,3.712500000000001,4.95,-2.0625,50000,2899,0.05798
13733,3.712500000000001,4.95,-1.65,50000,2961,0.05922
13734,3.712500000000001,4.95,-1.2374999999999998,50000,2973,0.05946
13735,3.712500000000001,4.95,-0.8250000000000002,50000,2959,0.05918
13736,3.712500000000001,4.95,-0.4124999999999996,50000,3009,0.06018
13737,3.712500000000001,4.95,0.0,50000,3082,0.06164
13738,3.712500000000001,4.95,0.4125000000000005,50000,2970,0.0594
13739,3.712500000000001,4.95,0.8250000000000002,50000,2942,0.05884
13740,3.712500000000001,4.95,1.2375000000000007,50000,2961,0.05922
13741,3.712500000000001,4.95,1.6500000000000004,50000,2871,0.05742
13742,3.712500000000001,4.95,2.0625,50000,2742,0.05484
13743,3.712500000000001,4.95,2.4750000000000005,50000,2768,0.05536
13744,3.712500000000001,4.95,2.8875,50000,2664,0.05328
13745,3.712500000000001,4.95,3.3,50000,2708,0.05416
13746,3.712500000000001,4.95,3.712500000000001,50000,2660,0.0532
13747,3.712500000000001,4.95,4.125000000000001,50000,2413,0.04826
13748,3.712500000000001,4.95,4.5375000000000005,50000,2410,0.0482
13749,3.712500000000001,4.95,4.95,50000,2329,0.04658
13750,4.125000000000001,-4.95,-4.95,50000,5347,0.10694
13751,4.125000000000001,-4.95,-4.5375000000000005,50000,5574,0.11148
13752,4.125000000000001,-4.95,-4.125,50000,5524,0.11048
13753,4.125000000000001,-4.95,-3.7125,50000,5637,0.11274
13754,4.125000000000001,-4.95,-3.3,50000,5688,0.11376
13755,4.125000000000001,-4.95,-2.8875,50000,5737,0.11474
13756,4.125000000000001,-4.95,-2.475,50000,5674,0.11348
13757,4.125000000000001,-4.95,-2.0625,50000,5639,0.11278
13758,4.125000000000001,-4.95,-1.65,50000,5736,0.11472
13759,4.125000000000001,-4.95,-1.2374999999999998,50000,5730,0.1146
13760,4.125000000000001,-4.95,-0.8250000000000002,50000,5788,0.11576
13761,4.125000000000001,-4.95,-0.4124999999999996,50000,5765,0.1153
13762,4.125000000000001,-4.95,0.0,50000,5750,0.115
13763,4.125000000000001,-4.95,0.4125000000000005,50000,5665,0.1133
13764,4.125000000000001,-4.95,0.8250000000000002,50000,5776,0.11552
13765,4.125000000000001,-4.95,1.2375000000000007,50000,5808,0.11616
13766,4.125000000000001,-4.95,1.6500000000000004,50000,5764,0.11528
13767,4.125000000000001,-4.95,2.0625,50000,5651,0.11302
13768,4.125000000000001,-4.95,2.4750000000000005,50000,5710,0.1142
13769,4.125000000000001,-4.95,2.8875,50000,5504,0.11008
13770,4.125000000000001,-4.95,3.3,50000,5693,0.11386
13771,4.125000000000001,-4.95,3.712500000000001,50000,5525,0.1105
13772,4.125000000000001,-4.95,4.125000000000001,50000,5517,0.11034
13773,4.125000000000001,-4.95,4.5375000000000005,50000,5592,0.11184
13774,4.125000000000001,-4.95,4.95,50000,5442,0.10884
13775,4.125000000000001,-4.5375000000000005,-4.95,50000,5477,0.10954
13776,4.125000000000001,-4.5375000000000005,-4.5375000000000005,50000,5575,0.1115
13777,4.125000000000001,-4.5375000000000005,-4.125,50000,5587,0.11174
13778,4.125000000000001,-4.5375000000000005,-3.7125,50000,5592,0.11184
13779,4.125000000000001,-4.5375000000000005,-3.3,50000,5613,0.11226
13780,4.125000000000001,-4.5375000000000005,-2.8875,50000,5608,0.11216
13781,4.125000000000001,-4.5375000000000005,-2.475,50000,5745,0.1149
13782,4.125000000000001,-4.5375000000000005,-2.0625,50000,5712,0.11424
13783,4.125000000000001,-4.5375000000000005,-1.65,50000,5679,0.11358
13784,4.125000000000001,-4.5375000000000005,-1.2374999999999998,50000,5712,0.11424
13785,4.125000000000001,-4.5375000000000005,-0.8250000000000002,50000,5828,0.11656
13786,4.125000000000001,-4.5375000000000005,-0.4124999999999996,50000,5751,0.11502
13787,4.125000000000001,-4.5375000000000005,0.0,50000,5670,0.1134
13788,4.125000000000001,-4.5375000000000005,0.4125000000000005,50000,5604,0.11208
13789,4.125000000000001,-4.5375000000000005,0.8250000000000002,50000,5749,0.11498
13790,4.125000000000001,-4.5375000000000005,1.2375000000000007,50000,5746,0.11492
13791,4.125000000000001,-4.5375000000000005,1.6500000000000004,50000,5604,0.11208
13792,4.125000000000001,-4.5375000000000005,2.0625,50000,5701,0.11402
13793,4.125000000000001,-4.5375000000000005,2.4750000000000005,50000,5672,0.11344
13794,4.125000000000001,-4.5375000000000005,2.8875,50000,5568,0.11136
13795,4.125000000000001,-4.5375000000000005,3.3,50000,5597,0.11194
13796,4.125000000000001,-4.5375000000000005,3.712500000000001,50000,5432,0.10864
13797,4.125000000000001,-4.5375000000000005,4.125000000000001,50000,5570,0.1114
13798,4.125000000000001,-4.5375000000000005,4.5375000000000005,50000,5508,0.11016
13799,4.125000000000001,-4.5375000000000005,4.95,50000,5463,0.10926
13800,4.125000000000001,-4.125,-4.95,50000,5514,0.11028
13801,4.125000000000001,-4.125,-4.5375000000000005,50000,5613,0.11226
13802,4.125000000000001,-4.125,-4.125,50000,5582,0.11164
13803,4.125000000000001,-4.125,-3.7125,50000,5464,0.10928
13804,4.125000000000001,-4.125,-3.3,50000,5597,0.11194
13805,4.125000000000001,-4.125,-2.8875,50000,5582,0.11164
13806,4.125000000000001,-4.125,-2.475,50000,5568,0.11136
13807,4.125000000000001,-4.125,-2.0625,50000,5783,0.11566
13808,4.125000000000001,-4.125,-1.65,50000,5610,0.1122
13809,4.125000000000001,-4.125,-1.2374999999999998,50000,5789,0.11578
13810,4.125000000000001,-4.125,-0.8250000000000002,50000,5921,0.11842
13811,4.125000000000001,-4.125,-0.4124999999999996,50000,5758,0.11516
13812,4.125000000000001,-4.125,0.0,50000,5631,0.11262
13813,4.125000000000001,-4.125,0.4125000000000005,50000,5745,0.1149
13814,4.125000000000001,-4.125,0.8250000000000002,50000,5819,0.11638
13815,4.125000000000001,-4.125,1.2375000000000007,50000,5698,0.11396
13816,4.125000000000001,-4.125,1.6500000000000004,50000,5680,0.1136
13817,4.125000000000001,-4.125,2.0625,50000,5728,0.11456
13818,4.125000000000001,-4.125,2.4750000000000005,50000,5652,0.11304
13819,4.125000000000001,-4.125,2.8875,50000,5714,0.11428
13820,4.125000000000001,-4.125,3.3,50000,5593,0.11186
13821,4.125000000000001,-4.125,3.712500000000001,50000,5581,0.11162
13822,4.125000000000001,-4.125,4.125000000000001,50000,5549,0.11098
13823,4.125000000000001,-4.125,4.5375000000000005,50000,5532,0.11064
13824,4.125000000000001,-4.125,4.95,50000,5512,0.11024
13825,4.125000000000001,-3.7125,-4.95,50000,5499,0.10998
13826,4.125000000000001,-3.7125,-4.5375000000000005,50000,5585,0.1117
13827,4.125000000000001,-3.7125,-4.125,50000,5525,0.1105
13828,4.125000000000001,-3.7125,-3.7125,50000,5733,0.11466
13829,4.125000000000001,-3.7125,-3.3,50000,5577,0.11154
13830,4.125000000000001,-3.7125,-2.8875,50000,5744,0.11488
13831,4.125000000000001,-3.7125,-2.475,50000,5521,0.11042
13832,4.125000000000001,-3.7125,-2.0625,50000,5623,0.11246
13833,4.125000000000001,-3.7125,-1.65,50000,5770,0.1154
13834,4.125000000000001,-3.7125,-1.2374999999999998,50000,5730,0.1146
13835,4.125000000000001,-3.7125,-0.8250000000000002,50000,5499,0.10998
13836,4.125000000000001,-3.7125,-0.4124999999999996,50000,5829,0.11658
13837,4.125000000000001,-3.7125,0.0,50000,5654,0.11308
13838,4.125000000000001,-3.7125,0.4125000000000005,50000,5645,0.1129
13839,4.125000000000001,-3.7125,0.8250000000000002,50000,5699,0.11398
13840,4.125000000000001,-3.7125,1.2375000000000007,50000,5743,0.11486
13841,4.125000000000001,-3.7125,1.6500000000000004,50000,5826,0.11652
13842,4.125000000000001,-3.7125,2.0625,50000,5874,0.11748
13843,4.125000000000001,-3.7125,2.4750000000000005,50000,5582,0.11164
13844,4.125000000000001,-3.7125,2.8875,50000,5697,0.11394
13845,4.125000000000001,-3.7125,3.3,50000,5643,0.11286
13846,4.125000000000001,-3.7125,3.712500000000001,50000,5607,0.11214
13847,4.125000000000001,-3.7125,4.125000000000001,50000,5492,0.10984
13848,4.125000000000001,-3.7125,4.5375000000000005,50000,5406,0.10812
13849,4.125000000000001,-3.7125,4.95,50000,5483,0.10966
13850,4.125000000000001,-3.3,-4.95,50000,5519,0.11038
13851,4.125000000000001,-3.3,-4.5375000000000005,50000,5625,0.1125
13852,4.125000000000001,-3.3,-4.125,50000,5799,0.11598
13853,4.125000000000001,-3.3,-3.7125,50000,5631,0.11262
13854,4.125000000000001,-3.3,-3.3,50000,5631,0.11262
13855,4.125000000000001,-3.3,-2.8875,50000,5582,0.11164
13856,4.125000000000001,-3.3,-2.475,50000,5786,0.11572
13857,4.125000000000001,-3.3,-2.0625,50000,5674,0.11348
13858,4.125000000000001,-3.3,-1.65,50000,5795,0.1159
13859,4.125000000000001,-3.3,-1.2374999999999998,50000,5682,0.11364
13860,4.125000000000001,-3.3,-0.8250000000000002,50000,5707,0.11414
13861,4.125000000000001,-3.3,-0.4124999999999996,50000,5839,0.11678
13862,4.125000000000001,-3.3,0.0,50000,5859,0.11718
13863,4.125000000000001,-3.3,0.4125000000000005,50000,5603,0.11206
13864,4.125000000000001,-3.3,0.8250000000000002,50000,5765,0.1153
13865,4.125000000000001,-3.3,1.2375000000000007,50000,5683,0.11366
13866,4.125000000000001,-3.3,1.6500000000000004,50000,5632,0.11264
13867,4.125000000000001,-3.3,2.0625,50000,5770,0.1154
13868,4.125000000000001,-3.3,2.4750000000000005,50000,5742,0.11484
13869,4.125000000000001,-3.3,2.8875,50000,5579,0.11158
13870,4.125000000000001,-3.3,3.3,50000,5700,0.114
13871,4.125000000000001,-3.3,3.712500000000001,50000,5611,0.11222
13872,4.125000000000001,-3.3,4.125000000000001,50000,5589,0.11178
13873,4.125000000000001,-3.3,4.5375000000000005,50000,5596,0.11192
13874,4.125000000000001,-3.3,4.95,50000,5663,0.11326
13875,4.125000000000001,-2.8875,-4.95,50000,5539,0.11078
13876,4.125000000000001,-2.8875,-4.5375000000000005,50000,5560,0.1112
13877,4.125000000000001,-2.8875,-4.125,50000,5540,0.1108
13878,4.125000000000001,-2.8875,-3.7125,50000,5660,0.1132
13879,4.125000000000001,-2.8875,-3.3,50000,5636,0.11272
13880,4.125000000000001,-2.8875,-2.8875,50000,5779,0.11558
13881,4.125000000000001,-2.8875,-2.475,50000,5606,0.11212
13882,4.125000000000001,-2.8875,-2.0625,50000,5680,0.1136
13883,4.125000000000001,-2.8875,-1.65,50000,5716,0.11432
13884,4.125000000000001,-2.8875,-1.2374999999999998,50000,5836,0.11672
13885,4.125000000000001,-2.8875,-0.8250000000000002,50000,5796,0.11592
13886,4.125000000000001,-2.8875,-0.4124999999999996,50000,5786,0.11572
13887,4.125000000000001,-2.8875,0.0,50000,5744,0.11488
13888,4.125000000000001,-2.8875,0.4125000000000005,50000,5734,0.11468
13889,4.125000000000001,-2.8875,0.8250000000000002,50000,5761,0.11522
13890,4.125000000000001,-2.8875,1.2375000000000007,50000,5789,0.11578
13891,4.125000000000001,-2.8875,1.6500000000000004,50000,5705,0.1141
13892,4.125000000000001,-2.8875,2.0625,50000,5838,0.11676
13893,4.125000000000001,-2.8875,2.4750000000000005,50000,5663,0.11326
13894,4.125000000000001,-2.8875,2.8875,50000,5623,0.11246
13895,4.125000000000001,-2.8875,3.3,50000,5715,0.1143
13896,4.125000000000001,-2.8875,3.712500000000001,50000,5580,0.1116
13897,4.125000000000001,-2.8875,4.125000000000001,50000,5653,0.11306
13898,4.125000000000001,-2.8875,4.5375000000000005,50000,5616,0.11232
13899,4.125000000000001,-2.8875,4.95,50000,5702,0.11404
13900,4.125000000000001,-2.475,-4.95,50000,5613,0.11226
13901,4.125000000000001,-2.475,-4.5375000000000005,50000,5602,0.11204
13902,4.125000000000001,-2.475,-4.125,50000,5678,0.11356
13903,4.125000000000001,-2.475,-3.7125,50000,5725,0.1145
13904,4.125000000000001,-2.475,-3.3,50000,5697,0.11394
13905,4.125000000000001,-2.475,-2.8875,50000,5640,0.1128
13906,4.125000000000001,-2.475,-2.475,50000,5769,0.11538
13907,4.125000000000001,-2.475,-2.0625,50000,5918,0.11836
13908,4.125000000000001,-2.475,-1.65,50000,5802,0.11604
13909,4.125000000000001,-2.475,-1.2374999999999998,50000,5857,0.11714
13910,4.125000000000001,-2.475,-0.8250000000000002,50000,5859,0.11718
13911,4.125000000000001,-2.475,-0.4124999999999996,50000,5807,0.11614
13912,4.125000000000001,-2.475,0.0,50000,5857,0.11714
13913,4.125000000000001,-2.475,0.4125000000000005,50000,5835,0.1167
13914,4.125000000000001,-2.475,0.8250000000000002,50000,5742,0.11484
13915,4.125000000000001,-2.475,1.2375000000000007,50000,5719,0.11438
13916,4.125000000000001,-2.475,1.6500000000000004,50000,5625,0.1125
13917,4.125000000000001,-2.475,2.0625,50000,5703,0.11406
13918,4.125000000000001,-2.475,2.4750000000000005,50000,5747,0.11494
13919,4.125000000000001,-2.475,2.8875,50000,5841,0.11682
13920,4.125000000000001,-2.475,3.3,50000,5691,0.11382
13921,4.125000000000001,-2.475,3.712500000000001,50000,5659,0.11318
13922,4.125000000000001,-2.475,4.125000000000001,50000,5670,0.1134
13923,4.125000000000001,-2.475,4.5375000000000005,50000,5663,0.11326
13924,4.125000000000001,-2.475,4.95,50000,5576,0.11152
13925,4.125000000000001,-2.0625,-4.95,50000,5718,0.11436
13926,4.125000000000001,-2.0625,-4.5375000000000005,50000,5602,0.11204
13927,4.125000000000001,-2.0625,-4.125,50000,5585,0.1117
13928,4.125000000000001,-2.0625,-3.7125,50000,5516,0.11032
13929,4.125000000000001,-2.0625,-3.3,50000,5655,0.1131
13930,4.125000000000001,-2.0625,-2.8875,50000,5627,0.11254
13931,4.125000000000001,-2.0625,-2.475,50000,5896,0.11792
13932,4.125000000000001,-2.0625,-2.0625,50000,5937,0.11874
13933,4.125000000000001,-2.0625,-1.65,50000,5845,0.1169
13934,4.125000000000001,-2.0625,-1.2374999999999998,50000,5808,0.11616
13935,4.125000000000001,-2.0625,-0.8250000000000002,50000,5834,0.11668
13936,4.125000000000001,-2.0625,-0.4124999999999996,50000,5789,0.11578
13937,4.125000000000001,-2.0625,0.0,50000,5910,0.1182
13938,4.125000000000001,-2.0625,0.4125000000000005,50000,5726,0.11452
13939,4.125000000000001,-2.0625,0.8250000000000002,50000,5829,0.11658
13940,4.125000000000001,-2.0625,1.2375000000000007,50000,5770,0.1154
13941,4.125000000000001,-2.0625,1.6500000000000004,50000,5872,0.11744
13942,4.125000000000001,-2.0625,2.0625,50000,5798,0.11596
13943,4.125000000000001,-2.0625,2.4750000000000005,50000,5923,0.11846
13944,4.125000000000001,-2.0625,2.8875,50000,5580,0.1116
13945,4.125000000000001,-2.0625,3.3,50000,5752,0.11504
13946,4.125000000000001,-2.0625,3.712500000000001,50000,5558,0.11116
13947,4.125000000000001,-2.0625,4.125000000000001,50000,5650,0.113
13948,4.125000000000001,-2.0625,4.5375000000000005,50000,5669,0.11338
13949,4.125000000000001,-2.0625,4.95,50000,5725,0.1145
13950,4.125000000000001,-1.65,-4.95,50000,5587,0.11174
13951,4.125000000000001,-1.65,-4.5375000000000005,50000,5636,0.11272
13952,4.125000000000001,-1.65,-4.125,50000,5837,0.11674
13953,4.125000000000001,-1.65,-3.7125,50000,5783,0.11566
13954,4.125000000000001,-1.65,-3.3,50000,5831,0.11662
13955,4.125000000000001,-1.65,-2.8875,50000,5743,0.11486
13956,4.125000000000001,-1.65,-2.475,50000,5865,0.1173
13957,4.125000000000001,-1.65,-2.0625,50000,5840,0.1168
13958,4.125000000000001,-1.65,-1.65,50000,5876,0.11752
13959,4.125000000000001,-1.65,-1.2374999999999998,50000,5955,0.1191
13960,4.125000000000001,-1.65,-0.8250000000000002,50000,5973,0.11946
13961,4.125000000000001,-1.65,-0.4124999999999996,50000,5950,0.119
13962,4.125000000000001,-1.65,0.0,50000,5877,0.11754
13963,4.125000000000001,-1.65,0.4125000000000005,50000,5991,0.11982
13964,4.125000000000001,-1.65,0.8250000000000002,50000,5819,0.11638
13965,4.125000000000001,-1.65,1.2375000000000007,50000,5878,0.11756
13966,4.125000000000001,-1.65,1.6500000000000004,50000,5973,0.11946
13967,4.125000000000001,-1.65,2.0625,50000,5886,0.11772
13968,4.125000000000001,-1.65,2.4750000000000005,50000,5763,0.11526
13969,4.125000000000001,-1.65,2.8875,50000,5743,0.11486
13970,4.125000000000001,-1.65,3.3,50000,5815,0.1163
13971,4.125000000000001,-1.65,3.712500000000001,50000,5673,0.11346
13972,4.125000000000001,-1.65,4.125000000000001,50000,5779,0.11558
13973,4.125000000000001,-1.65,4.5375000000000005,50000,5693,0.11386
13974,4.125000000000001,-1.65,4.95,50000,5596,0.11192
13975,4.125000000000001,-1.2374999999999998,-4.95,50000,5793,0.11586
13976,4.125000000000001,-1.2374999999999998,-4.5375000000000005,50000,5746,0.11492
13977,4.125000000000001,-1.2374999999999998,-4.125,50000,5709,0.11418
13978,4.125000000000001,-1.2374999999999998,-3.7125,50000,5754,0.11508
13979,4.125000000000001,-1.2374999999999998,-3.3,50000,5776,0.11552
13980,4.125000000000001,-1.2374999999999998,-2.8875,50000,5891,0.11782
13981,4.125000000000001,-1.2374999999999998,-2.475,50000,5739,0.11478
13982,4.125000000000001,-1.2374999999999998,-2.0625,50000,5928,0.11856
13983,4.125000000000001,-1.2374999999999998,-1.65,50000,5862,0.11724
13984,4.125000000000001,-1.2374999999999998,-1.2374999999999998,50000,5931,0.11862
13985,4.125000000000001,-1.2374999999999998,-0.8250000000000002,50000,6008,0.12016
13986,4.125000000000001,-1.2374999999999998,-0.4124999999999996,50000,5974,0.11948
13987,4.125000000000001,-1.2374999999999998,0.0,50000,6053,0.12106
13988,4.125000000000001,-1.2374999999999998,0.4125000000000005,50000,5944,0.11888
13989,4.125000000000001,-1.2374999999999998,0.8250000000000002,50000,6089,0.12178
13990,4.125000000000001,-1.2374999999999998,1.2375000000000007,50000,5809,0.11618
13991,4.125000000000001,-1.2374999999999998,1.6500000000000004,50000,5985,0.1197
13992,4.125000000000001,-1.2374999999999998,2.0625,50000,5838,0.11676
13993,4.125000000000001,-1.2374999999999998,2.4750000000000005,50000,5939,0.11878
13994,4.125000000000001,-1.2374999999999998,2.8875,50000,5820,0.1164
13995,4.125000000000001,-1.2374999999999998,3.3,50000,5912,0.11824
13996,4.125000000000001,-1.2374999999999998,3.712500000000001,50000,5784,0.11568
13997,4.125000000000001,-1.2374999999999998,4.125000000000001,50000,5710,0.1142
13998,4.125000000000001,-1.2374999999999998,4.5375000000000005,50000,5826,0.11652
13999,4.125000000000001,-1.2374999999999998,4.95,50000,5793,0.11586
14000,4.125000000000001,-0.8250000000000002,-4.95,50000,5765,0.1153
14001,4.125000000000001,-0.8250000000000002,-4.5375000000000005,50000,5792,0.11584
14002,4.125000000000001,-0.8250000000000002,-4.125,50000,5787,0.11574
14003,4.125000000000001,-0.8250000000000002,-3.7125,50000,5842,0.11684
14004,4.125000000000001,-0.8250000000000002,-3.3,50000,5876,0.11752
14005,4.125000000000001,-0.8250000000000002,-2.8875,50000,5878,0.11756
14006,4.125000000000001,-0.8250000000000002,-2.475,50000,5987,0.11974
14007,4.125000000000001,-0.8250000000000002,-2.0625,50000,5919,0.11838
14008,4.125000000000001,-0.8250000000000002,-1.65,50000,5844,0.11688
14009,4.125000000000001,-0.8250000000000002,-1.2374999999999998,50000,6030,0.1206
14010,4.125000000000001,-0.8250000000000002,-0.8250000000000002,50000,5960,0.1192
14011,4.125000000000001,-0.8250000000000002,-0.4124999999999996,50000,5909,0.11818
14012,4.125000000000001,-0.8250000000000002,0.0,50000,5975,0.1195
14013,4.125000000000001,-0.8250000000000002,0.4125000000000005,50000,6047,0.12094
14014,4.125000000000001,-0.8250000000000002,0.8250000000000002,50000,5990,0.1198
14015,4.125000000000001,-0.8250000000000002,1.2375000000000007,50000,6005,0.1201
14016,4.125000000000001,-0.8250000000000002,1.6500000000000004,50000,6035,0.1207
14017,4.125000000000001,-0.8250000000000002,2.0625,50000,5874,0.11748
14018,4.125000000000001,-0.8250000000000002,2.4750000000000005,50000,5813,0.11626
14019,4.125000000000001,-0.8250000000000002,2.8875,50000,5839,0.11678
14020,4.125000000000001,-0.8250000000000002,3.3,50000,5921,0.11842
14021,4.125000000000001,-0.8250000000000002,3.712500000000001,50000,5837,0.11674
14022,4.125000000000001,-0.8250000000000002,4.125000000000001,50000,5827,0.11654
14023,4.125000000000001,-0.8250000000000002,4.5375000000000005,50000,5723,0.11446
14024,4.125000000000001,-0.8250000000000002,4.95,50000,5697,0.11394
14025,4.125000000000001,-0.4124999999999996,-4.95,50000,5797,0.11594
14026,4.125000000000001,-0.4124999999999996,-4.5375000000000005,50000,5700,0.114
14027,4.125000000000001,-0.4124999999999996,-4.125,50000,5849,0.11698
14028,4.125000000000001,-0.4124999999999996,-3.7125,50000,6012,0.12024
14029,4.125000000000001,-0.4124999999999996,-3.3,50000,5821,0.11642
14030,4.125000000000001,-0.4124999999999996,-2.8875,50000,5908,0.11816
14031,4.125000000000001,-0.4124999999999996,-2.475,50000,5958,0.11916
14032,4.125000000000001,-0.4124999999999996,-2.0625,50000,6003,0.12006
14033,4.125000000000001,-0.4124999999999996,-1.65,50000,6069,0.12138
14034,4.125000000000001,-0.4124999999999996,-1.2374999999999998,50000,6019,0.12038
14035,4.125000000000001,-0.4124999999999996,-0.8250000000000002,50000,6052,0.12104
14036,4.125000000000001,-0.4124999999999996,-0.4124999999999996,50000,6025,0.1205
14037,4.125000000000001,-0.4124999999999996,0.0,50000,5936,0.11872
14038,4.125000000000001,-0.4124999999999996,0.4125000000000005,50000,6167,0.12334
14039,4.125000000000001,-0.4124999999999996,0.8250000000000002,50000,6041,0.12082
14040,4.125000000000001,-0.4124999999999996,1.2375000000000007,50000,5974,0.11948
14041,4.125000000000001,-0.4124999999999996,1.6500000000000004,50000,6019,0.12038
14042,4.125000000000001,-0.4124999999999996,2.0625,50000,5983,0.11966
14043,4.125000000000001,-0.4124999999999996,2.4750000000000005,50000,5992,0.11984
14044,4.125000000000001,-0.4124999999999996,2.8875,50000,6079,0.12158
14045,4.125000000000001,-0.4124999999999996,3.3,50000,5801,0.11602
14046,4.125000000000001,-0.4124999999999996,3.712500000000001,50000,5921,0.11842
14047,4.125000000000001,-0.4124999999999996,4.125000000000001,50000,5812,0.11624
14048,4.125000000000001,-0.4124999999999996,4.5375000000000005,50000,5690,0.1138
14049,4.125000000000001,-0.4124999999999996,4.95,50000,5804,0.11608
14050,4.125000000000001,0.0,-4.95,50000,5674,0.11348
14051,4.125000000000001,0.0,-4.5375000000000005,50000,5762,0.11524
14052,4.125000000000001,0.0,-4.125,50000,5810,0.1162
14053,4.125000000000001,0.0,-3.7125,50000,5820,0.1164
14054,4.125000000000001,0.0,-3.3,50000,5992,0.11984
14055,4.125000000000001,0.0,-2.8875,50000,5851,0.11702
14056,4.125000000000001,0.0,-2.475,50000,6070,0.1214
14057,4.125000000000001,0.0,-2.0625,50000,6099,0.12198
14058,4.125000000000001,0.0,-1.65,50000,6095,0.1219
14059,4.125000000000001,0.0,-1.2374999999999998,50000,6188,0.12376
14060,4.125000000000001,0.0,-0.8250000000000002,50000,6178,0.12356
14061,4.125000000000001,0.0,-0.4124999999999996,50000,6151,0.12302
14062,4.125000000000001,0.0,0.0,50000,6037,0.12074
14063,4.125000000000001,0.0,0.4125000000000005,50000,6180,0.1236
14064,4.125000000000001,0.0,0.8250000000000002,50000,6041,0.12082
14065,4.125000000000001,0.0,1.2375000000000007,50000,6142,0.12284
14066,4.125000000000001,0.0,1.6500000000000004,50000,6153,0.12306
14067,4.125000000000001,0.0,2.0625,50000,5908,0.11816
14068,4.125000000000001,0.0,2.4750000000000005,50000,5891,0.11782
14069,4.125000000000001,0.0,2.8875,50000,5980,0.1196
14070,4.125000000000001,0.0,3.3,50000,5873,0.11746
14071,4.125000000000001,0.0,3.712500000000001,50000,6033,0.12066
14072,4.125000000000001,0.0,4.125000000000001,50000,5755,0.1151
14073,4.125000000000001,0.0,4.5375000000000005,50000,5675,0.1135
14074,4.125000000000001,0.0,4.95,50000,5770,0.1154
14075,4.125000000000001,0.4125000000000005,-4.95,50000,5797,0.11594
14076,4.125000000000001,0.4125000000000005,-4.5375000000000005,50000,5735,0.1147
14077,4.125000000000001,0.4125000000000005,-4.125,50000,5806,0.11612
14078,4.125000000000001,0.4125000000000005,-3.7125,50000,5945,0.1189
14079,4.125000000000001,0.4125000000000005,-3.3,50000,5842,0.11684
14080,4.125000000000001,0.4125000000000005,-2.8875,50000,5895,0.1179
14081,4.125000000000001,0.4125000000000005,-2.475,50000,5992,0.11984
14082,4.125000000000001,0.4125000000000005,-2.0625,50000,6016,0.12032
14083,4.125000000000001,0.4125000000000005,-1.65,50000,6033,0.12066
14084,4.125000000000001,0.4125000000000005,-1.2374999999999998,50000,6162,0.12324
14085,4.125000000000001,0.4125000000000005,-0.8250000000000002,50000,6201,0.12402
14086,4.125000000000001,0.4125000000000005,-0.4124999999999996,50000,6193,0.12386
14087,4.125000000000001,0.4125000000000005,0.0,50000,6200,0.124
14088,4.125000000000001,0.4125000000000005,0.4125000000000005,50000,6266,0.12532
14089,4.125000000000001,0.4125000000000005,0.8250000000000002,50000,6149,0.12298
14090,4.125000000000001,0.4125000000000005,1.2375000000000007,50000,6170,0.1234
14091,4.125000000000001,0.4125000000000005,1.6500000000000004,50000,5980,0.1196
14092,4.125000000000001,0.4125000000000005,2.0625,50000,5973,0.11946
14093,4.125000000000001,0.4125000000000005,2.4750000000000005,50000,6083,0.12166
14094,4.125000000000001,0.4125000000000005,2.8875,50000,6032,0.12064
14095,4.125000000000001,0.4125000000000005,3.3,50000,6007,0.12014
14096,4.125000000000001,0.4125000000000005,3.712500000000001,50000,5975,0.1195
14097,4.125000000000001,0.4125000000000005,4.125000000000001,50000,5872,0.11744
14098,4.125000000000001,0.4125000000000005,4.5375000000000005,50000,5847,0.11694
14099,4.125000000000001,0.4125000000000005,4.95,50000,5770,0.1154
14100,4.125000000000001,0.8250000000000002,-4.95,50000,5674,0.11348
14101,4.125000000000001,0.8250000000000002,-4.5375000000000005,50000,5711,0.11422
14102,4.125000000000001,0.8250000000000002,-4.125,50000,5770,0.1154
14103,4.125000000000001,0.8250000000000002,-3.7125,50000,5864,0.11728
14104,4.125000000000001,0.8250000000000002,-3.3,50000,5865,0.1173
14105,4.125000000000001,0.8250000000000002,-2.8875,50000,5873,0.11746
14106,4.125000000000001,0.8250000000000002,-2.475,50000,5991,0.11982
14107,4.125000000000001,0.8250000000000002,-2.0625,50000,6064,0.12128
14108,4.125000000000001,0.8250000000000002,-1.65,50000,6169,0.12338
14109,4.125000000000001,0.8250000000000002,-1.2374999999999998,50000,6165,0.1233
14110,4.125000000000001,0.8250000000000002,-0.8250000000000002,50000,6139,0.12278
14111,4.125000000000001,0.8250000000000002,-0.4124999999999996,50000,6159,0.12318
14112,4.125000000000001,0.8250000000000002,0.0,50000,6308,0.12616
14113,4.125000000000001,0.8250000000000002,0.4125000000000005,50000,6287,0.12574
14114,4.125000000000001,0.8250000000000002,0.8250000000000002,50000,6257,0.12514
14115,4.125000000000001,0.8250000000000002,1.2375000000000007,50000,6184,0.12368
14116,4.125000000000001,0.8250000000000002,1.6500000000000004,50000,6182,0.12364
14117,4.125000000000001,0.8250000000000002,2.0625,50000,5962,0.11924
14118,4.125000000000001,0.8250000000000002,2.4750000000000005,50000,6000,0.12
14119,4.125000000000001,0.8250000000000002,2.8875,50000,5962,0.11924
14120,4.125000000000001,0.8250000000000002,3.3,50000,6000,0.12
14121,4.125000000000001,0.8250000000000002,3.712500000000001,50000,5939,0.11878
14122,4.125000000000001,0.8250000000000002,4.125000000000001,50000,5815,0.1163
14123,4.125000000000001,0.8250000000000002,4.5375000000000005,50000,5830,0.1166
14124,4.125000000000001,0.8250000000000002,4.95,50000,5763,0.11526
14125,4.125000000000001,1.2375000000000007,-4.95,50000,5648,0.11296
14126,4.125000000000001,1.2375000000000007,-4.5375000000000005,50000,5700,0.114
14127,4.125000000000001,1.2375000000000007,-4.125,50000,5704,0.11408
14128,4.125000000000001,1.2375000000000007,-3.7125,50000,5853,0.11706
14129,4.125000000000001,1.2375000000000007,-3.3,50000,5977,0.11954
14130,4.125000000000001,1.2375000000000007,-2.8875,50000,5945,0.1189
14131,4.125000000000001,1.2375000000000007,-2.475,50000,6114,0.12228
14132,4.125000000000001,1.2375000000000007,-2.0625,50000,6012,0.12024
14133,4.125000000000001,1.2375000000000007,-1.65,50000,6252,0.12504
14134,4.125000000000001,1.2375000000000007,-1.2374999999999998,50000,6232,0.12464
14135,4.125000000000001,1.2375000000000007,-0.8250000000000002,50000,6238,0.12476
14136,4.125000000000001,1.2375000000000007,-0.4124999999999996,50000,6188,0.12376
14137,4.125000000000001,1.2375000000000007,0.0,50000,6201,0.12402
14138,4.125000000000001,1.2375000000000007,0.4125000000000005,50000,6314,0.12628
14139,4.125000000000001,1.2375000000000007,0.8250000000000002,50000,6259,0.12518
14140,4.125000000000001,1.2375000000000007,1.2375000000000007,50000,6198,0.12396
14141,4.125000000000001,1.2375000000000007,1.6500000000000004,50000,6251,0.12502
14142,4.125000000000001,1.2375000000000007,2.0625,50000,6042,0.12084
14143,4.125000000000001,1.2375000000000007,2.4750000000000005,50000,5990,0.1198
14144,4.125000000000001,1.2375000000000007,2.8875,50000,6073,0.12146
14145,4.125000000000001,1.2375000000000007,3.3,50000,5988,0.11976
14146,4.125000000000001,1.2375000000000007,3.712500000000001,50000,5816,0.11632
14147,4.125000000000001,1.2375000000000007,4.125000000000001,50000,5753,0.11506
14148,4.125000000000001,1.2375000000000007,4.5375000000000005,50000,5649,0.11298
14149,4.125000000000001,1.2375000000000007,4.95,50000,5748,0.11496
14150,4.125000000000001,1.6500000000000004,-4.95,50000,5504,0.11008
14151,4.125000000000001,1.6500000000000004,-4.5375000000000005,50000,5815,0.1163
14152,4.125000000000001,1.6500000000000004,-4.125,50000,5735,0.1147
14153,4.125000000000001,1.6500000000000004,-3.7125,50000,5777,0.11554
14154,4.125000000000001,1.6500000000000004,-3.3,50000,5835,0.1167
14155,4.125000000000001,1.6500000000000004,-2.8875,50000,6060,0.1212
14156,4.125000000000001,1.6500000000000004,-2.475,50000,5937,0.11874
14157,4.125000000000001,1.6500000000000004,-2.0625,50000,6005,0.1201
14158,4.125000000000001,1.6500000000000004,-1.65,50000,6277,0.12554
14159,4.125000000000001,1.6500000000000004,-1.2374999999999998,50000,6215,0.1243
14160,4.125000000000001,1.6500000000000004,-0.8250000000000002,50000,6214,0.12428
14161,4.125000000000001,1.6500000000000004,-0.4124999999999996,50000,6307,0.12614
14162,4.125000000000001,1.6500000000000004,0.0,50000,6320,0.1264
14163,4.125000000000001,1.6500000000000004,0.4125000000000005,50000,6426,0.12852
14164,4.125000000000001,1.6500000000000004,0.8250000000000002,50000,6294,0.12588
14165,4.125000000000001,1.6500000000000004,1.2375000000000007,50000,6160,0.1232
14166,4.125000000000001,1.6500000000000004,1.6500000000000004,50000,6229,0.12458
14167,4.125000000000001,1.6500000000000004,2.0625,50000,6081,0.12162
14168,4.125000000000001,1.6500000000000004,2.4750000000000005,50000,6046,0.12092
14169,4.125000000000001,1.6500000000000004,2.8875,50000,5922,0.11844
14170,4.125000000000001,1.6500000000000004,3.3,50000,5887,0.11774
14171,4.125000000000001,1.6500000000000004,3.712500000000001,50000,5661,0.11322
14172,4.125000000000001,1.6500000000000004,4.125000000000001,50000,5737,0.11474
14173,4.125000000000001,1.6500000000000004,4.5375000000000005,50000,5605,0.1121
14174,4.125000000000001,1.6500000000000004,4.95,50000,5506,0.11012
14175,4.125000000000001,2.0625,-4.95,50000,5609,0.11218
14176,4.125000000000001,2.0625,-4.5375000000000005,50000,5602,0.11204
14177,4.125000000000001,2.0625,-4.125,50000,5522,0.11044
14178,4.125000000000001,2.0625,-3.7125,50000,5650,0.113
14179,4.125000000000001,2.0625,-3.3,50000,5833,0.11666
14180,4.125000000000001,2.0625,-2.8875,50000,5802,0.11604
14181,4.125000000000001,2.0625,-2.475,50000,6036,0.12072
14182,4.125000000000001,2.0625,-2.0625,50000,6063,0.12126
14183,4.125000000000001,2.0625,-1.65,50000,6302,0.12604
14184,4.125000000000001,2.0625,-1.2374999999999998,50000,6210,0.1242
14185,4.125000000000001,2.0625,-0.8250000000000002,50000,6341,0.12682
14186,4.125000000000001,2.0625,-0.4124999999999996,50000,6407,0.12814
14187,4.125000000000001,2.0625,0.0,50000,6448,0.12896
14188,4.125000000000001,2.0625,0.4125000000000005,50000,6411,0.12822
14189,4.125000000000001,2.0625,0.8250000000000002,50000,6369,0.12738
14190,4.125000000000001,2.0625,1.2375000000000007,50000,6271,0.12542
14191,4.125000000000001,2.0625,1.6500000000000004,50000,6197,0.12394
14192,4.125000000000001,2.0625,2.0625,50000,5945,0.1189
14193,4.125000000000001,2.0625,2.4750000000000005,50000,5981,0.11962
14194,4.125000000000001,2.0625,2.8875,50000,5999,0.11998
14195,4.125000000000001,2.0625,3.3,50000,5828,0.11656
14196,4.125000000000001,2.0625,3.712500000000001,50000,5666,0.11332
14197,4.125000000000001,2.0625,4.125000000000001,50000,5628,0.11256
14198,4.125000000000001,2.0625,4.5375000000000005,50000,5620,0.1124
14199,4.125000000000001,2.0625,4.95,50000,5496,0.10992
14200,4.125000000000001,2.4750000000000005,-4.95,50000,5400,0.108
14201,4.125000000000001,2.4750000000000005,-4.5375000000000005,50000,5346,0.10692
14202,4.125000000000001,2.4750000000000005,-4.125,50000,5366,0.10732
14203,4.125000000000001,2.4750000000000005,-3.7125,50000,5546,0.11092
14204,4.125000000000001,2.4750000000000005,-3.3,50000,5726,0.11452
14205,4.125000000000001,2.4750000000000005,-2.8875,50000,5820,0.1164
14206,4.125000000000001,2.4750000000000005,-2.475,50000,5815,0.1163
14207,4.125000000000001,2.4750000000000005,-2.0625,50000,6000,0.12
14208,4.125000000000001,2.4750000000000005,-1.65,50000,6092,0.12184
14209,4.125000000000001,2.4750000000000005,-1.2374999999999998,50000,6205,0.1241
14210,4.125000000000001,2.4750000000000005,-0.8250000000000002,50000,6433,0.12866
14211,4.125000000000001,2.4750000000000005,-0.4124999999999996,50000,6243,0.12486
14212,4.125000000000001,2.4750000000000005,0.0,50000,6257,0.12514
14213,4.125000000000001,2.4750000000000005,0.4125000000000005,50000,6324,0.12648
14214,4.125000000000001,2.4750000000000005,0.8250000000000002,50000,6282,0.12564
14215,4.125000000000001,2.4750000000000005,1.2375000000000007,50000,6240,0.1248
14216,4.125000000000001,2.4750000000000005,1.6500000000000004,50000,6122,0.12244
14217,4.125000000000001,2.4750000000000005,2.0625,50000,6034,0.12068
14218,4.125000000000001,2.4750000000000005,2.4750000000000005,50000,5872,0.11744
14219,4.125000000000001,2.4750000000000005,2.8875,50000,5596,0.11192
14220,4.125000000000001,2.4750000000000005,3.3,50000,5513,0.11026
14221,4.125000000000001,2.4750000000000005,3.712500000000001,50000,5529,0.11058
14222,4.125000000000001,2.4750000000000005,4.125000000000001,50000,5530,0.1106
14223,4.125000000000001,2.4750000000000005,4.5375000000000005,50000,5256,0.10512
14224,4.125000000000001,2.4750000000000005,4.95,50000,5485,0.1097
14225,4.125000000000001,2.8875,-4.95,50000,5013,0.10026
14226,4.125000000000001,2.8875,-4.5375000000000005,50000,5218,0.10436
14227,4.125000000000001,2.8875,-4.125,50000,5181,0.10362
14228,4.125000000000001,2.8875,-3.7125,50000,5291,0.10582
14229,4.125000000000001,2.8875,-3.3,50000,5470,0.1094
14230,4.125000000000001,2.8875,-2.8875,50000,5527,0.11054
14231,4.125000000000001,2.8875,-2.475,50000,5720,0.1144
14232,4.125000000000001,2.8875,-2.0625,50000,5957,0.11914
14233,4.125000000000001,2.8875,-1.65,50000,6031,0.12062
14234,4.125000000000001,2.8875,-1.2374999999999998,50000,6106,0.12212
14235,4.125000000000001,2.8875,-0.8250000000000002,50000,6069,0.12138
14236,4.125000000000001,2.8875,-0.4124999999999996,50000,6248,0.12496
14237,4.125000000000001,2.8875,0.0,50000,6129,0.12258
14238,4.125000000000001,2.8875,0.4125000000000005,50000,6125,0.1225
14239,4.125000000000001,2.8875,0.8250000000000002,50000,6295,0.1259
14240,4.125000000000001,2.8875,1.2375000000000007,50000,6146,0.12292
14241,4.125000000000001,2.8875,1.6500000000000004,50000,5956,0.11912
14242,4.125000000000001,2.8875,2.0625,50000,5857,0.11714
14243,4.125000000000001,2.8875,2.4750000000000005,50000,5682,0.11364
14244,4.125000000000001,2.8875,2.8875,50000,5603,0.11206
14245,4.125000000000001,2.8875,3.3,50000,5316,0.10632
14246,4.125000000000001,2.8875,3.712500000000001,50000,5366,0.10732
14247,4.125000000000001,2.8875,4.125000000000001,50000,5259,0.10518
14248,4.125000000000001,2.8875,4.5375000000000005,50000,4964,0.09928
14249,4.125000000000001,2.8875,4.95,50000,5019,0.10038
14250,4.125000000000001,3.3,-4.95,50000,4760,0.0952
14251,4.125000000000001,3.3,-4.5375000000000005,50000,4737,0.09474
14252,4.125000000000001,3.3,-4.125,50000,4911,0.09822
14253,4.125000000000001,3.3,-3.7125,50000,4972,0.09944
14254,4.125000000000001,3.3,-3.3,50000,5147,0.10294
14255,4.125000000000001,3.3,-2.8875,50000,5226,0.10452
14256,4.125000000000001,3.3,-2.475,50000,5635,0.1127
14257,4.125000000000001,3.3,-2.0625,50000,5617,0.11234
14258,4.125000000000001,3.3,-1.65,50000,5698,0.11396
14259,4.125000000000001,3.3,-1.2374999999999998,50000,5878,0.11756
14260,4.125000000000001,3.3,-0.8250000000000002,50000,5850,0.117
14261,4.125000000000001,3.3,-0.4124999999999996,50000,5971,0.11942
14262,4.125000000000001,3.3,0.0,50000,5935,0.1187
14263,4.125000000000001,3.3,0.4125000000000005,50000,6047,0.12094
14264,4.125000000000001,3.3,0.8250000000000002,50000,6009,0.12018
14265,4.125000000000001,3.3,1.2375000000000007,50000,5871,0.11742
14266,4.125000000000001,3.3,1.6500000000000004,50000,5774,0.11548
14267,4.125000000000001,3.3,2.0625,50000,5539,0.11078
14268,4.125000000000001,3.3,2.4750000000000005,50000,5328,0.10656
14269,4.125000000000001,3.3,2.8875,50000,5249,0.10498
14270,4.125000000000001,3.3,3.3,50000,5014,0.10028
14271,4.125000000000001,3.3,3.712500000000001,50000,4920,0.0984
14272,4.125000000000001,3.3,4.125000000000001,50000,4721,0.09442
14273,4.125000000000001,3.3,4.5375000000000005,50000,4729,0.09458
14274,4.125000000000001,3.3,4.95,50000,4721,0.09442
14275,4.125000000000001,3.712500000000001,-4.95,50000,4407,0.08814
14276,4.125000000000001,3.712500000000001,-4.5375000000000005,50000,4305,0.0861
14277,4.125000000000001,3.712500000000001,-4.125,50000,4380,0.0876
14278,4.125000000000001,3.712500000000001,-3.7125,50000,4411,0.08822
14279,4.125000000000001,3.712500000000001,-3.3,50000,4738,0.09476
14280,4.125000000000001,3.712500000000001,-2.8875,50000,4787,0.09574
14281,4.125000000000001,3.712500000000001,-2.475,50000,4962,0.09924
14282,4.125000000000001,3.712500000000001,-2.0625,50000,5258,0.10516
14283,4.125000000000001,3.712500000000001,-1.65,50000,5506,0.11012
14284,4.125000000000001,3.712500000000001,-1.2374999999999998,50000,5505,0.1101
14285,4.125000000000001,3.712500000000001,-0.8250000000000002,50000,5741,0.11482
14286,4.125000000000001,3.712500000000001,-0.4124999999999996,50000,5649,0.11298
14287,4.125000000000001,3.712500000000001,0.0,50000,5568,0.11136
14288,4.125000000000001,3.712500000000001,0.4125000000000005,50000,5561,0.11122
14289,4.125000000000001,3.712500000000001,0.8250000000000002,50000,5594,0.11188
14290,4.125000000000001,3.712500000000001,1.2375000000000007,50000,5463,0.10926
14291,4.125000000000001,3.712500000000001,1.6500000000000004,50000,5451,0.10902
14292,4.125000000000001,3.712500000000001,2.0625,50000,5262,0.10524
14293,4.125000000000001,3.712500000000001,2.4750000000000005,50000,5016,0.10032
14294,4.125000000000001,3.712500000000001,2.8875,50000,4776,0.09552
14295,4.125000000000001,3.712500000000001,3.3,50000,4616,0.09232
14296,4.125000000000001,3.712500000000001,3.712500000000001,50000,4534,0.09068
14297,4.125000000000001,3.712500000000001,4.125000000000001,50000,4405,0.0881
14298,4.125000000000001,3.712500000000001,4.5375000000000005,50000,4445,0.0889
14299,4.125000000000001,3.712500000000001,4.95,50000,4288,0.08576
14300,4.125000000000001,4.125000000000001,-4.95,50000,3941,0.07882
14301,4.125000000000001,4.125000000000001,-4.5375000000000005,50000,3738,0.07476
14302,4.125000000000001,4.125000000000001,-4.125,50000,3853,0.07706
14303,4.125000000000001,4.125000000000001,-3.7125,50000,3811,0.07622
14304,4.125000000000001,4.125000000000001,-3.3,50000,4182,0.08364
14305,4.125000000000001,4.125000000000001,-2.8875,50000,4339,0.08678
14306,4.125000000000001,4.125000000000001,-2.475,50000,4455,0.0891
14307,4.125000000000001,4.125000000000001,-2.0625,50000,4720,0.0944
14308,4.125000000000001,4.125000000000001,-1.65,50000,4862,0.09724
14309,4.125000000000001,4.125000000000001,-1.2374999999999998,50000,4964,0.09928
14310,4.125000000000001,4.125000000000001,-0.8250000000000002,50000,4982,0.09964
14311,4.125000000000001,4.125000000000001,-0.4124999999999996,50000,4930,0.0986
14312,4.125000000000001,4.125000000000001,0.0,50000,4964,0.09928
14313,4.125000000000001,4.125000000000001,0.4125000000000005,50000,4954,0.09908
14314,4.125000000000001,4.125000000000001,0.8250000000000002,50000,4969,0.09938
14315,4.125000000000001,4.125000000000001,1.2375000000000007,50000,4911,0.09822
14316,4.125000000000001,4.125000000000001,1.6500000000000004,50000,4792,0.09584
14317,4.125000000000001,4.125000000000001,2.0625,50000,4651,0.09302
14318,4.125000000000001,4.125000000000001,2.4750000000000005,50000,4490,0.0898
14319,4.125000000000001,4.125000000000001,2.8875,50000,4419,0.08838
14320,4.125000000000001,4.125000000000001,3.3,50000,4046,0.08092
14321,4.125000000000001,4.125000000000001,3.712500000000001,50000,3918,0.07836
14322,4.125000000000001,4.125000000000001,4.125000000000001,50000,3877,0.07754
14323,4.125000000000001,4.125000000000001,4.5375000000000005,50000,3771,0.07542
14324,4.125000000000001,4.125000000000001,4.95,50000,3788,0.07576
14325,4.125000000000001,4.5375000000000005,-4.95,50000,3084,0.06168
14326,4.125000000000001,4.5375000000000005,-4.5375000000000005,50000,3139,0.06278
14327,4.125000000000001,4.5375000000000005,-4.125,50000,3223,0.06446
14328,4.125000000000001,4.5375000000000005,-3.7125,50000,3296,0.06592
14329,4.125000000000001,4.5375000000000005,-3.3,50000,3502,0.07004
14330,4.125000000000001,4.5375000000000005,-2.8875,50000,3561,0.07122
14331,4.125000000000001,4.5375000000000005,-2.475,50000,3821,0.07642
14332,4.125000000000001,4.5375000000000005,-2.0625,50000,3814,0.07628
14333,4.125000000000001,4.5375000000000005,-1.65,50000,3862,0.07724
14334,4.125000000000001,4.5375000000000005,-1.2374999999999998,50000,3993,0.07986
14335,4.125000000000001,4.5375000000000005,-0.8250000000000002,50000,4021,0.08042
14336,4.125000000000001,4.5375000000000005,-0.4124999999999996,50000,4083,0.08166
14337,4.125000000000001,4.5375000000000005,0.0,50000,3997,0.07994
14338,4.125000000000001,4.5375000000000005,0.4125000000000005,50000,4108,0.08216
14339,4.125000000000001,4.5375000000000005,0.8250000000000002,50000,4106,0.08212
14340,4.125000000000001,4.5375000000000005,1.2375000000000007,50000,3971,0.07942
14341,4.125000000000001,4.5375000000000005,1.6500000000000004,50000,3848,0.07696
14342,4.125000000000001,4.5375000000000005,2.0625,50000,3914,0.07828
14343,4.125000000000001,4.5375000000000005,2.4750000000000005,50000,3719,0.07438
14344,4.125000000000001,4.5375000000000005,2.8875,50000,3599,0.07198
14345,4.125000000000001,4.5375000000000005,3.3,50000,3389,0.06778
14346,4.125000000000001,4.5375000000000005,3.712500000000001,50000,3246,0.06492
14347,4.125000000000001,4.5375000000000005,4.125000000000001,50000,3227,0.06454
14348,4.125000000000001,4.5375000000000005,4.5375000000000005,50000,3133,0.06266
14349,4.125000000000001,4.5375000000000005,4.95,50000,3257,0.06514
14350,4.125000000000001,4.95,-4.95,50000,2248,0.04496
14351,4.125000000000001,4.95,-4.5375000000000005,50000,2267,0.04534
14352,4.125000000000001,4.95,-4.125,50000,2421,0.04842
14353,4.125000000000001,4.95,-3.7125,50000,2485,0.0497
14354,4.125000000000001,4.95,-3.3,50000,2470,0.0494
14355,4.125000000000001,4.95,-2.8875,50000,2619,0.05238
14356,4.125000000000001,4.95,-2.475,50000,2632,0.05264
14357,4.125000000000001,4.95,-2.0625,50000,2814,0.05628
14358,4.125000000000001,4.95,-1.65,50000,2739,0.05478
14359,4.125000000000001,4.95,-1.2374999999999998,50000,2801,0.05602
14360,4.125000000000001,4.95,-0.8250000000000002,50000,2809,0.05618
14361,4.125000000000001,4.95,-0.4124999999999996,50000,2731,0.05462
14362,4.125000000000001,4.95,0.0,50000,2807,0.05614
14363,4.125000000000001,4.95,0.4125000000000005,50000,2789,0.05578
14364,4.125000000000001,4.95,0.8250000000000002,50000,2828,0.05656
14365,4.125000000000001,4.95,1.2375000000000007,50000,2756,0.05512
14366,4.125000000000001,4.95,1.6500000000000004,50000,2768,0.05536
14367,4.125000000000001,4.95,2.0625,50000,2691,0.05382
14368,4.125000000000001,4.95,2.4750000000000005,50000,2585,0.0517
14369,4.125000000000001,4.95,2.8875,50000,2635,0.0527
14370,4.125000000000001,4.95,3.3,50000,2617,0.05234
14371,4.125000000000001,4.95,3.712500000000001,50000,2478,0.04956
14372,4.125000000000001,4.95,4.125000000000001,50000,2454,0.04908
14373,4.125000000000001,4.95,4.5375000000000005,50000,2324,0.04648
14374,4.125000000000001,4.95,4.95,50000,2239,0.04478
14375,4.5375000000000005,-4.95,-4.95,50000,5340,0.1068
14376,4.5375000000000005,-4.95,-4.5375000000000005,50000,5523,0.11046
14377,4.5375000000000005,-4.95,-4.125,50000,5583,0.11166
14378,4.5375000000000005,-4.95,-3.7125,50000,5542,0.11084
14379,4.5375000000000005,-4.95,-3.3,50000,5611,0.11222
14380,4.5375000000000005,-4.95,-2.8875,50000,5610,0.1122
14381,4.5375000000000005,-4.95,-2.475,50000,5557,0.11114
14382,4.5375000000000005,-4.95,-2.0625,50000,5744,0.11488
14383,4.5375000000000005,-4.95,-1.65,50000,5642,0.11284
14384,4.5375000000000005,-4.95,-1.2374999999999998,50000,5717,0.11434
14385,4.5375000000000005,-4.95,-0.8250000000000002,50000,5628,0.11256
14386,4.5375000000000005,-4.95,-0.4124999999999996,50000,5794,0.11588
14387,4.5375000000000005,-4.95,0.0,50000,5792,0.11584
14388,4.5375000000000005,-4.95,0.4125000000000005,50000,5624,0.11248
14389,4.5375000000000005,-4.95,0.8250000000000002,50000,5615,0.1123
14390,4.5375000000000005,-4.95,1.2375000000000007,50000,5665,0.1133
14391,4.5375000000000005,-4.95,1.6500000000000004,50000,5645,0.1129
14392,4.5375000000000005,-4.95,2.0625,50000,5720,0.1144
14393,4.5375000000000005,-4.95,2.4750000000000005,50000,5653,0.11306
14394,4.5375000000000005,-4.95,2.8875,50000,5566,0.11132
14395,4.5375000000000005,-4.95,3.3,50000,5584,0.11168
14396,4.5375000000000005,-4.95,3.712500000000001,50000,5547,0.11094
14397,4.5375000000000005,-4.95,4.125000000000001,50000,5535,0.1107
14398,4.5375000000000005,-4.95,4.5375000000000005,50000,5461,0.10922
14399,4.5375000000000005,-4.95,4.95,50000,5388,0.10776
14400,4.5375000000000005,-4.5375000000000005,-4.95,50000,5510,0.1102
14401,4.5375000000000005,-4.5375000000000005,-4.5375000000000005,50000,5449,0.10898
14402,4.5375000000000005,-4.5375000000000005,-4.125,50000,5576,0.11152
14403,4.5375000000000005,-4.5375000000000005,-3.7125,50000,5410,0.1082
14404,4.5375000000000005,-4.5375000000000005,-3.3,50000,5609,0.11218
14405,4.5375000000000005,-4.5375000000000005,-2.8875,50000,5632,0.11264
14406,4.5375000000000005,-4.5375000000000005,-2.475,50000,5610,0.1122
14407,4.5375000000000005,-4.5375000000000005,-2.0625,50000,5584,0.11168
14408,4.5375000000000005,-4.5375000000000005,-1.65,50000,5702,0.11404
14409,4.5375000000000005,-4.5375000000000005,-1.2374999999999998,50000,5689,0.11378
14410,4.5375000000000005,-4.5375000000000005,-0.8250000000000002,50000,5656,0.11312
14411,4.5375000000000005,-4.5375000000000005,-0.4124999999999996,50000,5758,0.11516
14412,4.5375000000000005,-4.5375000000000005,0.0,50000,5748,0.11496
14413,4.5375000000000005,-4.5375000000000005,0.4125000000000005,50000,5562,0.11124
14414,4.5375000000000005,-4.5375000000000005,0.8250000000000002,50000,5760,0.1152
14415,4.5375000000000005,-4.5375000000000005,1.2375000000000007,50000,5599,0.11198
14416,4.5375000000000005,-4.5375000000000005,1.6500000000000004,50000,5707,0.11414
14417,4.5375000000000005,-4.5375000000000005,2.0625,50000,5595,0.1119
14418,4.5375000000000005,-4.5375000000000005,2.4750000000000005,50000,5664,0.11328
14419,4.5375000000000005,-4.5375000000000005,2.8875,50000,5618,0.11236
14420,4.5375000000000005,-4.5375000000000005,3.3,50000,5516,0.11032
14421,4.5375000000000005,-4.5375000000000005,3.712500000000001,50000,5502,0.11004
14422,4.5375000000000005,-4.5375000000000005,4.125000000000001,50000,5559,0.11118
14423,4.5375000000000005,-4.5375000000000005,4.5375000000000005,50000,5486,0.10972
14424,4.5375000000000005,-4.5375000000000005,4.95,50000,5428,0.10856
14425,4.5375000000000005,-4.125,-4.95,50000,5410,0.1082
14426,4.5375000000000005,-4.125,-4.5375000000000005,50000,5579,0.11158
14427,4.5375000000000005,-4.125,-4.125,50000,5431,0.10862
14428,4.5375000000000005,-4.125,-3.7125,50000,5582,0.11164
14429,4.5375000000000005,-4.125,-3.3,50000,5594,0.11188
14430,4.5375000000000005,-4.125,-2.8875,50000,5653,0.11306
14431,4.5375000000000005,-4.125,-2.475,50000,5785,0.1157
14432,4.5375000000000005,-4.125,-2.0625,50000,5592,0.11184
14433,4.5375000000000005,-4.125,-1.65,50000,5690,0.1138
14434,4.5375000000000005,-4.125,-1.2374999999999998,50000,5617,0.11234
14435,4.5375000000000005,-4.125,-0.8250000000000002,50000,5727,0.11454
14436,4.5375000000000005,-4.125,-0.4124999999999996,50000,5595,0.1119
14437,4.5375000000000005,-4.125,0.0,50000,5595,0.1119
14438,4.5375000000000005,-4.125,0.4125000000000005,50000,5653,0.11306
14439,4.5375000000000005,-4.125,0.8250000000000002,50000,5690,0.1138
14440,4.5375000000000005,-4.125,1.2375000000000007,50000,5754,0.11508
14441,4.5375000000000005,-4.125,1.6500000000000004,50000,5695,0.1139
14442,4.5375000000000005,-4.125,2.0625,50000,5617,0.11234
14443,4.5375000000000005,-4.125,2.4750000000000005,50000,5605,0.1121
14444,4.5375000000000005,-4.125,2.8875,50000,5722,0.11444
14445,4.5375000000000005,-4.125,3.3,50000,5559,0.11118
14446,4.5375000000000005,-4.125,3.712500000000001,50000,5627,0.11254
14447,4.5375000000000005,-4.125,4.125000000000001,50000,5481,0.10962
14448,4.5375000000000005,-4.125,4.5375000000000005,50000,5531,0.11062
14449,4.5375000000000005,-4.125,4.95,50000,5518,0.11036
14450,4.5375000000000005,-3.7125,-4.95,50000,5542,0.11084
14451,4.5375000000000005,-3.7125,-4.5375000000000005,50000,5440,0.1088
14452,4.5375000000000005,-3.7125,-4.125,50000,5673,0.11346
14453,4.5375000000000005,-3.7125,-3.7125,50000,5622,0.11244
14454,4.5375000000000005,-3.7125,-3.3,50000,5619,0.11238
14455,4.5375000000000005,-3.7125,-2.8875,50000,5699,0.11398
14456,4.5375000000000005,-3.7125,-2.475,50000,5708,0.11416
14457,4.5375000000000005,-3.7125,-2.0625,50000,5626,0.11252
14458,4.5375000000000005,-3.7125,-1.65,50000,5751,0.11502
14459,4.5375000000000005,-3.7125,-1.2374999999999998,50000,5596,0.11192
14460,4.5375000000000005,-3.7125,-0.8250000000000002,50000,5654,0.11308
14461,4.5375000000000005,-3.7125,-0.4124999999999996,50000,5758,0.11516
14462,4.5375000000000005,-3.7125,0.0,50000,5802,0.11604
14463,4.5375000000000005,-3.7125,0.4125000000000005,50000,5691,0.11382
14464,4.5375000000000005,-3.7125,0.8250000000000002,50000,5757,0.11514
14465,4.5375000000000005,-3.7125,1.2375000000000007,50000,5794,0.11588
14466,4.5375000000000005,-3.7125,1.6500000000000004,50000,5671,0.11342
14467,4.5375000000000005,-3.7125,2.0625,50000,5691,0.11382
14468,4.5375000000000005,-3.7125,2.4750000000000005,50000,5672,0.11344
14469,4.5375000000000005,-3.7125,2.8875,50000,5661,0.11322
14470,4.5375000000000005,-3.7125,3.3,50000,5675,0.1135
14471,4.5375000000000005,-3.7125,3.712500000000001,50000,5635,0.1127
14472,4.5375000000000005,-3.7125,4.125000000000001,50000,5498,0.10996
14473,4.5375000000000005,-3.7125,4.5375000000000005,50000,5648,0.11296
14474,4.5375000000000005,-3.7125,4.95,50000,5520,0.1104
14475,4.5375000000000005,-3.3,-4.95,50000,5686,0.11372
14476,4.5375000000000005,-3.3,-4.5375000000000005,50000,5560,0.1112
14477,4.5375000000000005,-3.3,-4.125,50000,5512,0.11024
14478,4.5375000000000005,-3.3,-3.7125,50000,5477,0.10954
14479,4.5375000000000005,-3.3,-3.3,50000,5658,0.11316
14480,4.5375000000000005,-3.3,-2.8875,50000,5645,0.1129
14481,4.5375000000000005,-3.3,-2.475,50000,5740,0.1148
14482,4.5375000000000005,-3.3,-2.0625,50000,5619,0.11238
14483,4.5375000000000005,-3.3,-1.65,50000,5716,0.11432
14484,4.5375000000000005,-3.3,-1.2374999999999998,50000,5627,0.11254
14485,4.5375000000000005,-3.3,-0.8250000000000002,50000,5740,0.1148
14486,4.5375000000000005,-3.3,-0.4124999999999996,50000,5759,0.11518
14487,4.5375000000000005,-3.3,0.0,50000,5613,0.11226
14488,4.5375000000000005,-3.3,0.4125000000000005,50000,5667,0.11334
14489,4.5375000000000005,-3.3,0.8250000000000002,50000,5666,0.11332
14490,4.5375000000000005,-3.3,1.2375000000000007,50000,5714,0.11428
14491,4.5375000000000005,-3.3,1.6500000000000004,50000,5722,0.11444
14492,4.5375000000000005,-3.3,2.0625,50000,5727,0.11454
14493,4.5375000000000005,-3.3,2.4750000000000005,50000,5671,0.11342
14494,4.5375000000000005,-3.3,2.8875,50000,5598,0.11196
14495,4.5375000000000005,-3.3,3.3,50000,5601,0.11202
14496,4.5375000000000005,-3.3,3.712500000000001,50000,5648,0.11296
14497,4.5375000000000005,-3.3,4.125000000000001,50000,5450,0.109
14498,4.5375000000000005,-3.3,4.5375000000000005,50000,5513,0.11026
14499,4.5375000000000005,-3.3,4.95,50000,5474,0.10948
14500,4.5375000000000005,-2.8875,-4.95,50000,5466,0.10932
14501,4.5375000000000005,-2.8875,-4.5375000000000005,50000,5523,0.11046
14502,4.5375000000000005,-2.8875,-4.125,50000,5611,0.11222
14503,4.5375000000000005,-2.8875,-3.7125,50000,5637,0.11274
14504,4.5375000000000005,-2.8875,-3.3,50000,5652,0.11304
14505,4.5375000000000005,-2.8875,-2.8875,50000,5663,0.11326
14506,4.5375000000000005,-2.8875,-2.475,50000,5781,0.11562
14507,4.5375000000000005,-2.8875,-2.0625,50000,5801,0.11602
14508,4.5375000000000005,-2.8875,-1.65,50000,5666,0.11332
14509,4.5375000000000005,-2.8875,-1.2374999999999998,50000,5751,0.11502
14510,4.5375000000000005,-2.8875,-0.8250000000000002,50000,5842,0.11684
14511,4.5375000000000005,-2.8875,-0.4124999999999996,50000,5813,0.11626
14512,4.5375000000000005,-2.8875,0.0,50000,5842,0.11684
14513,4.5375000000000005,-2.8875,0.4125000000000005,50000,5797,0.11594
14514,4.5375000000000005,-2.8875,0.8250000000000002,50000,5827,0.11654
14515,4.5375000000000005,-2.8875,1.2375000000000007,50000,5726,0.11452
14516,4.5375000000000005,-2.8875,1.6500000000000004,50000,5745,0.1149
14517,4.5375000000000005,-2.8875,2.0625,50000,5716,0.11432
14518,4.5375000000000005,-2.8875,2.4750000000000005,50000,5725,0.1145
14519,4.5375000000000005,-2.8875,2.8875,50000,5540,0.1108
14520,4.5375000000000005,-2.8875,3.3,50000,5664,0.11328
14521,4.5375000000000005,-2.8875,3.712500000000001,50000,5558,0.11116
14522,4.5375000000000005,-2.8875,4.125000000000001,50000,5494,0.10988
14523,4.5375000000000005,-2.8875,4.5375000000000005,50000,5525,0.1105
14524,4.5375000000000005,-2.8875,4.95,50000,5517,0.11034
14525,4.5375000000000005,-2.475,-4.95,50000,5634,0.11268
14526,4.5375000000000005,-2.475,-4.5375000000000005,50000,5446,0.10892
14527,4.5375000000000005,-2.475,-4.125,50000,5602,0.11204
14528,4.5375000000000005,-2.475,-3.7125,50000,5587,0.11174
14529,4.5375000000000005,-2.475,-3.3,50000,5575,0.1115
14530,4.5375000000000005,-2.475,-2.8875,50000,5740,0.1148
14531,4.5375000000000005,-2.475,-2.475,50000,5651,0.11302
14532,4.5375000000000005,-2.475,-2.0625,50000,5843,0.11686
14533,4.5375000000000005,-2.475,-1.65,50000,5683,0.11366
14534,4.5375000000000005,-2.475,-1.2374999999999998,50000,5903,0.11806
14535,4.5375000000000005,-2.475,-0.8250000000000002,50000,5770,0.1154
14536,4.5375000000000005,-2.475,-0.4124999999999996,50000,5757,0.11514
14537,4.5375000000000005,-2.475,0.0,50000,5850,0.117
14538,4.5375000000000005,-2.475,0.4125000000000005,50000,5698,0.11396
14539,4.5375000000000005,-2.475,0.8250000000000002,50000,5842,0.11684
14540,4.5375000000000005,-2.475,1.2375000000000007,50000,5781,0.11562
14541,4.5375000000000005,-2.475,1.6500000000000004,50000,5678,0.11356
14542,4.5375000000000005,-2.475,2.0625,50000,5814,0.11628
14543,4.5375000000000005,-2.475,2.4750000000000005,50000,5683,0.11366
14544,4.5375000000000005,-2.475,2.8875,50000,5743,0.11486
14545,4.5375000000000005,-2.475,3.3,50000,5670,0.1134
14546,4.5375000000000005,-2.475,3.712500000000001,50000,5704,0.11408
14547,4.5375000000000005,-2.475,4.125000000000001,50000,5718,0.11436
14548,4.5375000000000005,-2.475,4.5375000000000005,50000,5566,0.11132
14549,4.5375000000000005,-2.475,4.95,50000,5437,0.10874
14550,4.5375000000000005,-2.0625,-4.95,50000,5627,0.11254
14551,4.5375000000000005,-2.0625,-4.5375000000000005,50000,5646,0.11292
14552,4.5375000000000005,-2.0625,-4.125,50000,5666,0.11332
14553,4.5375000000000005,-2.0625,-3.7125,50000,5612,0.11224
14554,4.5375000000000005,-2.0625,-3.3,50000,5698,0.11396
14555,4.5375000000000005,-2.0625,-2.8875,50000,5760,0.1152
14556,4.5375000000000005,-2.0625,-2.475,50000,5774,0.11548
14557,4.5375000000000005,-2.0625,-2.0625,50000,5696,0.11392
14558,4.5375000000000005,-2.0625,-1.65,50000,5938,0.11876
14559,4.5375000000000005,-2.0625,-1.2374999999999998,50000,5847,0.11694
14560,4.5375000000000005,-2.0625,-0.8250000000000002,50000,5822,0.11644
14561,4.5375000000000005,-2.0625,-0.4124999999999996,50000,5861,0.11722
14562,4.5375000000000005,-2.0625,0.0,50000,5887,0.11774
14563,4.5375000000000005,-2.0625,0.4125000000000005,50000,5787,0.11574
14564,4.5375000000000005,-2.0625,0.8250000000000002,50000,5789,0.11578
14565,4.5375000000000005,-2.0625,1.2375000000000007,50000,5871,0.11742
14566,4.5375000000000005,-2.0625,1.6500000000000004,50000,5854,0.11708
14567,4.5375000000000005,-2.0625,2.0625,50000,5866,0.11732
14568,4.5375000000000005,-2.0625,2.4750000000000005,50000,5758,0.11516
14569,4.5375000000000005,-2.0625,2.8875,50000,5860,0.1172
14570,4.5375000000000005,-2.0625,3.3,50000,5811,0.11622
14571,4.5375000000000005,-2.0625,3.712500000000001,50000,5584,0.11168
14572,4.5375000000000005,-2.0625,4.125000000000001,50000,5577,0.11154
14573,4.5375000000000005,-2.0625,4.5375000000000005,50000,5761,0.11522
14574,4.5375000000000005,-2.0625,4.95,50000,5613,0.11226
14575,4.5375000000000005,-1.65,-4.95,50000,5712,0.11424
14576,4.5375000000000005,-1.65,-4.5375000000000005,50000,5754,0.11508
14577,4.5375000000000005,-1.65,-4.125,50000,5730,0.1146
14578,4.5375000000000005,-1.65,-3.7125,50000,5764,0.11528
14579,4.5375000000000005,-1.65,-3.3,50000,5862,0.11724
14580,4.5375000000000005,-1.65,-2.8875,50000,5837,0.11674
14581,4.5375000000000005,-1.65,-2.475,50000,5813,0.11626
14582,4.5375000000000005,-1.65,-2.0625,50000,5805,0.1161
14583,4.5375000000000005,-1.65,-1.65,50000,5766,0.11532
14584,4.5375000000000005,-1.65,-1.2374999999999998,50000,5883,0.11766
14585,4.5375000000000005,-1.65,-0.8250000000000002,50000,5956,0.11912
14586,4.5375000000000005,-1.65,-0.4124999999999996,50000,5911,0.11822
14587,4.5375000000000005,-1.65,0.0,50000,5983,0.11966
14588,4.5375000000000005,-1.65,0.4125000000000005,50000,5934,0.11868
14589,4.5375000000000005,-1.65,0.8250000000000002,50000,5890,0.1178
14590,4.5375000000000005,-1.65,1.2375000000000007,50000,5814,0.11628
14591,4.5375000000000005,-1.65,1.6500000000000004,50000,5869,0.11738
14592,4.5375000000000005,-1.65,2.0625,50000,5854,0.11708
14593,4.5375000000000005,-1.65,2.4750000000000005,50000,5795,0.1159
14594,4.5375000000000005,-1.65,2.8875,50000,5946,0.11892
14595,4.5375000000000005,-1.65,3.3,50000,5639,0.11278
14596,4.5375000000000005,-1.65,3.712500000000001,50000,5655,0.1131
14597,4.5375000000000005,-1.65,4.125000000000001,50000,5707,0.11414
14598,4.5375000000000005,-1.65,4.5375000000000005,50000,5647,0.11294
14599,4.5375000000000005,-1.65,4.95,50000,5613,0.11226
14600,4.5375000000000005,-1.2374999999999998,-4.95,50000,5688,0.11376
14601,4.5375000000000005,-1.2374999999999998,-4.5375000000000005,50000,5641,0.11282
14602,4.5375000000000005,-1.2374999999999998,-4.125,50000,5614,0.11228
14603,4.5375000000000005,-1.2374999999999998,-3.7125,50000,5692,0.11384
14604,4.5375000000000005,-1.2374999999999998,-3.3,50000,5818,0.11636
14605,4.5375000000000005,-1.2374999999999998,-2.8875,50000,5924,0.11848
14606,4.5375000000000005,-1.2374999999999998,-2.475,50000,5786,0.11572
14607,4.5375000000000005,-1.2374999999999998,-2.0625,50000,5768,0.11536
14608,4.5375000000000005,-1.2374999999999998,-1.65,50000,5735,0.1147
14609,4.5375000000000005,-1.2374999999999998,-1.2374999999999998,50000,5923,0.11846
14610,4.5375000000000005,-1.2374999999999998,-0.8250000000000002,50000,6033,0.12066
14611,4.5375000000000005,-1.2374999999999998,-0.4124999999999996,50000,6006,0.12012
14612,4.5375000000000005,-1.2374999999999998,0.0,50000,5880,0.1176
14613,4.5375000000000005,-1.2374999999999998,0.4125000000000005,50000,5978,0.11956
14614,4.5375000000000005,-1.2374999999999998,0.8250000000000002,50000,5882,0.11764
14615,4.5375000000000005,-1.2374999999999998,1.2375000000000007,50000,5920,0.1184
14616,4.5375000000000005,-1.2374999999999998,1.6500000000000004,50000,5857,0.11714
14617,4.5375000000000005,-1.2374999999999998,2.0625,50000,5834,0.11668
14618,4.5375000000000005,-1.2374999999999998,2.4750000000000005,50000,5893,0.11786
14619,4.5375000000000005,-1.2374999999999998,2.8875,50000,5804,0.11608
14620,4.5375000000000005,-1.2374999999999998,3.3,50000,5777,0.11554
14621,4.5375000000000005,-1.2374999999999998,3.712500000000001,50000,5812,0.11624
14622,4.5375000000000005,-1.2374999999999998,4.125000000000001,50000,5690,0.1138
14623,4.5375000000000005,-1.2374999999999998,4.5375000000000005,50000,5769,0.11538
14624,4.5375000000000005,-1.2374999999999998,4.95,50000,5711,0.11422
14625,4.5375000000000005,-0.8250000000000002,-4.95,50000,5712,0.11424
14626,4.5375000000000005,-0.8250000000000002,-4.5375000000000005,50000,5723,0.11446
14627,4.5375000000000005,-0.8250000000000002,-4.125,50000,5709,0.11418
14628,4.5375000000000005,-0.8250000000000002,-3.7125,50000,5689,0.11378
14629,4.5375000000000005,-0.8250000000000002,-3.3,50000,5723,0.11446
14630,4.5375000000000005,-0.8250000000000002,-2.8875,50000,5880,0.1176
14631,4.5375000000000005,-0.8250000000000002,-2.475,50000,5830,0.1166
14632,4.5375000000000005,-0.8250000000000002,-2.0625,50000,5967,0.11934
14633,4.5375000000000005,-0.8250000000000002,-1.65,50000,6070,0.1214
14634,4.5375000000000005,-0.8250000000000002,-1.2374999999999998,50000,5930,0.1186
14635,4.5375000000000005,-0.8250000000000002,-0.8250000000000002,50000,5937,0.11874
14636,4.5375000000000005,-0.8250000000000002,-0.4124999999999996,50000,6025,0.1205
14637,4.5375000000000005,-0.8250000000000002,0.0,50000,5921,0.11842
14638,4.5375000000000005,-0.8250000000000002,0.4125000000000005,50000,6023,0.12046
14639,4.5375000000000005,-0.8250000000000002,0.8250000000000002,50000,6054,0.12108
14640,4.5375000000000005,-0.8250000000000002,1.2375000000000007,50000,5936,0.11872
14641,4.5375000000000005,-0.8250000000000002,1.6500000000000004,50000,5919,0.11838
14642,4.5375000000000005,-0.8250000000000002,2.0625,50000,5929,0.11858
14643,4.5375000000000005,-0.8250000000000002,2.4750000000000005,50000,5848,0.11696
14644,4.5375000000000005,-0.8250000000000002,2.8875,50000,5809,0.11618
14645,4.5375000000000005,-0.8250000000000002,3.3,50000,5790,0.1158
14646,4.5375000000000005,-0.8250000000000002,3.712500000000001,50000,5792,0.11584
14647,4.5375000000000005,-0.8250000000000002,4.125000000000001,50000,5768,0.11536
14648,4.5375000000000005,-0.8250000000000002,4.5375000000000005,50000,5725,0.1145
14649,4.5375000000000005,-0.8250000000000002,4.95,50000,5826,0.11652
14650,4.5375000000000005,-0.4124999999999996,-4.95,50000,5735,0.1147
14651,4.5375000000000005,-0.4124999999999996,-4.5375000000000005,50000,5619,0.11238
14652,4.5375000000000005,-0.4124999999999996,-4.125,50000,5804,0.11608
14653,4.5375000000000005,-0.4124999999999996,-3.7125,50000,5758,0.11516
14654,4.5375000000000005,-0.4124999999999996,-3.3,50000,5911,0.11822
14655,4.5375000000000005,-0.4124999999999996,-2.8875,50000,5906,0.11812
14656,4.5375000000000005,-0.4124999999999996,-2.475,50000,5956,0.11912
14657,4.5375000000000005,-0.4124999999999996,-2.0625,50000,6151,0.12302
14658,4.5375000000000005,-0.4124999999999996,-1.65,50000,6101,0.12202
14659,4.5375000000000005,-0.4124999999999996,-1.2374999999999998,50000,6022,0.12044
14660,4.5375000000000005,-0.4124999999999996,-0.8250000000000002,50000,6055,0.1211
14661,4.5375000000000005,-0.4124999999999996,-0.4124999999999996,50000,5961,0.11922
14662,4.5375000000000005,-0.4124999999999996,0.0,50000,6070,0.1214
14663,4.5375000000000005,-0.4124999999999996,0.4125000000000005,50000,6016,0.12032
14664,4.5375000000000005,-0.4124999999999996,0.8250000000000002,50000,6023,0.12046
14665,4.5375000000000005,-0.4124999999999996,1.2375000000000007,50000,5884,0.11768
14666,4.5375000000000005,-0.4124999999999996,1.6500000000000004,50000,6048,0.12096
14667,4.5375000000000005,-0.4124999999999996,2.0625,50000,5876,0.11752
14668,4.5375000000000005,-0.4124999999999996,2.4750000000000005,50000,6010,0.1202
14669,4.5375000000000005,-0.4124999999999996,2.8875,50000,5978,0.11956
14670,4.5375000000000005,-0.4124999999999996,3.3,50000,5834,0.11668
14671,4.5375000000000005,-0.4124999999999996,3.712500000000001,50000,5810,0.1162
14672,4.5375000000000005,-0.4124999999999996,4.125000000000001,50000,5838,0.11676
14673,4.5375000000000005,-0.4124999999999996,4.5375000000000005,50000,5784,0.11568
14674,4.5375000000000005,-0.4124999999999996,4.95,50000,5669,0.11338
14675,4.5375000000000005,0.0,-4.95,50000,5596,0.11192
14676,4.5375000000000005,0.0,-4.5375000000000005,50000,5641,0.11282
14677,4.5375000000000005,0.0,-4.125,50000,5788,0.11576
14678,4.5375000000000005,0.0,-3.7125,50000,5768,0.11536
14679,4.5375000000000005,0.0,-3.3,50000,5936,0.11872
14680,4.5375000000000005,0.0,-2.8875,50000,5954,0.11908
14681,4.5375000000000005,0.0,-2.475,50000,6019,0.12038
14682,4.5375000000000005,0.0,-2.0625,50000,6155,0.1231
14683,4.5375000000000005,0.0,-1.65,50000,6107,0.12214
14684,4.5375000000000005,0.0,-1.2374999999999998,50000,6168,0.12336
14685,4.5375000000000005,0.0,-0.8250000000000002,50000,6238,0.12476
14686,4.5375000000000005,0.0,-0.4124999999999996,50000,6107,0.12214
14687,4.5375000000000005,0.0,0.0,50000,6047,0.12094
14688,4.5375000000000005,0.0,0.4125000000000005,50000,6017,0.12034
14689,4.5375000000000005,0.0,0.8250000000000002,50000,6033,0.12066
14690,4.5375000000000005,0.0,1.2375000000000007,50000,6086,0.12172
14691,4.5375000000000005,0.0,1.6500000000000004,50000,6011,0.12022
14692,4.5375000000000005,0.0,2.0625,50000,6066,0.12132
14693,4.5375000000000005,0.0,2.4750000000000005,50000,5962,0.11924
14694,4.5375000000000005,0.0,2.8875,50000,6094,0.12188
14695,4.5375000000000005,0.0,3.3,50000,5793,0.11586
14696,4.5375000000000005,0.0,3.712500000000001,50000,5740,0.1148
14697,4.5375000000000005,0.0,4.125000000000001,50000,5858,0.11716
14698,4.5375000000000005,0.0,4.5375000000000005,50000,5686,0.11372
14699,4.5375000000000005,0.0,4.95,50000,5582,0.11164
14700,4.5375000000000005,0.4125000000000005,-4.95,50000,5631,0.11262
14701,4.5375000000000005,0.4125000000000005,-4.5375000000000005,50000,5746,0.11492
14702,4.5375000000000005,0.4125000000000005,-4.125,50000,5754,0.11508
14703,4.5375000000000005,0.4125000000000005,-3.7125,50000,5749,0.11498
14704,4.5375000000000005,0.4125000000000005,-3.3,50000,5802,0.11604
14705,4.5375000000000005,0.4125000000000005,-2.8875,50000,6056,0.12112
14706,4.5375000000000005,0.4125000000000005,-2.475,50000,5928,0.11856
14707,4.5375000000000005,0.4125000000000005,-2.0625,50000,5990,0.1198
14708,4.5375000000000005,0.4125000000000005,-1.65,50000,6048,0.12096
14709,4.5375000000000005,0.4125000000000005,-1.2374999999999998,50000,6186,0.12372
14710,4.5375000000000005,0.4125000000000005,-0.8250000000000002,50000,6152,0.12304
14711,4.5375000000000005,0.4125000000000005,-0.4124999999999996,50000,6221,0.12442
14712,4.5375000000000005,0.4125000000000005,0.0,50000,6190,0.1238
14713,4.5375000000000005,0.4125000000000005,0.4125000000000005,50000,6222,0.12444
14714,4.5375000000000005,0.4125000000000005,0.8250000000000002,50000,6139,0.12278
14715,4.5375000000000005,0.4125000000000005,1.2375000000000007,50000,6036,0.12072
14716,4.5375000000000005,0.4125000000000005,1.6500000000000004,50000,6088,0.12176
14717,4.5375000000000005,0.4125000000000005,2.0625,50000,5987,0.11974
14718,4.5375000000000005,0.4125000000000005,2.4750000000000005,50000,5895,0.1179
14719,4.5375000000000005,0.4125000000000005,2.8875,50000,5899,0.11798
14720,4.5375000000000005,0.4125000000000005,3.3,50000,5918,0.11836
14721,4.5375000000000005,0.4125000000000005,3.712500000000001,50000,5814,0.11628
14722,4.5375000000000005,0.4125000000000005,4.125000000000001,50000,5861,0.11722
14723,4.5375000000000005,0.4125000000000005,4.5375000000000005,50000,5843,0.11686
14724,4.5375000000000005,0.4125000000000005,4.95,50000,5727,0.11454
14725,4.5375000000000005,0.8250000000000002,-4.95,50000,5738,0.11476
14726,4.5375000000000005,0.8250000000000002,-4.5375000000000005,50000,5822,0.11644
14727,4.5375000000000005,0.8250000000000002,-4.125,50000,5693,0.11386
14728,4.5375000000000005,0.8250000000000002,-3.7125,50000,5674,0.11348
14729,4.5375000000000005,0.8250000000000002,-3.3,50000,5947,0.11894
14730,4.5375000000000005,0.8250000000000002,-2.8875,50000,6050,0.121
14731,4.5375000000000005,0.8250000000000002,-2.475,50000,5955,0.1191
14732,4.5375000000000005,0.8250000000000002,-2.0625,50000,6045,0.1209
14733,4.5375000000000005,0.8250000000000002,-1.65,50000,6144,0.12288
14734,4.5375000000000005,0.8250000000000002,-1.2374999999999998,50000,6211,0.12422
14735,4.5375000000000005,0.8250000000000002,-0.8250000000000002,50000,6219,0.12438
14736,4.5375000000000005,0.8250000000000002,-0.4124999999999996,50000,6157,0.12314
14737,4.5375000000000005,0.8250000000000002,0.0,50000,6240,0.1248
14738,4.5375000000000005,0.8250000000000002,0.4125000000000005,50000,6225,0.1245
14739,4.5375000000000005,0.8250000000000002,0.8250000000000002,50000,6222,0.12444
14740,4.5375000000000005,0.8250000000000002,1.2375000000000007,50000,6213,0.12426
14741,4.5375000000000005,0.8250000000000002,1.6500000000000004,50000,6090,0.1218
14742,4.5375000000000005,0.8250000000000002,2.0625,50000,6056,0.12112
14743,4.5375000000000005,0.8250000000000002,2.4750000000000005,50000,5990,0.1198
14744,4.5375000000000005,0.8250000000000002,2.8875,50000,5884,0.11768
14745,4.5375000000000005,0.8250000000000002,3.3,50000,5784,0.11568
14746,4.5375000000000005,0.8250000000000002,3.712500000000001,50000,5749,0.11498
14747,4.5375000000000005,0.8250000000000002,4.125000000000001,50000,5828,0.11656
14748,4.5375000000000005,0.8250000000000002,4.5375000000000005,50000,5814,0.11628
14749,4.5375000000000005,0.8250000000000002,4.95,50000,5682,0.11364
14750,4.5375000000000005,1.2375000000000007,-4.95,50000,5562,0.11124
14751,4.5375000000000005,1.2375000000000007,-4.5375000000000005,50000,5876,0.11752
14752,4.5375000000000005,1.2375000000000007,-4.125,50000,5652,0.11304
14753,4.5375000000000005,1.2375000000000007,-3.7125,50000,5886,0.11772
14754,4.5375000000000005,1.2375000000000007,-3.3,50000,6001,0.12002
14755,4.5375000000000005,1.2375000000000007,-2.8875,50000,5986,0.11972
14756,4.5375000000000005,1.2375000000000007,-2.475,50000,6051,0.12102
14757,4.5375000000000005,1.2375000000000007,-2.0625,50000,6174,0.12348
14758,4.5375000000000005,1.2375000000000007,-1.65,50000,6193,0.12386
14759,4.5375000000000005,1.2375000000000007,-1.2374999999999998,50000,6180,0.1236
14760,4.5375000000000005,1.2375000000000007,-0.8250000000000002,50000,6238,0.12476
14761,4.5375000000000005,1.2375000000000007,-0.4124999999999996,50000,6292,0.12584
14762,4.5375000000000005,1.2375000000000007,0.0,50000,6228,0.12456
14763,4.5375000000000005,1.2375000000000007,0.4125000000000005,50000,6179,0.12358
14764,4.5375000000000005,1.2375000000000007,0.8250000000000002,50000,6379,0.12758
14765,4.5375000000000005,1.2375000000000007,1.2375000000000007,50000,6188,0.12376
14766,4.5375000000000005,1.2375000000000007,1.6500000000000004,50000,6228,0.12456
14767,4.5375000000000005,1.2375000000000007,2.0625,50000,6161,0.12322
14768,4.5375000000000005,1.2375000000000007,2.4750000000000005,50000,6001,0.12002
14769,4.5375000000000005,1.2375000000000007,2.8875,50000,5974,0.11948
14770,4.5375000000000005,1.2375000000000007,3.3,50000,5853,0.11706
14771,4.5375000000000005,1.2375000000000007,3.712500000000001,50000,5840,0.1168
14772,4.5375000000000005,1.2375000000000007,4.125000000000001,50000,5676,0.11352
14773,4.5375000000000005,1.2375000000000007,4.5375000000000005,50000,5688,0.11376
14774,4.5375000000000005,1.2375000000000007,4.95,50000,5764,0.11528
14775,4.5375000000000005,1.6500000000000004,-4.95,50000,5583,0.11166
14776,4.5375000000000005,1.6500000000000004,-4.5375000000000005,50000,5650,0.113
14777,4.5375000000000005,1.6500000000000004,-4.125,50000,5598,0.11196
14778,4.5375000000000005,1.6500000000000004,-3.7125,50000,5657,0.11314
14779,4.5375000000000005,1.6500000000000004,-3.3,50000,5732,0.11464
14780,4.5375000000000005,1.6500000000000004,-2.8875,50000,5822,0.11644
14781,4.5375000000000005,1.6500000000000004,-2.475,50000,6118,0.12236
14782,4.5375000000000005,1.6500000000000004,-2.0625,50000,6053,0.12106
14783,4.5375000000000005,1.6500000000000004,-1.65,50000,6096,0.12192
14784,4.5375000000000005,1.6500000000000004,-1.2374999999999998,50000,6247,0.12494
14785,4.5375000000000005,1.6500000000000004,-0.8250000000000002,50000,6354,0.12708
14786,4.5375000000000005,1.6500000000000004,-0.4124999999999996,50000,6207,0.12414
14787,4.5375000000000005,1.6500000000000004,0.0,50000,6306,0.12612
14788,4.5375000000000005,1.6500000000000004,0.4125000000000005,50000,6359,0.12718
14789,4.5375000000000005,1.6500000000000004,0.8250000000000002,50000,6357,0.12714
14790,4.5375000000000005,1.6500000000000004,1.2375000000000007,50000,6255,0.1251
14791,4.5375000000000005,1.6500000000000004,1.6500000000000004,50000,6137,0.12274
14792,4.5375000000000005,1.6500000000000004,2.0625,50000,6206,0.12412
14793,4.5375000000000005,1.6500000000000004,2.4750000000000005,50000,5984,0.11968
14794,4.5375000000000005,1.6500000000000004,2.8875,50000,5794,0.11588
14795,4.5375000000000005,1.6500000000000004,3.3,50000,5794,0.11588
14796,4.5375000000000005,1.6500000000000004,3.712500000000001,50000,5707,0.11414
14797,4.5375000000000005,1.6500000000000004,4.125000000000001,50000,5565,0.1113
14798,4.5375000000000005,1.6500000000000004,4.5375000000000005,50000,5703,0.11406
14799,4.5375000000000005,1.6500000000000004,4.95,50000,5607,0.11214
14800,4.5375000000000005,2.0625,-4.95,50000,5510,0.1102
14801,4.5375000000000005,2.0625,-4.5375000000000005,50000,5408,0.10816
14802,4.5375000000000005,2.0625,-4.125,50000,5648,0.11296
14803,4.5375000000000005,2.0625,-3.7125,50000,5559,0.11118
14804,4.5375000000000005,2.0625,-3.3,50000,5751,0.11502
14805,4.5375000000000005,2.0625,-2.8875,50000,5939,0.11878
14806,4.5375000000000005,2.0625,-2.475,50000,6030,0.1206
14807,4.5375000000000005,2.0625,-2.0625,50000,5974,0.11948
14808,4.5375000000000005,2.0625,-1.65,50000,6209,0.12418
14809,4.5375000000000005,2.0625,-1.2374999999999998,50000,6227,0.12454
14810,4.5375000000000005,2.0625,-0.8250000000000002,50000,6268,0.12536
14811,4.5375000000000005,2.0625,-0.4124999999999996,50000,6331,0.12662
14812,4.5375000000000005,2.0625,0.0,50000,6292,0.12584
14813,4.5375000000000005,2.0625,0.4125000000000005,50000,6461,0.12922
14814,4.5375000000000005,2.0625,0.8250000000000002,50000,6248,0.12496
14815,4.5375000000000005,2.0625,1.2375000000000007,50000,6179,0.12358
14816,4.5375000000000005,2.0625,1.6500000000000004,50000,6031,0.12062
14817,4.5375000000000005,2.0625,2.0625,50000,5988,0.11976
14818,4.5375000000000005,2.0625,2.4750000000000005,50000,5796,0.11592
14819,4.5375000000000005,2.0625,2.8875,50000,5767,0.11534
14820,4.5375000000000005,2.0625,3.3,50000,5625,0.1125
14821,4.5375000000000005,2.0625,3.712500000000001,50000,5664,0.11328
14822,4.5375000000000005,2.0625,4.125000000000001,50000,5575,0.1115
14823,4.5375000000000005,2.0625,4.5375000000000005,50000,5474,0.10948
14824,4.5375000000000005,2.0625,4.95,50000,5423,0.10846
14825,4.5375000000000005,2.4750000000000005,-4.95,50000,5293,0.10586
14826,4.5375000000000005,2.4750000000000005,-4.5375000000000005,50000,5276,0.10552
14827,4.5375000000000005,2.4750000000000005,-4.125,50000,5419,0.10838
14828,4.5375000000000005,2.4750000000000005,-3.7125,50000,5597,0.11194
14829,4.5375000000000005,2.4750000000000005,-3.3,50000,5587,0.11174
14830,4.5375000000000005,2.4750000000000005,-2.8875,50000,5591,0.11182
14831,4.5375000000000005,2.4750000000000005,-2.475,50000,5805,0.1161
14832,4.5375000000000005,2.4750000000000005,-2.0625,50000,5886,0.11772
14833,4.5375000000000005,2.4750000000000005,-1.65,50000,6097,0.12194
14834,4.5375000000000005,2.4750000000000005,-1.2374999999999998,50000,6109,0.12218
14835,4.5375000000000005,2.4750000000000005,-0.8250000000000002,50000,6236,0.12472
14836,4.5375000000000005,2.4750000000000005,-0.4124999999999996,50000,6134,0.12268
14837,4.5375000000000005,2.4750000000000005,0.0,50000,6277,0.12554
14838,4.5375000000000005,2.4750000000000005,0.4125000000000005,50000,6242,0.12484
14839,4.5375000000000005,2.4750000000000005,0.8250000000000002,50000,6400,0.128
14840,4.5375000000000005,2.4750000000000005,1.2375000000000007,50000,6240,0.1248
14841,4.5375000000000005,2.4750000000000005,1.6500000000000004,50000,6135,0.1227
14842,4.5375000000000005,2.4750000000000005,2.0625,50000,5966,0.11932
14843,4.5375000000000005,2.4750000000000005,2.4750000000000005,50000,5595,0.1119
14844,4.5375000000000005,2.4750000000000005,2.8875,50000,5737,0.11474
14845,4.5375000000000005,2.4750000000000005,3.3,50000,5508,0.11016
14846,4.5375000000000005,2.4750000000000005,3.712500000000001,50000,5513,0.11026
14847,4.5375000000000005,2.4750000000000005,4.125000000000001,50000,5417,0.10834
14848,4.5375000000000005,2.4750000000000005,4.5375000000000005,50000,5307,0.10614
14849,4.5375000000000005,2.4750000000000005,4.95,50000,5301,0.10602
14850,4.5375000000000005,2.8875,-4.95,50000,5097,0.10194
14851,4.5375000000000005,2.8875,-4.5375000000000005,50000,5021,0.10042
14852,4.5375000000000005,2.8875,-4.125,50000,5009,0.10018
14853,4.5375000000000005,2.8875,-3.7125,50000,5264,0.10528
14854,4.5375000000000005,2.8875,-3.3,50000,5305,0.1061
14855,4.5375000000000005,2.8875,-2.8875,50000,5383,0.10766
14856,4.5375000000000005,2.8875,-2.475,50000,5721,0.11442
14857,4.5375000000000005,2.8875,-2.0625,50000,5790,0.1158
14858,4.5375000000000005,2.8875,-1.65,50000,5825,0.1165
14859,4.5375000000000005,2.8875,-1.2374999999999998,50000,6055,0.1211
14860,4.5375000000000005,2.8875,-0.8250000000000002,50000,6074,0.12148
14861,4.5375000000000005,2.8875,-0.4124999999999996,50000,6179,0.12358
14862,4.5375000000000005,2.8875,0.0,50000,6116,0.12232
14863,4.5375000000000005,2.8875,0.4125000000000005,50000,5866,0.11732
14864,4.5375000000000005,2.8875,0.8250000000000002,50000,5964,0.11928
14865,4.5375000000000005,2.8875,1.2375000000000007,50000,6050,0.121
14866,4.5375000000000005,2.8875,1.6500000000000004,50000,6005,0.1201
14867,4.5375000000000005,2.8875,2.0625,50000,5685,0.1137
14868,4.5375000000000005,2.8875,2.4750000000000005,50000,5525,0.1105
14869,4.5375000000000005,2.8875,2.8875,50000,5445,0.1089
14870,4.5375000000000005,2.8875,3.3,50000,5236,0.10472
14871,4.5375000000000005,2.8875,3.712500000000001,50000,5312,0.10624
14872,4.5375000000000005,2.8875,4.125000000000001,50000,5114,0.10228
14873,4.5375000000000005,2.8875,4.5375000000000005,50000,4992,0.09984
14874,4.5375000000000005,2.8875,4.95,50000,5055,0.1011
14875,4.5375000000000005,3.3,-4.95,50000,4666,0.09332
14876,4.5375000000000005,3.3,-4.5375000000000005,50000,4816,0.09632
14877,4.5375000000000005,3.3,-4.125,50000,4701,0.09402
14878,4.5375000000000005,3.3,-3.7125,50000,4816,0.09632
14879,4.5375000000000005,3.3,-3.3,50000,4947,0.09894
14880,4.5375000000000005,3.3,-2.8875,50000,5184,0.10368
14881,4.5375000000000005,3.3,-2.475,50000,5354,0.10708
14882,4.5375000000000005,3.3,-2.0625,50000,5474,0.10948
14883,4.5375000000000005,3.3,-1.65,50000,5565,0.1113
14884,4.5375000000000005,3.3,-1.2374999999999998,50000,5778,0.11556
14885,4.5375000000000005,3.3,-0.8250000000000002,50000,5758,0.11516
14886,4.5375000000000005,3.3,-0.4124999999999996,50000,5754,0.11508
14887,4.5375000000000005,3.3,0.0,50000,5809,0.11618
14888,4.5375000000000005,3.3,0.4125000000000005,50000,5826,0.11652
14889,4.5375000000000005,3.3,0.8250000000000002,50000,5782,0.11564
14890,4.5375000000000005,3.3,1.2375000000000007,50000,5769,0.11538
14891,4.5375000000000005,3.3,1.6500000000000004,50000,5559,0.11118
14892,4.5375000000000005,3.3,2.0625,50000,5571,0.11142
14893,4.5375000000000005,3.3,2.4750000000000005,50000,5313,0.10626
14894,4.5375000000000005,3.3,2.8875,50000,5114,0.10228
14895,4.5375000000000005,3.3,3.3,50000,5031,0.10062
14896,4.5375000000000005,3.3,3.712500000000001,50000,4987,0.09974
14897,4.5375000000000005,3.3,4.125000000000001,50000,4724,0.09448
14898,4.5375000000000005,3.3,4.5375000000000005,50000,4814,0.09628
14899,4.5375000000000005,3.3,4.95,50000,4823,0.09646
14900,4.5375000000000005,3.712500000000001,-4.95,50000,4228,0.08456
14901,4.5375000000000005,3.712500000000001,-4.5375000000000005,50000,4274,0.08548
14902,4.5375000000000005,3.712500000000001,-4.125,50000,4302,0.08604
14903,4.5375000000000005,3.712500000000001,-3.7125,50000,4541,0.09082
14904,4.5375000000000005,3.712500000000001,-3.3,50000,4581,0.09162
14905,4.5375000000000005,3.712500000000001,-2.8875,50000,4728,0.09456
14906,4.5375000000000005,3.712500000000001,-2.475,50000,4886,0.09772
14907,4.5375000000000005,3.712500000000001,-2.0625,50000,5102,0.10204
14908,4.5375000000000005,3.712500000000001,-1.65,50000,5101,0.10202
14909,4.5375000000000005,3.712500000000001,-1.2374999999999998,50000,5352,0.10704
14910,4.5375000000000005,3.712500000000001,-0.8250000000000002,50000,5386,0.10772
14911,4.5375000000000005,3.712500000000001,-0.4124999999999996,50000,5473,0.10946
14912,4.5375000000000005,3.712500000000001,0.0,50000,5534,0.11068
14913,4.5375000000000005,3.712500000000001,0.4125000000000005,50000,5284,0.10568
14914,4.5375000000000005,3.712500000000001,0.8250000000000002,50000,5380,0.1076
14915,4.5375000000000005,3.712500000000001,1.2375000000000007,50000,5180,0.1036
14916,4.5375000000000005,3.712500000000001,1.6500000000000004,50000,5273,0.10546
14917,4.5375000000000005,3.712500000000001,2.0625,50000,4950,0.099
14918,4.5375000000000005,3.712500000000001,2.4750000000000005,50000,4868,0.09736
14919,4.5375000000000005,3.712500000000001,2.8875,50000,4801,0.09602
14920,4.5375000000000005,3.712500000000001,3.3,50000,4583,0.09166
14921,4.5375000000000005,3.712500000000001,3.712500000000001,50000,4438,0.08876
14922,4.5375000000000005,3.712500000000001,4.125000000000001,50000,4401,0.08802
14923,4.5375000000000005,3.712500000000001,4.5375000000000005,50000,4285,0.0857
14924,4.5375000000000005,3.712500000000001,4.95,50000,4430,0.0886
14925,4.5375000000000005,4.125000000000001,-4.95,50000,3656,0.07312
14926,4.5375000000000005,4.125000000000001,-4.5375000000000005,50000,3668,0.07336
14927,4.5375000000000005,4.125000000000001,-4.125,50000,3758,0.07516
14928,4.5375000000000005,4.125000000000001,-3.7125,50000,3852,0.07704
14929,4.5375000000000005,4.125000000000001,-3.3,50000,4088,0.08176
14930,4.5375000000000005,4.125000000000001,-2.8875,50000,4163,0.08326
14931,4.5375000000000005,4.125000000000001,-2.475,50000,4272,0.08544
14932,4.5375000000000005,4.125000000000001,-2.0625,50000,4456,0.08912
14933,4.5375000000000005,4.125000000000001,-1.65,50000,4566,0.09132
14934,4.5375000000000005,4.125000000000001,-1.2374999999999998,50000,4612,0.09224
14935,4.5375000000000005,4.125000000000001,-0.8250000000000002,50000,4714,0.09428
14936,4.5375000000000005,4.125000000000001,-0.4124999999999996,50000,4741,0.09482
14937,4.5375000000000005,4.125000000000001,0.0,50000,4605,0.0921
14938,4.5375000000000005,4.125000000000001,0.4125000000000005,50000,4830,0.0966
14939,4.5375000000000005,4.125000000000001,0.8250000000000002,50000,4682,0.09364
14940,4.5375000000000005,4.125000000000001,1.2375000000000007,50000,4788,0.09576
14941,4.5375000000000005,4.125000000000001,1.6500000000000004,50000,4496,0.08992
14942,4.5375000000000005,4.125000000000001,2.0625,50000,4534,0.09068
14943,4.5375000000000005,4.125000000000001,2.4750000000000005,50000,4314,0.08628
14944,4.5375000000000005,4.125000000000001,2.8875,50000,4284,0.08568
14945,4.5375000000000005,4.125000000000001,3.3,50000,4089,0.08178
14946,4.5375000000000005,4.125000000000001,3.712500000000001,50000,4047,0.08094
14947,4.5375000000000005,4.125000000000001,4.125000000000001,50000,3648,0.07296
14948,4.5375000000000005,4.125000000000001,4.5375000000000005,50000,3826,0.07652
14949,4.5375000000000005,4.125000000000001,4.95,50000,3703,0.07406
14950,4.5375000000000005,4.5375000000000005,-4.95,50000,3193,0.06386
14951,4.5375000000000005,4.5375000000000005,-4.5375000000000005,50000,3055,0.0611
14952,4.5375000000000005,4.5375000000000005,-4.125,50000,3139,0.06278
14953,4.5375000000000005,4.5375000000000005,-3.7125,50000,3289,0.06578
14954,4.5375000000000005,4.5375000000000005,-3.3,50000,3313,0.06626
14955,4.5375000000000005,4.5375000000000005,-2.8875,50000,3386,0.06772
14956,4.5375000000000005,4.5375000000000005,-2.475,50000,3566,0.07132
14957,4.5375000000000005,4.5375000000000005,-2.0625,50000,3658,0.07316
14958,4.5375000000000005,4.5375000000000005,-1.65,50000,3887,0.07774
14959,4.5375000000000005,4.5375000000000005,-1.2374999999999998,50000,3740,0.0748
14960,4.5375000000000005,4.5375000000000005,-0.8250000000000002,50000,3855,0.0771
14961,4.5375000000000005,4.5375000000000005,-0.4124999999999996,50000,3918,0.07836
14962,4.5375000000000005,4.5375000000000005,0.0,50000,3819,0.07638
14963,4.5375000000000005,4.5375000000000005,0.4125000000000005,50000,3844,0.07688
14964,4.5375000000000005,4.5375000000000005,0.8250000000000002,50000,3780,0.0756
14965,4.5375000000000005,4.5375000000000005,1.2375000000000007,50000,3789,0.07578
14966,4.5375000000000005,4.5375000000000005,1.6500000000000004,50000,3791,0.07582
14967,4.5375000000000005,4.5375000000000005,2.0625,50000,3624,0.07248
14968,4.5375000000000005,4.5375000000000005,2.4750000000000005,50000,3513,0.07026
14969,4.5375000000000005,4.5375000000000005,2.8875,50000,3394,0.06788
14970,4.5375000000000005,4.5375000000000005,3.3,50000,3292,0.06584
14971,4.5375000000000005,4.5375000000000005,3.712500000000001,50000,3101,0.06202
14972,4.5375000000000005,4.5375000000000005,4.125000000000001,50000,3140,0.0628
14973,4.5375000000000005,4.5375000000000005,4.5375000000000005,50000,3051,0.06102
14974,4.5375000000000005,4.5375000000000005,4.95,50000,3167,0.06334
14975,4.5375000000000005,4.95,-4.95,50000,2122,0.04244
14976,4.5375000000000005,4.95,-4.5375000000000005,50000,2165,0.0433
14977,4.5375000000000005,4.95,-4.125,50000,2311,0.04622
14978,4.5375000000000005,4.95,-3.7125,50000,2386,0.04772
14979,4.5375000000000005,4.95,-3.3,50000,2389,0.04778
14980,4.5375000000000005,4.95,-2.8875,50000,2466,0.04932
14981,4.5375000000000005,4.95,-2.475,50000,2585,0.0517
14982,4.5375000000000005,4.95,-2.0625,50000,2565,0.0513
14983,4.5375000000000005,4.95,-1.65,50000,2546,0.05092
14984,4.5375000000000005,4.95,-1.2374999999999998,50000,2611,0.05222
14985,4.5375000000000005,4.95,-0.8250000000000002,50000,2712,0.05424
14986,4.5375000000000005,4.95,-0.4124999999999996,50000,2642,0.05284
14987,4.5375000000000005,4.95,0.0,50000,2621,0.05242
14988,4.5375000000000005,4.95,0.4125000000000005,50000,2654,0.05308
14989,4.5375000000000005,4.95,0.8250000000000002,50000,2635,0.0527
14990,4.5375000000000005,4.95,1.2375000000000007,50000,2696,0.05392
14991,4.5375000000000005,4.95,1.6500000000000004,50000,2565,0.0513
14992,4.5375000000000005,4.95,2.0625,50000,2625,0.0525
14993,4.5375000000000005,4.95,2.4750000000000005,50000,2490,0.0498
14994,4.5375000000000005,4.95,2.8875,50000,2540,0.0508
14995,4.5375000000000005,4.95,3.3,50000,2464,0.04928
14996,4.5375000000000005,4.95,3.712500000000001,50000,2362,0.04724
14997,4.5375000000000005,4.95,4.125000000000001,50000,2291,0.04582
14998,4.5375000000000005,4.95,4.5375000000000005,50000,2223,0.04446
14999,4.5375000000000005,4.95,4.95,50000,2193,0.04386
15000,4.95,-4.95,-4.95,50000,5330,0.1066
15001,4.95,-4.95,-4.5375000000000005,50000,5394,0.10788
15002,4.95,-4.95,-4.125,50000,5469,0.10938
15003,4.95,-4.95,-3.7125,50000,5451,0.10902
15004,4.95,-4.95,-3.3,50000,5544,0.11088
15005,4.95,-4.95,-2.8875,50000,5619,0.11238
15006,4.95,-4.95,-2.475,50000,5556,0.11112
15007,4.95,-4.95,-2.0625,50000,5659,0.11318
15008,4.95,-4.95,-1.65,50000,5530,0.1106
15009,4.95,-4.95,-1.2374999999999998,50000,5662,0.11324
15010,4.95,-4.95,-0.8250000000000002,50000,5726,0.11452
15011,4.95,-4.95,-0.4124999999999996,50000,5661,0.11322
15012,4.95,-4.95,0.0,50000,5722,0.11444
15013,4.95,-4.95,0.4125000000000005,50000,5621,0.11242
15014,4.95,-4.95,0.8250000000000002,50000,5663,0.11326
15015,4.95,-4.95,1.2375000000000007,50000,5491,0.10982
15016,4.95,-4.95,1.6500000000000004,50000,5651,0.11302
15017,4.95,-4.95,2.0625,50000,5740,0.1148
15018,4.95,-4.95,2.4750000000000005,50000,5624,0.11248
15019,4.95,-4.95,2.8875,50000,5565,0.1113
15020,4.95,-4.95,3.3,50000,5554,0.11108
15021,4.95,-4.95,3.712500000000001,50000,5496,0.10992
15022,4.95,-4.95,4.125000000000001,50000,5361,0.10722
15023,4.95,-4.95,4.5375000000000005,50000,5434,0.10868
15024,4.95,-4.95,4.95,50000,5382,0.10764
15025,4.95,-4.5375000000000005,-4.95,50000,5479,0.10958
15026,4.95,-4.5375000000000005,-4.5375000000000005,50000,5448,0.10896
15027,4.95,-4.5375000000000005,-4.125,50000,5510,0.1102
15028,4.95,-4.5375000000000005,-3.7125,50000,5644,0.11288
15029,4.95,-4.5375000000000005,-3.3,50000,5627,0.11254
15030,4.95,-4.5375000000000005,-2.8875,50000,5587,0.11174
15031,4.95,-4.5375000000000005,-2.475,50000,5534,0.11068
15032,4.95,-4.5375000000000005,-2.0625,50000,5607,0.11214
15033,4.95,-4.5375000000000005,-1.65,50000,5741,0.11482
15034,4.95,-4.5375000000000005,-1.2374999999999998,50000,5660,0.1132
15035,4.95,-4.5375000000000005,-0.8250000000000002,50000,5596,0.11192
15036,4.95,-4.5375000000000005,-0.4124999999999996,50000,5629,0.11258
15037,4.95,-4.5375000000000005,0.0,50000,5811,0.11622
15038,4.95,-4.5375000000000005,0.4125000000000005,50000,5566,0.11132
15039,4.95,-4.5375000000000005,0.8250000000000002,50000,5656,0.11312
15040,4.95,-4.5375000000000005,1.2375000000000007,50000,5554,0.11108
15041,4.95,-4.5375000000000005,1.6500000000000004,50000,5565,0.1113
15042,4.95,-4.5375000000000005,2.0625,50000,5617,0.11234
15043,4.95,-4.5375000000000005,2.4750000000000005,50000,5684,0.11368
15044,4.95,-4.5375000000000005,2.8875,50000,5542,0.11084
15045,4.95,-4.5375000000000005,3.3,50000,5567,0.11134
15046,4.95,-4.5375000000000005,3.712500000000001,50000,5540,0.1108
15047,4.95,-4.5375000000000005,4.125000000000001,50000,5354,0.10708
15048,4.95,-4.5375000000000005,4.5375000000000005,50000,5333,0.10666
15049,4.95,-4.5375000000000005,4.95,50000,5456,0.10912
15050,4.95,-4.125,-4.95,50000,5499,0.10998
15051,4.95,-4.125,-4.5375000000000005,50000,5465,0.1093
15052,4.95,-4.125,-4.125,50000,5484,0.10968
15053,4.95,-4.125,-3.7125,50000,5545,0.1109
15054,4.95,-4.125,-3.3,50000,5579,0.11158
15055,4.95,-4.125,-2.8875,50000,5475,0.1095
15056,4.95,-4.125,-2.475,50000,5777,0.11554
15057,4.95,-4.125,-2.0625,50000,5684,0.11368
15058,4.95,-4.125,-1.65,50000,5651,0.11302
15059,4.95,-4.125,-1.2374999999999998,50000,5723,0.11446
15060,4.95,-4.125,-0.8250000000000002,50000,5619,0.11238
15061,4.95,-4.125,-0.4124999999999996,50000,5697,0.11394
15062,4.95,-4.125,0.0,50000,5650,0.113
15063,4.95,-4.125,0.4125000000000005,50000,5889,0.11778
15064,4.95,-4.125,0.8250000000000002,50000,5819,0.11638
15065,4.95,-4.125,1.2375000000000007,50000,5583,0.11166
15066,4.95,-4.125,1.6500000000000004,50000,5567,0.11134
15067,4.95,-4.125,2.0625,50000,5697,0.11394
15068,4.95,-4.125,2.4750000000000005,50000,5560,0.1112
15069,4.95,-4.125,2.8875,50000,5577,0.11154
15070,4.95,-4.125,3.3,50000,5649,0.11298
15071,4.95,-4.125,3.712500000000001,50000,5544,0.11088
15072,4.95,-4.125,4.125000000000001,50000,5403,0.10806
15073,4.95,-4.125,4.5375000000000005,50000,5420,0.1084
15074,4.95,-4.125,4.95,50000,5268,0.10536
15075,4.95,-3.7125,-4.95,50000,5539,0.11078
15076,4.95,-3.7125,-4.5375000000000005,50000,5425,0.1085
15077,4.95,-3.7125,-4.125,50000,5455,0.1091
15078,4.95,-3.7125,-3.7125,50000,5568,0.11136
15079,4.95,-3.7125,-3.3,50000,5627,0.11254
15080,4.95,-3.7125,-2.8875,50000,5637,0.11274
15081,4.95,-3.7125,-2.475,50000,5535,0.1107
15082,4.95,-3.7125,-2.0625,50000,5693,0.11386
15083,4.95,-3.7125,-1.65,50000,5651,0.11302
15084,4.95,-3.7125,-1.2374999999999998,50000,5770,0.1154
15085,4.95,-3.7125,-0.8250000000000002,50000,5769,0.11538
15086,4.95,-3.7125,-0.4124999999999996,50000,5728,0.11456
15087,4.95,-3.7125,0.0,50000,5741,0.11482
15088,4.95,-3.7125,0.4125000000000005,50000,5700,0.114
15089,4.95,-3.7125,0.8250000000000002,50000,5807,0.11614
15090,4.95,-3.7125,1.2375000000000007,50000,5712,0.11424
15091,4.95,-3.7125,1.6500000000000004,50000,5728,0.11456
15092,4.95,-3.7125,2.0625,50000,5693,0.11386
15093,4.95,-3.7125,2.4750000000000005,50000,5500,0.11
15094,4.95,-3.7125,2.8875,50000,5614,0.11228
15095,4.95,-3.7125,3.3,50000,5588,0.11176
15096,4.95,-3.7125,3.712500000000001,50000,5408,0.10816
15097,4.95,-3.7125,4.125000000000001,50000,5518,0.11036
15098,4.95,-3.7125,4.5375000000000005,50000,5711,0.11422
15099,4.95,-3.7125,4.95,50000,5523,0.11046
15100,4.95,-3.3,-4.95,50000,5429,0.10858
15101,4.95,-3.3,-4.5375000000000005,50000,5651,0.11302
15102,4.95,-3.3,-4.125,50000,5559,0.11118
15103,4.95,-3.3,-3.7125,50000,5600,0.112
15104,4.95,-3.3,-3.3,50000,5763,0.11526
15105,4.95,-3.3,-2.8875,50000,5670,0.1134
15106,4.95,-3.3,-2.475,50000,5672,0.11344
15107,4.95,-3.3,-2.0625,50000,5646,0.11292
15108,4.95,-3.3,-1.65,50000,5748,0.11496
15109,4.95,-3.3,-1.2374999999999998,50000,5653,0.11306
15110,4.95,-3.3,-0.8250000000000002,50000,5739,0.11478
15111,4.95,-3.3,-0.4124999999999996,50000,5702,0.11404
15112,4.95,-3.3,0.0,50000,5786,0.11572
15113,4.95,-3.3,0.4125000000000005,50000,5910,0.1182
15114,4.95,-3.3,0.8250000000000002,50000,5648,0.11296
15115,4.95,-3.3,1.2375000000000007,50000,5746,0.11492
15116,4.95,-3.3,1.6500000000000004,50000,5779,0.11558
15117,4.95,-3.3,2.0625,50000,5643,0.11286
15118,4.95,-3.3,2.4750000000000005,50000,5679,0.11358
15119,4.95,-3.3,2.8875,50000,5684,0.11368
15120,4.95,-3.3,3.3,50000,5630,0.1126
15121,4.95,-3.3,3.712500000000001,50000,5519,0.11038
15122,4.95,-3.3,4.125000000000001,50000,5526,0.11052
15123,4.95,-3.3,4.5375000000000005,50000,5591,0.11182
15124,4.95,-3.3,4.95,50000,5502,0.11004
15125,4.95,-2.8875,-4.95,50000,5446,0.10892
15126,4.95,-2.8875,-4.5375000000000005,50000,5524,0.11048
15127,4.95,-2.8875,-4.125,50000,5502,0.11004
15128,4.95,-2.8875,-3.7125,50000,5722,0.11444
15129,4.95,-2.8875,-3.3,50000,5709,0.11418
15130,4.95,-2.8875,-2.8875,50000,5730,0.1146
15131,4.95,-2.8875,-2.475,50000,5770,0.1154
15132,4.95,-2.8875,-2.0625,50000,5713,0.11426
15133,4.95,-2.8875,-1.65,50000,5694,0.11388
15134,4.95,-2.8875,-1.2374999999999998,50000,5838,0.11676
15135,4.95,-2.8875,-0.8250000000000002,50000,5652,0.11304
15136,4.95,-2.8875,-0.4124999999999996,50000,5643,0.11286
15137,4.95,-2.8875,0.0,50000,5803,0.11606
15138,4.95,-2.8875,0.4125000000000005,50000,5702,0.11404
15139,4.95,-2.8875,0.8250000000000002,50000,5692,0.11384
15140,4.95,-2.8875,1.2375000000000007,50000,5805,0.1161
15141,4.95,-2.8875,1.6500000000000004,50000,5695,0.1139
15142,4.95,-2.8875,2.0625,50000,5836,0.11672
15143,4.95,-2.8875,2.4750000000000005,50000,5688,0.11376
15144,4.95,-2.8875,2.8875,50000,5721,0.11442
15145,4.95,-2.8875,3.3,50000,5566,0.11132
15146,4.95,-2.8875,3.712500000000001,50000,5651,0.11302
15147,4.95,-2.8875,4.125000000000001,50000,5536,0.11072
15148,4.95,-2.8875,4.5375000000000005,50000,5448,0.10896
15149,4.95,-2.8875,4.95,50000,5491,0.10982
15150,4.95,-2.475,-4.95,50000,5609,0.11218
15151,4.95,-2.475,-4.5375000000000005,50000,5600,0.112
15152,4.95,-2.475,-4.125,50000,5440,0.1088
15153,4.95,-2.475,-3.7125,50000,5589,0.11178
15154,4.95,-2.475,-3.3,50000,5633,0.11266
15155,4.95,-2.475,-2.8875,50000,5718,0.11436
15156,4.95,-2.475,-2.475,50000,5797,0.11594
15157,4.95,-2.475,-2.0625,50000,5829,0.11658
15158,4.95,-2.475,-1.65,50000,5815,0.1163
15159,4.95,-2.475,-1.2374999999999998,50000,5759,0.11518
15160,4.95,-2.475,-0.8250000000000002,50000,5836,0.11672
15161,4.95,-2.475,-0.4124999999999996,50000,5684,0.11368
15162,4.95,-2.475,0.0,50000,5911,0.11822
15163,4.95,-2.475,0.4125000000000005,50000,5767,0.11534
15164,4.95,-2.475,0.8250000000000002,50000,5847,0.11694
15165,4.95,-2.475,1.2375000000000007,50000,5914,0.11828
15166,4.95,-2.475,1.6500000000000004,50000,5795,0.1159
15167,4.95,-2.475,2.0625,50000,5649,0.11298
15168,4.95,-2.475,2.4750000000000005,50000,5599,0.11198
15169,4.95,-2.475,2.8875,50000,5631,0.11262
15170,4.95,-2.475,3.3,50000,5715,0.1143
15171,4.95,-2.475,3.712500000000001,50000,5666,0.11332
15172,4.95,-2.475,4.125000000000001,50000,5523,0.11046
15173,4.95,-2.475,4.5375000000000005,50000,5524,0.11048
15174,4.95,-2.475,4.95,50000,5562,0.11124
15175,4.95,-2.0625,-4.95,50000,5684,0.11368
15176,4.95,-2.0625,-4.5375000000000005,50000,5626,0.11252
15177,4.95,-2.0625,-4.125,50000,5562,0.11124
15178,4.95,-2.0625,-3.7125,50000,5684,0.11368
15179,4.95,-2.0625,-3.3,50000,5713,0.11426
15180,4.95,-2.0625,-2.8875,50000,5790,0.1158
15181,4.95,-2.0625,-2.475,50000,5778,0.11556
15182,4.95,-2.0625,-2.0625,50000,5886,0.11772
15183,4.95,-2.0625,-1.65,50000,5762,0.11524
15184,4.95,-2.0625,-1.2374999999999998,50000,5777,0.11554
15185,4.95,-2.0625,-0.8250000000000002,50000,5821,0.11642
15186,4.95,-2.0625,-0.4124999999999996,50000,5866,0.11732
15187,4.95,-2.0625,0.0,50000,5946,0.11892
15188,4.95,-2.0625,0.4125000000000005,50000,5822,0.11644
15189,4.95,-2.0625,0.8250000000000002,50000,5812,0.11624
15190,4.95,-2.0625,1.2375000000000007,50000,5853,0.11706
15191,4.95,-2.0625,1.6500000000000004,50000,5767,0.11534
15192,4.95,-2.0625,2.0625,50000,5920,0.1184
15193,4.95,-2.0625,2.4750000000000005,50000,5675,0.1135
15194,4.95,-2.0625,2.8875,50000,5834,0.11668
15195,4.95,-2.0625,3.3,50000,5716,0.11432
15196,4.95,-2.0625,3.712500000000001,50000,5740,0.1148
15197,4.95,-2.0625,4.125000000000001,50000,5735,0.1147
15198,4.95,-2.0625,4.5375000000000005,50000,5725,0.1145
15199,4.95,-2.0625,4.95,50000,5567,0.11134
15200,4.95,-1.65,-4.95,50000,5562,0.11124
15201,4.95,-1.65,-4.5375000000000005,50000,5668,0.11336
15202,4.95,-1.65,-4.125,50000,5621,0.11242
15203,4.95,-1.65,-3.7125,50000,5726,0.11452
15204,4.95,-1.65,-3.3,50000,5769,0.11538
15205,4.95,-1.65,-2.8875,50000,5777,0.11554
15206,4.95,-1.65,-2.475,50000,5747,0.11494
15207,4.95,-1.65,-2.0625,50000,5754,0.11508
15208,4.95,-1.65,-1.65,50000,5731,0.11462
15209,4.95,-1.65,-1.2374999999999998,50000,5950,0.119
15210,4.95,-1.65,-0.8250000000000002,50000,5977,0.11954
15211,4.95,-1.65,-0.4124999999999996,50000,5910,0.1182
15212,4.95,-1.65,0.0,50000,5753,0.11506
15213,4.95,-1.65,0.4125000000000005,50000,5728,0.11456
15214,4.95,-1.65,0.8250000000000002,50000,5789,0.11578
15215,4.95,-1.65,1.2375000000000007,50000,5890,0.1178
15216,4.95,-1.65,1.6500000000000004,50000,5733,0.11466
15217,4.95,-1.65,2.0625,50000,5803,0.11606
15218,4.95,-1.65,2.4750000000000005,50000,5832,0.11664
15219,4.95,-1.65,2.8875,50000,5750,0.115
15220,4.95,-1.65,3.3,50000,5898,0.11796
15221,4.95,-1.65,3.712500000000001,50000,5699,0.11398
15222,4.95,-1.65,4.125000000000001,50000,5844,0.11688
15223,4.95,-1.65,4.5375000000000005,50000,5636,0.11272
15224,4.95,-1.65,4.95,50000,5581,0.11162
15225,4.95,-1.2374999999999998,-4.95,50000,5657,0.11314
15226,4.95,-1.2374999999999998,-4.5375000000000005,50000,5730,0.1146
15227,4.95,-1.2374999999999998,-4.125,50000,5783,0.11566
15228,4.95,-1.2374999999999998,-3.7125,50000,5756,0.11512
15229,4.95,-1.2374999999999998,-3.3,50000,5834,0.11668
15230,4.95,-1.2374999999999998,-2.8875,50000,5886,0.11772
15231,4.95,-1.2374999999999998,-2.475,50000,5905,0.1181
15232,4.95,-1.2374999999999998,-2.0625,50000,5873,0.11746
15233,4.95,-1.2374999999999998,-1.65,50000,5843,0.11686
15234,4.95,-1.2374999999999998,-1.2374999999999998,50000,5836,0.11672
15235,4.95,-1.2374999999999998,-0.8250000000000002,50000,6083,0.12166
15236,4.95,-1.2374999999999998,-0.4124999999999996,50000,5970,0.1194
15237,4.95,-1.2374999999999998,0.0,50000,5977,0.11954
15238,4.95,-1.2374999999999998,0.4125000000000005,50000,5914,0.11828
15239,4.95,-1.2374999999999998,0.8250000000000002,50000,5986,0.11972
15240,4.95,-1.2374999999999998,1.2375000000000007,50000,5961,0.11922
15241,4.95,-1.2374999999999998,1.6500000000000004,50000,5904,0.11808
15242,4.95,-1.2374999999999998,2.0625,50000,5906,0.11812
15243,4.95,-1.2374999999999998,2.4750000000000005,50000,5859,0.11718
15244,4.95,-1.2374999999999998,2.8875,50000,5714,0.11428
15245,4.95,-1.2374999999999998,3.3,50000,5728,0.11456
15246,4.95,-1.2374999999999998,3.712500000000001,50000,5668,0.11336
15247,4.95,-1.2374999999999998,4.125000000000001,50000,5733,0.11466
15248,4.95,-1.2374999999999998,4.5375000000000005,50000,5703,0.11406
15249,4.95,-1.2374999999999998,4.95,50000,5673,0.11346
15250,4.95,-0.8250000000000002,-4.95,50000,5647,0.11294
15251,4.95,-0.8250000000000002,-4.5375000000000005,50000,5697,0.11394
15252,4.95,-0.8250000000000002,-4.125,50000,5674,0.11348
15253,4.95,-0.8250000000000002,-3.7125,50000,5728,0.11456
15254,4.95,-0.8250000000000002,-3.3,50000,5799,0.11598
15255,4.95,-0.8250000000000002,-2.8875,50000,5876,0.11752
15256,4.95,-0.8250000000000002,-2.475,50000,5928,0.11856
15257,4.95,-0.8250000000000002,-2.0625,50000,5890,0.1178
15258,4.95,-0.8250000000000002,-1.65,50000,5921,0.11842
15259,4.95,-0.8250000000000002,-1.2374999999999998,50000,6010,0.1202
15260,4.95,-0.8250000000000002,-0.8250000000000002,50000,6111,0.12222
15261,4.95,-0.8250000000000002,-0.4124999999999996,50000,6072,0.12144
15262,4.95,-0.8250000000000002,0.0,50000,6080,0.1216
15263,4.95,-0.8250000000000002,0.4125000000000005,50000,6011,0.12022
15264,4.95,-0.8250000000000002,0.8250000000000002,50000,6142,0.12284
15265,4.95,-0.8250000000000002,1.2375000000000007,50000,6046,0.12092
15266,4.95,-0.8250000000000002,1.6500000000000004,50000,5957,0.11914
15267,4.95,-0.8250000000000002,2.0625,50000,5925,0.1185
15268,4.95,-0.8250000000000002,2.4750000000000005,50000,6012,0.12024
15269,4.95,-0.8250000000000002,2.8875,50000,5865,0.1173
15270,4.95,-0.8250000000000002,3.3,50000,5786,0.11572
15271,4.95,-0.8250000000000002,3.712500000000001,50000,5814,0.11628
15272,4.95,-0.8250000000000002,4.125000000000001,50000,5821,0.11642
15273,4.95,-0.8250000000000002,4.5375000000000005,50000,5643,0.11286
15274,4.95,-0.8250000000000002,4.95,50000,5510,0.1102
15275,4.95,-0.4124999999999996,-4.95,50000,5670,0.1134
15276,4.95,-0.4124999999999996,-4.5375000000000005,50000,5750,0.115
15277,4.95,-0.4124999999999996,-4.125,50000,5791,0.11582
15278,4.95,-0.4124999999999996,-3.7125,50000,5835,0.1167
15279,4.95,-0.4124999999999996,-3.3,50000,5790,0.1158
15280,4.95,-0.4124999999999996,-2.8875,50000,5982,0.11964
15281,4.95,-0.4124999999999996,-2.475,50000,5954,0.11908
15282,4.95,-0.4124999999999996,-2.0625,50000,6006,0.12012
15283,4.95,-0.4124999999999996,-1.65,50000,6033,0.12066
15284,4.95,-0.4124999999999996,-1.2374999999999998,50000,6087,0.12174
15285,4.95,-0.4124999999999996,-0.8250000000000002,50000,5998,0.11996
15286,4.95,-0.4124999999999996,-0.4124999999999996,50000,5983,0.11966
15287,4.95,-0.4124999999999996,0.0,50000,5943,0.11886
15288,4.95,-0.4124999999999996,0.4125000000000005,50000,6026,0.12052
15289,4.95,-0.4124999999999996,0.8250000000000002,50000,6008,0.12016
15290,4.95,-0.4124999999999996,1.2375000000000007,50000,6050,0.121
15291,4.95,-0.4124999999999996,1.6500000000000004,50000,6037,0.12074
15292,4.95,-0.4124999999999996,2.0625,50000,5897,0.11794
15293,4.95,-0.4124999999999996,2.4750000000000005,50000,5953,0.11906
15294,4.95,-0.4124999999999996,2.8875,50000,5928,0.11856
15295,4.95,-0.4124999999999996,3.3,50000,5922,0.11844
15296,4.95,-0.4124999999999996,3.712500000000001,50000,5771,0.11542
15297,4.95,-0.4124999999999996,4.125000000000001,50000,5917,0.11834
15298,4.95,-0.4124999999999996,4.5375000000000005,50000,5577,0.11154
15299,4.95,-0.4124999999999996,4.95,50000,5632,0.11264
15300,4.95,0.0,-4.95,50000,5657,0.11314
15301,4.95,0.0,-4.5375000000000005,50000,5747,0.11494
15302,4.95,0.0,-4.125,50000,5859,0.11718
15303,4.95,0.0,-3.7125,50000,5764,0.11528
15304,4.95,0.0,-3.3,50000,5896,0.11792
15305,4.95,0.0,-2.8875,50000,5909,0.11818
15306,4.95,0.0,-2.475,50000,5879,0.11758
15307,4.95,0.0,-2.0625,50000,6015,0.1203
15308,4.95,0.0,-1.65,50000,6215,0.1243
15309,4.95,0.0,-1.2374999999999998,50000,6108,0.12216
15310,4.95,0.0,-0.8250000000000002,50000,6187,0.12374
15311,4.95,0.0,-0.4124999999999996,50000,6103,0.12206
15312,4.95,0.0,0.0,50000,6123,0.12246
15313,4.95,0.0,0.4125000000000005,50000,6078,0.12156
15314,4.95,0.0,0.8250000000000002,50000,6264,0.12528
15315,4.95,0.0,1.2375000000000007,50000,6068,0.12136
15316,4.95,0.0,1.6500000000000004,50000,6085,0.1217
15317,4.95,0.0,2.0625,50000,6042,0.12084
15318,4.95,0.0,2.4750000000000005,50000,6022,0.12044
15319,4.95,0.0,2.8875,50000,5959,0.11918
15320,4.95,0.0,3.3,50000,5916,0.11832
15321,4.95,0.0,3.712500000000001,50000,5765,0.1153
15322,4.95,0.0,4.125000000000001,50000,5720,0.1144
15323,4.95,0.0,4.5375000000000005,50000,5760,0.1152
15324,4.95,0.0,4.95,50000,5545,0.1109
15325,4.95,0.4125000000000005,-4.95,50000,5678,0.11356
15326,4.95,0.4125000000000005,-4.5375000000000005,50000,5780,0.1156
15327,4.95,0.4125000000000005,-4.125,50000,5612,0.11224
15328,4.95,0.4125000000000005,-3.7125,50000,5811,0.11622
15329,4.95,0.4125000000000005,-3.3,50000,5916,0.11832
15330,4.95,0.4125000000000005,-2.8875,50000,5889,0.11778
15331,4.95,0.4125000000000005,-2.475,50000,5996,0.11992
15332,4.95,0.4125000000000005,-2.0625,50000,6100,0.122
15333,4.95,0.4125000000000005,-1.65,50000,6203,0.12406
15334,4.95,0.4125000000000005,-1.2374999999999998,50000,6197,0.12394
15335,4.95,0.4125000000000005,-0.8250000000000002,50000,6145,0.1229
15336,4.95,0.4125000000000005,-0.4124999999999996,50000,6249,0.12498
15337,4.95,0.4125000000000005,0.0,50000,6096,0.12192
15338,4.95,0.4125000000000005,0.4125000000000005,50000,6386,0.12772
15339,4.95,0.4125000000000005,0.8250000000000002,50000,6144,0.12288
15340,4.95,0.4125000000000005,1.2375000000000007,50000,6124,0.12248
15341,4.95,0.4125000000000005,1.6500000000000004,50000,6064,0.12128
15342,4.95,0.4125000000000005,2.0625,50000,5991,0.11982
15343,4.95,0.4125000000000005,2.4750000000000005,50000,5979,0.11958
15344,4.95,0.4125000000000005,2.8875,50000,5976,0.11952
15345,4.95,0.4125000000000005,3.3,50000,5986,0.11972
15346,4.95,0.4125000000000005,3.712500000000001,50000,5949,0.11898
15347,4.95,0.4125000000000005,4.125000000000001,50000,5869,0.11738
15348,4.95,0.4125000000000005,4.5375000000000005,50000,5718,0.11436
15349,4.95,0.4125000000000005,4.95,50000,5700,0.114
15350,4.95,0.8250000000000002,-4.95,50000,5710,0.1142
15351,4.95,0.8250000000000002,-4.5375000000000005,50000,5669,0.11338
15352,4.95,0.8250000000000002,-4.125,50000,5786,0.11572
15353,4.95,0.8250000000000002,-3.7125,50000,5804,0.11608
15354,4.95,0.8250000000000002,-3.3,50000,5871,0.11742
15355,4.95,0.8250000000000002,-2.8875,50000,5939,0.11878
15356,4.95,0.8250000000000002,-2.475,50000,6009,0.12018
15357,4.95,0.8250000000000002,-2.0625,50000,6139,0.12278
15358,4.95,0.8250000000000002,-1.65,50000,6184,0.12368
15359,4.95,0.8250000000000002,-1.2374999999999998,50000,6178,0.12356
15360,4.95,0.8250000000000002,-0.8250000000000002,50000,6228,0.12456
15361,4.95,0.8250000000000002,-0.4124999999999996,50000,6244,0.12488
15362,4.95,0.8250000000000002,0.0,50000,6357,0.12714
15363,4.95,0.8250000000000002,0.4125000000000005,50000,6260,0.1252
15364,4.95,0.8250000000000002,0.8250000000000002,50000,6197,0.12394
15365,4.95,0.8250000000000002,1.2375000000000007,50000,6158,0.12316
15366,4.95,0.8250000000000002,1.6500000000000004,50000,6110,0.1222
15367,4.95,0.8250000000000002,2.0625,50000,6091,0.12182
15368,4.95,0.8250000000000002,2.4750000000000005,50000,6047,0.12094
15369,4.95,0.8250000000000002,2.8875,50000,6023,0.12046
15370,4.95,0.8250000000000002,3.3,50000,5859,0.11718
15371,4.95,0.8250000000000002,3.712500000000001,50000,5773,0.11546
15372,4.95,0.8250000000000002,4.125000000000001,50000,5664,0.11328
15373,4.95,0.8250000000000002,4.5375000000000005,50000,5704,0.11408
15374,4.95,0.8250000000000002,4.95,50000,5632,0.11264
15375,4.95,1.2375000000000007,-4.95,50000,5558,0.11116
15376,4.95,1.2375000000000007,-4.5375000000000005,50000,5652,0.11304
15377,4.95,1.2375000000000007,-4.125,50000,5673,0.11346
15378,4.95,1.2375000000000007,-3.7125,50000,5736,0.11472
15379,4.95,1.2375000000000007,-3.3,50000,5782,0.11564
15380,4.95,1.2375000000000007,-2.8875,50000,5964,0.11928
15381,4.95,1.2375000000000007,-2.475,50000,6014,0.12028
15382,4.95,1.2375000000000007,-2.0625,50000,6211,0.12422
15383,4.95,1.2375000000000007,-1.65,50000,6164,0.12328
15384,4.95,1.2375000000000007,-1.2374999999999998,50000,6222,0.12444
15385,4.95,1.2375000000000007,-0.8250000000000002,50000,6315,0.1263
15386,4.95,1.2375000000000007,-0.4124999999999996,50000,6409,0.12818
15387,4.95,1.2375000000000007,0.0,50000,6387,0.12774
15388,4.95,1.2375000000000007,0.4125000000000005,50000,6141,0.12282
15389,4.95,1.2375000000000007,0.8250000000000002,50000,6303,0.12606
15390,4.95,1.2375000000000007,1.2375000000000007,50000,6335,0.1267
15391,4.95,1.2375000000000007,1.6500000000000004,50000,6137,0.12274
15392,4.95,1.2375000000000007,2.0625,50000,6218,0.12436
15393,4.95,1.2375000000000007,2.4750000000000005,50000,5940,0.1188
15394,4.95,1.2375000000000007,2.8875,50000,6006,0.12012
15395,4.95,1.2375000000000007,3.3,50000,5879,0.11758
15396,4.95,1.2375000000000007,3.712500000000001,50000,5781,0.11562
15397,4.95,1.2375000000000007,4.125000000000001,50000,5616,0.11232
15398,4.95,1.2375000000000007,4.5375000000000005,50000,5648,0.11296
15399,4.95,1.2375000000000007,4.95,50000,5733,0.11466
15400,4.95,1.6500000000000004,-4.95,50000,5466,0.10932
15401,4.95,1.6500000000000004,-4.5375000000000005,50000,5562,0.11124
15402,4.95,1.6500000000000004,-4.125,50000,5720,0.1144
15403,4.95,1.6500000000000004,-3.7125,50000,5702,0.11404
15404,4.95,1.6500000000000004,-3.3,50000,5805,0.1161
15405,4.95,1.6500000000000004,-2.8875,50000,6177,0.12354
15406,4.95,1.6500000000000004,-2.475,50000,6130,0.1226
15407,4.95,1.6500000000000004,-2.0625,50000,6053,0.12106
15408,4.95,1.6500000000000004,-1.65,50000,6170,0.1234
15409,4.95,1.6500000000000004,-1.2374999999999998,50000,6126,0.12252
15410,4.95,1.6500000000000004,-0.8250000000000002,50000,6369,0.12738
15411,4.95,1.6500000000000004,-0.4124999999999996,50000,6323,0.12646
15412,4.95,1.6500000000000004,0.0,50000,6357,0.12714
15413,4.95,1.6500000000000004,0.4125000000000005,50000,6389,0.12778
15414,4.95,1.6500000000000004,0.8250000000000002,50000,6298,0.12596
15415,4.95,1.6500000000000004,1.2375000000000007,50000,6216,0.12432
15416,4.95,1.6500000000000004,1.6500000000000004,50000,6104,0.12208
15417,4.95,1.6500000000000004,2.0625,50000,6101,0.12202
15418,4.95,1.6500000000000004,2.4750000000000005,50000,5964,0.11928
15419,4.95,1.6500000000000004,2.8875,50000,6032,0.12064
15420,4.95,1.6500000000000004,3.3,50000,5709,0.11418
15421,4.95,1.6500000000000004,3.712500000000001,50000,5762,0.11524
15422,4.95,1.6500000000000004,4.125000000000001,50000,5682,0.11364
15423,4.95,1.6500000000000004,4.5375000000000005,50000,5610,0.1122
15424,4.95,1.6500000000000004,4.95,50000,5572,0.11144
15425,4.95,2.0625,-4.95,50000,5520,0.1104
15426,4.95,2.0625,-4.5375000000000005,50000,5554,0.11108
15427,4.95,2.0625,-4.125,50000,5523,0.11046
15428,4.95,2.0625,-3.7125,50000,5533,0.11066
15429,4.95,2.0625,-3.3,50000,5673,0.11346
15430,4.95,2.0625,-2.8875,50000,5758,0.11516
15431,4.95,2.0625,-2.475,50000,5955,0.1191
15432,4.95,2.0625,-2.0625,50000,6075,0.1215
15433,4.95,2.0625,-1.65,50000,6200,0.124
15434,4.95,2.0625,-1.2374999999999998,50000,6236,0.12472
15435,4.95,2.0625,-0.8250000000000002,50000,6392,0.12784
15436,4.95,2.0625,-0.4124999999999996,50000,6285,0.1257
15437,4.95,2.0625,0.0,50000,6356,0.12712
15438,4.95,2.0625,0.4125000000000005,50000,6435,0.1287
15439,4.95,2.0625,0.8250000000000002,50000,6193,0.12386
15440,4.95,2.0625,1.2375000000000007,50000,6135,0.1227
15441,4.95,2.0625,1.6500000000000004,50000,6177,0.12354
15442,4.95,2.0625,2.0625,50000,5975,0.1195
15443,4.95,2.0625,2.4750000000000005,50000,5965,0.1193
15444,4.95,2.0625,2.8875,50000,5857,0.11714
15445,4.95,2.0625,3.3,50000,5606,0.11212
15446,4.95,2.0625,3.712500000000001,50000,5628,0.11256
15447,4.95,2.0625,4.125000000000001,50000,5579,0.11158
15448,4.95,2.0625,4.5375000000000005,50000,5374,0.10748
15449,4.95,2.0625,4.95,50000,5470,0.1094
15450,4.95,2.4750000000000005,-4.95,50000,5219,0.10438
15451,4.95,2.4750000000000005,-4.5375000000000005,50000,5223,0.10446
15452,4.95,2.4750000000000005,-4.125,50000,5416,0.10832
15453,4.95,2.4750000000000005,-3.7125,50000,5371,0.10742
15454,4.95,2.4750000000000005,-3.3,50000,5431,0.10862
15455,4.95,2.4750000000000005,-2.8875,50000,5641,0.11282
15456,4.95,2.4750000000000005,-2.475,50000,5852,0.11704
15457,4.95,2.4750000000000005,-2.0625,50000,5977,0.11954
15458,4.95,2.4750000000000005,-1.65,50000,6078,0.12156
15459,4.95,2.4750000000000005,-1.2374999999999998,50000,6170,0.1234
15460,4.95,2.4750000000000005,-0.8250000000000002,50000,6286,0.12572
15461,4.95,2.4750000000000005,-0.4124999999999996,50000,6341,0.12682
15462,4.95,2.4750000000000005,0.0,50000,6270,0.1254
15463,4.95,2.4750000000000005,0.4125000000000005,50000,6443,0.12886
15464,4.95,2.4750000000000005,0.8250000000000002,50000,6262,0.12524
15465,4.95,2.4750000000000005,1.2375000000000007,50000,6213,0.12426
15466,4.95,2.4750000000000005,1.6500000000000004,50000,5990,0.1198
15467,4.95,2.4750000000000005,2.0625,50000,5928,0.11856
15468,4.95,2.4750000000000005,2.4750000000000005,50000,6013,0.12026
15469,4.95,2.4750000000000005,2.8875,50000,5570,0.1114
15470,4.95,2.4750000000000005,3.3,50000,5662,0.11324
15471,4.95,2.4750000000000005,3.712500000000001,50000,5535,0.1107
15472,4.95,2.4750000000000005,4.125000000000001,50000,5387,0.10774
15473,4.95,2.4750000000000005,4.5375000000000005,50000,5504,0.11008
15474,4.95,2.4750000000000005,4.95,50000,5179,0.10358
15475,4.95,2.8875,-4.95,50000,5025,0.1005
15476,4.95,2.8875,-4.5375000000000005,50000,4961,0.09922
15477,4.95,2.8875,-4.125,50000,5125,0.1025
15478,4.95,2.8875,-3.7125,50000,5168,0.10336
15479,4.95,2.8875,-3.3,50000,5276,0.10552
15480,4.95,2.8875,-2.8875,50000,5567,0.11134
15481,4.95,2.8875,-2.475,50000,5636,0.11272
15482,4.95,2.8875,-2.0625,50000,5887,0.11774
15483,4.95,2.8875,-1.65,50000,5957,0.11914
15484,4.95,2.8875,-1.2374999999999998,50000,6041,0.12082
15485,4.95,2.8875,-0.8250000000000002,50000,6251,0.12502
15486,4.95,2.8875,-0.4124999999999996,50000,6167,0.12334
15487,4.95,2.8875,0.0,50000,6188,0.12376
15488,4.95,2.8875,0.4125000000000005,50000,6167,0.12334
15489,4.95,2.8875,0.8250000000000002,50000,6111,0.12222
15490,4.95,2.8875,1.2375000000000007,50000,5971,0.11942
15491,4.95,2.8875,1.6500000000000004,50000,5917,0.11834
15492,4.95,2.8875,2.0625,50000,5859,0.11718
15493,4.95,2.8875,2.4750000000000005,50000,5663,0.11326
15494,4.95,2.8875,2.8875,50000,5552,0.11104
15495,4.95,2.8875,3.3,50000,5320,0.1064
15496,4.95,2.8875,3.712500000000001,50000,5142,0.10284
15497,4.95,2.8875,4.125000000000001,50000,5077,0.10154
15498,4.95,2.8875,4.5375000000000005,50000,5010,0.1002
15499,4.95,2.8875,4.95,50000,4950,0.099
15500,4.95,3.3,-4.95,50000,4702,0.09404
15501,4.95,3.3,-4.5375000000000005,50000,4652,0.09304
15502,4.95,3.3,-4.125,50000,4776,0.09552
15503,4.95,3.3,-3.7125,50000,4866,0.09732
15504,4.95,3.3,-3.3,50000,4935,0.0987
15505,4.95,3.3,-2.8875,50000,5214,0.10428
15506,4.95,3.3,-2.475,50000,5473,0.10946
15507,4.95,3.3,-2.0625,50000,5522,0.11044
15508,4.95,3.3,-1.65,50000,5707,0.11414
15509,4.95,3.3,-1.2374999999999998,50000,5706,0.11412
15510,4.95,3.3,-0.8250000000000002,50000,5742,0.11484
15511,4.95,3.3,-0.4124999999999996,50000,5954,0.11908
15512,4.95,3.3,0.0,50000,5842,0.11684
15513,4.95,3.3,0.4125000000000005,50000,5931,0.11862
15514,4.95,3.3,0.8250000000000002,50000,5842,0.11684
15515,4.95,3.3,1.2375000000000007,50000,5885,0.1177
15516,4.95,3.3,1.6500000000000004,50000,5616,0.11232
15517,4.95,3.3,2.0625,50000,5611,0.11222
15518,4.95,3.3,2.4750000000000005,50000,5504,0.11008
15519,4.95,3.3,2.8875,50000,5273,0.10546
15520,4.95,3.3,3.3,50000,5118,0.10236
15521,4.95,3.3,3.712500000000001,50000,4858,0.09716
15522,4.95,3.3,4.125000000000001,50000,4907,0.09814
15523,4.95,3.3,4.5375000000000005,50000,4663,0.09326
15524,4.95,3.3,4.95,50000,4649,0.09298
15525,4.95,3.712500000000001,-4.95,50000,4288,0.08576
15526,4.95,3.712500000000001,-4.5375000000000005,50000,4268,0.08536
15527,4.95,3.712500000000001,-4.125,50000,4381,0.08762
15528,4.95,3.712500000000001,-3.7125,50000,4518,0.09036
15529,4.95,3.712500000000001,-3.3,50000,4590,0.0918
15530,4.95,3.712500000000001,-2.8875,50000,4778,0.09556
15531,4.95,3.712500000000001,-2.475,50000,4808,0.09616
15532,4.95,3.712500000000001,-2.0625,50000,5202,0.10404
15533,4.95,3.712500000000001,-1.65,50000,5226,0.10452
15534,4.95,3.712500000000001,-1.2374999999999998,50000,5448,0.10896
15535,4.95,3.712500000000001,-0.8250000000000002,50000,5463,0.10926
15536,4.95,3.712500000000001,-0.4124999999999996,50000,5519,0.11038
15537,4.95,3.712500000000001,0.0,50000,5456,0.10912
15538,4.95,3.712500000000001,0.4125000000000005,50000,5483,0.10966
15539,4.95,3.712500000000001,0.8250000000000002,50000,5443,0.10886
15540,4.95,3.712500000000001,1.2375000000000007,50000,5283,0.10566
15541,4.95,3.712500000000001,1.6500000000000004,50000,5335,0.1067
15542,4.95,3.712500000000001,2.0625,50000,5229,0.10458
15543,4.95,3.712500000000001,2.4750000000000005,50000,4918,0.09836
15544,4.95,3.712500000000001,2.8875,50000,4926,0.09852
15545,4.95,3.712500000000001,3.3,50000,4502,0.09004
15546,4.95,3.712500000000001,3.712500000000001,50000,4375,0.0875
15547,4.95,3.712500000000001,4.125000000000001,50000,4362,0.08724
15548,4.95,3.712500000000001,4.5375000000000005,50000,4260,0.0852
15549,4.95,3.712500000000001,4.95,50000,4149,0.08298
15550,4.95,4.125000000000001,-4.95,50000,3824,0.07648
15551,4.95,4.125000000000001,-4.5375000000000005,50000,3923,0.07846
15552,4.95,4.125000000000001,-4.125,50000,3757,0.07514
15553,4.95,4.125000000000001,-3.7125,50000,3911,0.07822
15554,4.95,4.125000000000001,-3.3,50000,4046,0.08092
15555,4.95,4.125000000000001,-2.8875,50000,4196,0.08392
15556,4.95,4.125000000000001,-2.475,50000,4454,0.08908
15557,4.95,4.125000000000001,-2.0625,50000,4500,0.09
15558,4.95,4.125000000000001,-1.65,50000,4644,0.09288
15559,4.95,4.125000000000001,-1.2374999999999998,50000,4702,0.09404
15560,4.95,4.125000000000001,-0.8250000000000002,50000,4697,0.09394
15561,4.95,4.125000000000001,-0.4124999999999996,50000,4614,0.09228
15562,4.95,4.125000000000001,0.0,50000,4833,0.09666
15563,4.95,4.125000000000001,0.4125000000000005,50000,4703,0.09406
15564,4.95,4.125000000000001,0.8250000000000002,50000,4849,0.09698
15565,4.95,4.125000000000001,1.2375000000000007,50000,4552,0.09104
15566,4.95,4.125000000000001,1.6500000000000004,50000,4514,0.09028
15567,4.95,4.125000000000001,2.0625,50000,4809,0.09618
15568,4.95,4.125000000000001,2.4750000000000005,50000,4473,0.08946
15569,4.95,4.125000000000001,2.8875,50000,4119,0.08238
15570,4.95,4.125000000000001,3.3,50000,4058,0.08116
15571,4.95,4.125000000000001,3.712500000000001,50000,3953,0.07906
15572,4.95,4.125000000000001,4.125000000000001,50000,3927,0.07854
15573,4.95,4.125000000000001,4.5375000000000005,50000,3652,0.07304
15574,4.95,4.125000000000001,4.95,50000,3722,0.07444
15575,4.95,4.5375000000000005,-4.95,50000,3175,0.0635
15576,4.95,4.5375000000000005,-4.5375000000000005,50000,3042,0.06084
15577,4.95,4.5375000000000005,-4.125,50000,3241,0.06482
15578,4.95,4.5375000000000005,-3.7125,50000,3270,0.0654
15579,4.95,4.5375000000000005,-3.3,50000,3351,0.06702
15580,4.95,4.5375000000000005,-2.8875,50000,3422,0.06844
15581,4.95,4.5375000000000005,-2.475,50000,3578,0.07156
15582,4.95,4.5375000000000005,-2.0625,50000,3729,0.07458
15583,4.95,4.5375000000000005,-1.65,50000,3747,0.07494
15584,4.95,4.5375000000000005,-1.2374999999999998,50000,3836,0.07672
15585,4.95,4.5375000000000005,-0.8250000000000002,50000,3953,0.07906
15586,4.95,4.5375000000000005,-0.4124999999999996,50000,3920,0.0784
15587,4.95,4.5375000000000005,0.0,50000,3814,0.07628
15588,4.95,4.5375000000000005,0.4125000000000005,50000,3931,0.07862
15589,4.95,4.5375000000000005,0.8250000000000002,50000,3835,0.0767
15590,4.95,4.5375000000000005,1.2375000000000007,50000,3812,0.07624
15591,4.95,4.5375000000000005,1.6500000000000004,50000,3708,0.07416
15592,4.95,4.5375000000000005,2.0625,50000,3620,0.0724
15593,4.95,4.5375000000000005,2.4750000000000005,50000,3644,0.07288
15594,4.95,4.5375000000000005,2.8875,50000,3523,0.07046
15595,4.95,4.5375000000000005,3.3,50000,3318,0.06636
15596,4.95,4.5375000000000005,3.712500000000001,50000,3253,0.06506
15597,4.95,4.5375000000000005,4.125000000000001,50000,3191,0.06382
15598,4.95,4.5375000000000005,4.5375000000000005,50000,3117,0.06234
15599,4.95,4.5375000000000005,4.95,50000,3110,0.0622
15600,4.95,4.95,-4.95,50000,2084,0.04168
15601,4.95,4.95,-4.5375000000000005,50000,2182,0.04364
15602,4.95,4.95,-4.125,50000,2282,0.04564
15603,4.95,4.95,-3.7125,50000,2358,0.04716
15604,4.95,4.95,-3.3,50000,2420,0.0484
15605,4.95,4.95,-2.8875,50000,2452,0.04904
15606,4.95,4.95,-2.475,50000,2568,0.05136
15607,4.95,4.95,-2.0625,50000,2633,0.05266
15608,4.95,4.95,-1.65,50000,2608,0.05216
15609,4.95,4.95,-1.2374999999999998,50000,2618,0.05236
15610,4.95,4.95,-0.8250000000000002,50000,2550,0.051
15611,4.95,4.95,-0.4124999999999996,50000,2770,0.0554
15612,4.95,4.95,0.0,50000,2614,0.05228
15613,4.95,4.95,0.4125000000000005,50000,2622,0.05244
15614,4.95,4.95,0.8250000000000002,50000,2611,0.05222
15615,4.95,4.95,1.2375000000000007,50000,2513,0.05026
15616,4.95,4.95,1.6500000000000004,50000,2550,0.051
15617,4.95,4.95,2.0625,50000,2537,0.05074
15618,4.95,4.95,2.4750000000000005,50000,2508,0.05016
15619,4.95,4.95,2.8875,50000,2440,0.0488
15620,4.95,4.95,3.3,50000,2426,0.04852
15621,4.95,4.95,3.712500000000001,50000,2451,0.04902
15622,4.95,4.95,4.125000000000001,50000,2302,0.04604
15623,4.95,4.95,4.5375000000000005,50000,2092,0.04184
15624,4.95,4.95,4.95,50000,2208,0.04416
